Date,Song,Artist,Failed Reason
8/25/1958,Little Brass Band,David Seville,No suitable video
8/25/1958,The Green Mosquito,The Tune Rockers,No suitable video
8/18/1958,Put A Ring On My Finger,Les Paul And Mary Ford,No suitable video
9/22/1958,Real Wild Child,Ivan,No suitable video
8/4/1958,Angel Baby,Dean Martin,No suitable video
9/15/1958,Break-Up,Jerry Lee Lewis And His Pumping Piano,No suitable video
8/4/1958,I Wonder Why,Dion & The Belmonts,No suitable video
8/25/1958,The Ways Of A Woman In Love,Johnny Cash And The Tennessee Two,No suitable video
9/8/1958,I'll Make It All Up To You,Jerry Lee Lewis And His Pumping Piano,No suitable video
8/4/1958,Splish Splash,Bobby Darin,No suitable video
10/6/1958,Queen Of The Hop,Bobby Darin,No suitable video
8/4/1958,Return To Me,Dean Martin,No suitable video
8/11/1958,Looking Back,Nat King Cole,No suitable video
9/1/1958,Please Don't Do It,Dale Wright And The Wright Guys With the Dons,No suitable video
8/4/1958,High School Confidential,Jerry Lee Lewis And His Pumping Piano,No suitable video
11/3/1958,Dreamy Eyes,Johnny Tillotson,No suitable video
1/5/1959,Tall Paul,Annette With The Afterbeats,No suitable video
11/24/1958,Intermission Riff,Bernie Lowe Orchestra,No suitable video
1/12/1959,Good Rockin' Tonight,Pat Boone,No suitable video
10/13/1958,Non Dimenticar (Don't Forget),Nat King Cole,No suitable video
12/1/1958,The Chipmunk Song,The Chipmunks With David Seville,No suitable video
12/22/1958,The Reason,The 5 Chanels,No suitable video
1/19/1959,I'll Sail My Ship Alone,Jerry Lee Lewis And His Pumping Piano,No suitable video
4/6/1959,Only You,Franck Pourcel's French Fiddles,No suitable video
2/9/1959,Nola,The Morgan Brothers,No suitable video
3/23/1959,Come Softly To Me,Ronnie Height,No suitable video
3/23/1959,Tell Him No,Dean & Marc,No suitable video
1/12/1959,The Children's Marching Song (Nick Nack Taddy Whack),Cyril Stapleton And His Orchestra,No suitable video
2/9/1959,(Night Time Is) The Right Time,Ray Charles with the Raylettes,No suitable video
4/27/1959,Gidget,Jimmy Darren,No suitable video
3/30/1959,I Miss You So,Paul Anka,No suitable video
7/6/1959,What Is Love?,The Playmates,No suitable video
5/11/1959,Love Me In The Daytime,Doris Day,No suitable video
4/20/1959,Dream Lover,Bobby Darin,No suitable video
7/27/1959,Who Shot Sam,George Jones,No suitable video
7/6/1959,What'd I Say (Part I & II),Ray Charles and his Orchestra,No suitable video
8/10/1959,Furry Murray,The Tradewinds,No suitable video
8/3/1959,Angel Face,Jimmy Darren,No suitable video
8/17/1959,A Girl's Work Is Never Done,The Chordettes,No suitable video
8/3/1959,"I Loves You, Porgy",Nina Simone,No suitable video
5/4/1959,White Lightning,George Jones,No suitable video
6/15/1959,High Hopes,"Frank Sinatra ""and a bunch of kids""",No suitable video
8/24/1959,Mack The Knife,Bobby Darin,No suitable video
9/7/1959,Battle Hymn Of The Republic,The Mormon Tabernacle Choir,No suitable video
11/30/1959,Shadows,5 Satins,No suitable video
10/5/1959,Bad Girl,The Miracles,No suitable video
10/26/1959,My Heart Became Of Age,Annette With The Afterbeats,No suitable video
1/4/1960,In The Still Of The Nite,The Five Satins,No suitable video
12/14/1959,The Chipmunk Song (Christmas Don't Be Late),David Seville And The Chipmunks,No suitable video
1/18/1960,The Happy Muleteer,Ivo Robic,No suitable video
1/25/1960,I'll Take Care Of You,Bobby Bland,No suitable video
1/18/1960,Beyond The Sea,Bobby Darin,No suitable video
2/15/1960,Baby What You Want Me To Do,Jimmy Reed,No suitable video
2/15/1960,(Do The) Mashed Potatoes (Part 1),Nat Kendrick And The Swans,No suitable video
2/22/1960,Mama,Connie Francis,No suitable video
3/7/1960,Suddenly,Nickey DeMatteo,No suitable video
2/22/1960,Anyway The Wind Blows,Doris Day,No suitable video
3/21/1960,Shazam!,Duane Eddy His Twangy Guitar And The Rebels,No suitable video
4/18/1960,Cathy's Clown,The Everly Brothers,No suitable video
3/28/1960,I Need You Now,100 Strings and Jono (Choir of 40 Voices),No suitable video
5/23/1960,Found Love,Jimmy Reed,No suitable video
5/2/1960,Mack The Knife,Ella Fitzgerald,No suitable video
5/23/1960,Won't You Come Home Bill Bailey,Bobby Darin,No suitable video
6/6/1960,Image Of A Girl,Safaris with The Phantom's Band,No suitable video
8/1/1960,The Twist,Chubby Checker,No suitable video
8/1/1960,If I Can't Have You,Etta & Harvey,No suitable video
5/30/1960,When Will I Be Loved,The Everly Brothers,No suitable video
5/16/1960,Always It's You,The Everly Brothers,No suitable video
6/6/1960,The Yen Yet Song,Gary Cane And His Friends,No suitable video
9/5/1960,Nobody Knows You When You're Down And Out,Nina Simone,No suitable video
10/10/1960,Hush-Hush,Jimmy Reed,No suitable video
5/16/1960,Ebb Tide,The Platters Featuring Tony Williams,No suitable video
10/3/1960,Stay,Maurice Williams & The Zodiacs,No suitable video
11/14/1960,The Big Time Spender (Parts I & II),Cornbread & Biscuits,No suitable video
11/28/1960,Ramona,The Blue Diamonds,No suitable video
12/19/1960,Rudolph The Red Nosed Reindeer,The Melodeers,No suitable video
11/21/1960,Ruby,Ray Charles,No suitable video
10/24/1960,A Thousand Stars,Kathy Young With The Innocents,No suitable video
12/12/1960,Shop Around,"The Miracles (featuring Bill ""Smokey"" Robinson)",No suitable video
1/2/1961,Oh Lonesome Me,Johnny Cash With The Gene Lowery Singers,No suitable video
1/23/1961,The Exodus Song (This Land Is Mine),Pat Boone,No suitable video
1/16/1961,Them That Got,Ray Charles and his Orchestra,No suitable video
1/30/1961,Close Together,Jimmy Reed,No suitable video
2/6/1961,Walk Right Back,The Everly Brothers,No suitable video
3/6/1961,Tonight I Fell In Love,The Tokens,No suitable video
3/6/1961,Hide Away,Freddy King,No suitable video
3/27/1961,Green Grass Of Texas,The Texans,No suitable video
4/3/1961,What'd I Say,Jerry Lee Lewis And His Pumping Piano,No suitable video
4/24/1961,I'm A Fool To Care,Oscar Black,No suitable video
5/15/1961,Here's My Confession,Wyatt (Earp) McPherson,No suitable video
6/12/1961,Watch Your Step,Bobby Parker,No suitable video
4/24/1961,What A Surprise,Johnny Maestro The Voice Of The Crests,No suitable video
4/24/1961,Jura (I Swear I Love You),Les Paul And Mary Ford,No suitable video
5/8/1961,A Love Of My Own,Carla Thomas,No suitable video
5/8/1961,Stand By Me,Ben E. King,No suitable video
6/19/1961,Let's Twist Again,Chubby Checker,No suitable video
7/31/1961,Dedicated (To The Songs I Love),The 3 Friends,No suitable video
7/31/1961,The Mountain's High,Dick and DeeDee,No suitable video
7/3/1961,Tender Years,George Jones,No suitable video
5/29/1961,Big Boss Man,Jimmy Reed,No suitable video
9/4/1961,You Must Have Been A Beautiful Baby,Bobby Darin,No suitable video
9/11/1961,"Signed, Sealed And Delivered",Rusty Draper,No suitable video
10/2/1961,Everlovin',Rick Nelson,No suitable video
10/2/1961,Pocketful Of Rainbows,Deane Hawley,No suitable video
9/11/1961,Anniversary Of Love,The Caslons,No suitable video
9/18/1961,Bright Lights Big City,Jimmy Reed,No suitable video
10/9/1961,The Door To Paradise,Bobby Rydell,No suitable video
10/23/1961,Crazy,Patsy Cline,No suitable video
10/16/1961,Young Boy Blues,Ben E. King,No suitable video
10/16/1961,Goodbye Cruel World,James Darren,No suitable video
11/13/1961,The Lion Sleeps Tonight,The Tokens,No suitable video
11/27/1961,Unchain My Heart,Ray Charles and his Orchestra,No suitable video
12/18/1961,Pushin' Your Luck,Sleepy King,No suitable video
1/6/1962,The Little Drummer Boy,The Jack Halloran Singers,No suitable video
12/4/1961,Small Sad Sam,Phil McLean,No suitable video
12/4/1961,The Majestic,Dion,No suitable video
1/20/1962,Oliver Twist,Rod McKuen,No suitable video
1/20/1962,Nite Owl,Dukays,No suitable video
1/13/1962,Crying In The Rain,The Everly Brothers,No suitable video
1/27/1962,"Aw Shucks, Hush Your Mouth",Jimmy Reed,No suitable video
1/20/1962,Where Have All The Flowers Gone,The Kingston Trio,No suitable video
2/3/1962,Her Royal Majesty,James Darren,No suitable video
2/10/1962,B'wa Nina (Pretty Girl),The Tokens,No suitable video
3/17/1962,Tell Me,Dick and DeeDee,No suitable video
4/14/1962,Conscience,James Darren,No suitable video
3/3/1962,Young World,Rick Nelson,No suitable video
3/17/1962,She Cried,Jay & The Americans,No suitable video
4/14/1962,March Of The Siamese Children,Kenny Ball and his Jazzmen,No suitable video
4/7/1962,Hide 'Nor Hair,Ray Charles and his Orchestra,No suitable video
4/21/1962,I Sold My Heart To The Junkman,The Blue-Belles,No suitable video
4/21/1962,(I was) Born To Cry,Dion,No suitable video
4/14/1962,Night Train,James Brown And The Famous Flames,No suitable video
4/28/1962,I Love You,The Volume's,No suitable video
4/28/1962,Here Comes That Feelin',Brenda Lee,No suitable video
5/12/1962,I'll Try Something New,The Miracles,No suitable video
5/19/1962,Where Are You,Dinah Washington,No suitable video
5/12/1962,Palisades Park,Freddy Cannon,No suitable video
4/28/1962,(The Man Who Shot) Liberty Valance,Gene Pitney,No suitable video
5/5/1962,Oh My Angel,Bertha Tillman,No suitable video
6/16/1962,Speedy Gonzales,Pat Boone,No suitable video
6/16/1962,Bongo Stomp,Little Joey And The Flips,No suitable video
6/30/1962,La Bomba,The Tokens,No suitable video
6/30/1962,"Ahab, The Arab",Ray Stevens,No suitable video
6/30/1962,Mary's Little Lamb,James Darren,No suitable video
6/23/1962,Good Lover,Jimmy Reed,No suitable video
7/7/1962,Why Did You Leave Me?,Vince Edwards,No suitable video
6/30/1962,It Started All Over Again,Brenda Lee,No suitable video
8/11/1962,Teen Age Idol,Rick Nelson,No suitable video
8/18/1962,Limbo,The Capris,No suitable video
8/11/1962,Send Me The Pillow You Dream On,Johnny Tillotson,No suitable video
8/18/1962,You Can't Judge A Book By The Cover,Bo Diddley,No suitable video
7/28/1962,Sheila,Tommy Roe,No suitable video
8/25/1962,Beach Party,Dave York and The Beachcombers,No suitable video
9/15/1962,Bonanza!,Johnny Cash,No suitable video
9/15/1962,What Time Is It?,The Jive Five With Eugene Pitts,No suitable video
9/15/1962,Sweet Little Sixteen,Jerry Lee Lewis,No suitable video
9/29/1962,Desafinado,Stan Getz/Charlie Byrd,No suitable video
10/13/1962,Mama Sang A Song,Stan Kenton,No suitable video
10/13/1962,Further More,Ray Stevens,No suitable video
9/29/1962,I've Been Everywhere,Hank Snow,No suitable video
10/13/1962,Hail To The Conquering Hero,James Darren,No suitable video
11/17/1962,A Little Bit Now (A Little Bit Later),The Majors,No suitable video
10/20/1962,Don't Ask Me To Be Friends,The Everly Brothers,No suitable video
11/10/1962,Love Came To Me,Dion,No suitable video
11/24/1962,I May Not Live To See Tomorrow,Brian Hyland,No suitable video
12/8/1962,Let Me Go The Right Way,The Supremes,No suitable video
12/8/1962,You've Really Got A Hold On Me,The Miracles,No suitable video
12/8/1962,Don't Make Me Over,Dionne Warwick,No suitable video
2/9/1963,Pin A Medal On Joey,James Darren,No suitable video
1/5/1963,I Will Live My Life For You,Tony Bennett,No suitable video
2/16/1963,Mr. Bass Man,Johnny Cymbal,No suitable video
12/15/1962,It's Up To You,Rick Nelson,No suitable video
2/23/1963,I'm In Love Again,Rick Nelson,No suitable video
1/19/1963,The Lone Teen Ranger,Jerry Landis,No suitable video
3/9/1963,You Don't Love Me Anymore (And I Can Tell),Rick Nelson,No suitable video
3/2/1963,Sax Fifth Avenue,Johnny Beecher and his Buckingham Road Quintet,No suitable video
3/16/1963,Puff (The Magic Dragon),"Peter, Paul & Mary",No suitable video
3/16/1963,Young And In Love,Dick and DeeDee,No suitable video
3/9/1963,Meditation (Meditacao),Pat Boone,No suitable video
3/23/1963,I Will Follow Him,Little Peggy March,No suitable video
3/23/1963,Mecca,Gene Pitney,No suitable video
3/30/1963,Bony Moronie,The Appalachians,No suitable video
4/13/1963,Memory Lane,The Hippies (Formerly The Tams),No suitable video
3/30/1963,Funny Man,Ray Stevens,No suitable video
4/13/1963,Still,Bill Anderson,No suitable video
3/30/1963,A Love She Can Count On,The Miracles,No suitable video
4/20/1963,Prisoner Of Love,James Brown And The Famous Flames,No suitable video
4/20/1963,Ain't That A Shame!,The 4 Seasons,No suitable video
4/27/1963,You Can't Sit Down,The Dovells,No suitable video
4/6/1963,Come And Get These Memories,Martha & The Vandellas,No suitable video
4/13/1963,"Shame, Shame, Shame",Jimmy Reed,No suitable video
5/11/1963,Soon (I'll Be Home Again),The 4 Seasons Featuring Frankie Valli,No suitable video
5/25/1963,These Arms Of Mine,Otis Redding,No suitable video
4/20/1963,Another Saturday Night,Sam Cooke,No suitable video
5/25/1963,I Know I Know,"""Pookie"" Hudson",No suitable video
6/22/1963,Yeh-Yeh!,Mongo Santamaria Orch.,No suitable video
7/20/1963,Still No. 2,Ben Colder,No suitable video
6/22/1963,Fingertips - Pt 2,Little Stevie Wonder,No suitable video
7/13/1963,Marlena,The 4 Seasons,No suitable video
6/15/1963,Harry The Hairy Ape,Ray Stevens,No suitable video
7/27/1963,"Que Sera, Sera (Whatever Will Be, Will Be)",The High Keyes,No suitable video
8/3/1963,Dum Dum Dee Dum,Johnny Cymbal,No suitable video
6/29/1963,Blowin' In The Wind,"Peter, Paul & Mary",No suitable video
8/3/1963,Heat Wave,Martha & The Vandellas,No suitable video
10/5/1963,Where Did The Good Times Go,Dick and DeeDee,No suitable video
8/31/1963,"That Sunday, That Summer",Nat King Cole,No suitable video
10/5/1963,That's The Only Way,The 4 Seasons,No suitable video
8/17/1963,Mickey's Monkey,The Miracles,No suitable video
8/24/1963,Hear The Bells,The Tokens,No suitable video
10/12/1963,"Signed, Sealed, And Delivered",James Brown And The Famous Flames,No suitable video
10/12/1963,Detroit City No. 2,Ben Colder,No suitable video
11/23/1963,I Gotta Dance To Keep From Crying,The Miracles,No suitable video
11/9/1963,Talk Back Trembling Lips,Johnny Tillotson,No suitable video
10/5/1963,New Mexican Rose,The 4 Seasons,No suitable video
11/9/1963,Saltwater Taffy,Morty Jay And The Surferin' Cats,No suitable video
11/9/1963,Forget Him,Bobby Rydell,No suitable video
1/4/1964,Java,Al (He's the King) Hirt,No suitable video
12/28/1963,"My One And Only, Jimmy Boy",The Girlfriends,No suitable video
11/23/1963,Turn Around,Dick and DeeDee,No suitable video
10/12/1963,Cuando Calienta El Sol (When The Sun Is Hot),Steve Allen and His Orchestra with The Copacabana Trio,No suitable video
11/30/1963,Today's Teardrops,Rick Nelson,No suitable video
12/28/1963,For You,Rick Nelson,No suitable video
1/18/1964,Slipin' And Slidin',Jim and Monica,No suitable video
1/4/1964,You'll Never Walk Alone,Patti LaBelle And The Blue Belles,No suitable video
1/25/1964,She Loves You,The Beatles,No suitable video
12/14/1963,Surfer Street,The Allisons,No suitable video
11/23/1963,Quicksand,Martha & The Vandellas,No suitable video
1/25/1964,Good News,Sam Cooke,No suitable video
2/8/1964,I Didn't Know What Time It Was,The Crampton Sisters,No suitable video
1/18/1964,I Want To Hold Your Hand,The Beatles,No suitable video
2/8/1964,Strange Things Happening,Little Jr. Parker,No suitable video
2/1/1964,Long Gone Lonesome Blues,Hank Williams Jr.,No suitable video
2/1/1964,Please Please Me,The Beatles,No suitable video
2/8/1964,I Saw Her Standing There,The Beatles,No suitable video
2/1/1964,Can Your Monkey Do The Dog,Rufus Thomas,No suitable video
2/1/1964,I Love You More And More Every Day,Al Martino,No suitable video
2/22/1964,All My Trials,Dick and DeeDee,No suitable video
2/15/1964,Young And In Love,Chris Crosby,No suitable video
2/8/1964,Live Wire,Martha & The Vandellas,No suitable video
2/22/1964,Out Of Sight - Out Of Mind,Sunny & The Sunliners,No suitable video
2/22/1964,"Baby, Don't You Cry (The New Swingova Rhythm)",Ray Charles and his Orchestra,No suitable video
3/7/1964,(You Can't Let The Boy Overpower) The Man In You,The Miracles,No suitable video
3/7/1964,Dead Man's Curve,Jan & Dean,No suitable video
3/14/1964,Twist And Shout,The Beatles,No suitable video
3/21/1964,Roll Over Beethoven,The Beatles,No suitable video
3/7/1964,Needles And Pins,The Searchers,No suitable video
3/7/1964,From Me To You,The Beatles,No suitable video
3/28/1964,Do You Want To Know A Secret,The Beatles,No suitable video
3/28/1964,Vanishing Point,The Marketts,No suitable video
3/28/1964,How Blue Can You Get,B.B. King And His Orchestra,No suitable video
4/4/1964,Thank You Girl,The Beatles,No suitable video
4/4/1964,You Can't Do That,The Beatles,No suitable video
3/28/1964,All My Loving,The Beatles,No suitable video
5/2/1964,"I Rise, I Fall",Johnny Tillotson,No suitable video
4/11/1964,Love Me Do,The Beatles,No suitable video
4/18/1964,Wrong For Each Other,Andy Williams,No suitable video
4/11/1964,Ronnie,"The 4 Seasons Featuring the ""Sound of Frankie Valli""",No suitable video
4/11/1964,There's A Place,The Beatles,No suitable video
4/11/1964,In My Lonely Room,Martha & The Vandellas,No suitable video
5/9/1964,P.S. I Love You,The Beatles,No suitable video
5/23/1964,Don't Let The Sun Catch You Crying,Gerry And The Pacemakers,No suitable video
5/30/1964,My Baby Don't Dig Me,Ray Charles and his Orchestra,No suitable video
5/23/1964,I Get Around,The Beach Boys,No suitable video
4/11/1964,I'm On Fire,Jerry Lee Lewis,No suitable video
5/30/1964,The First Night Of The Full Moon,Jack Jones,No suitable video
5/30/1964,Be My Girl,The Four-Evers,No suitable video
6/6/1964,My Dreams,Brenda Lee,No suitable video
6/6/1964,Alone,The 4 Seasons,No suitable video
6/6/1964,Good Times,Sam Cooke,No suitable video
6/6/1964,The Girl From Ipanema,Stan Getz/Astrud Gilberto,No suitable video
6/20/1964,"Mixed-Up, Shook-Up, Girl",Patty & The Emblems,No suitable video
6/27/1964,I Like It Like That,The Miracles,No suitable video
7/4/1964,You're My Remedy,The Marvelettes,No suitable video
6/27/1964,Sie Liebt Dich (She Loves You),Die Beatles,No suitable video
6/20/1964,Rag Doll,"The 4 Seasons Featuring the ""Sound of Frankie Valli""",No suitable video
7/18/1964,It Hurts To Be In Love,Gene Pitney,No suitable video
6/13/1964,Dang Me,Roger Miller,No suitable video
6/20/1964,Wishin' And Hopin',Dusty Springfield,No suitable video
7/4/1964,All My Loving,The Hollyridge Strings,No suitable video
7/11/1964,I'm The One,Gerry And The Pacemakers,No suitable video
7/11/1964,How Do You Do It?,Gerry And The Pacemakers,No suitable video
8/1/1964,I'll Cry Instead,The Beatles,No suitable video
7/18/1964,Worry,Johnny Tillotson,No suitable video
8/1/1964,I'm Happy Just To Dance With You,The Beatles,No suitable video
7/25/1964,I Should Have Known Better,The Beatles,No suitable video
8/1/1964,Frankie And Johnny,The Greenwood County Singers,No suitable video
8/1/1964,If I Fell,The Beatles,No suitable video
8/1/1964,Because,The Dave Clark Five,No suitable video
8/8/1964,House Of The Rising Sun,The Animals,No suitable video
8/8/1964,Father Sebastian,The Ramblers,No suitable video
7/25/1964,And I Love Her,The Beatles,No suitable video
8/8/1964,He's In Town,The Tokens,No suitable video
8/22/1964,There's Nothing I Can Say,Rick Nelson,No suitable video
8/15/1964,Out Of Sight,James Brown And His Orchestra,No suitable video
8/22/1964,Dancing In The Street,Martha & The Vandellas,No suitable video
8/29/1964,Sincerely,The 4 Seasons,No suitable video
9/5/1964,Slow Down,The Beatles,No suitable video
9/12/1964,On The Street Where You Live,Andy Williams,No suitable video
9/26/1964,I'm Crying,The Animals,No suitable video
9/19/1964,That's What Love Is Made Of,The Miracles,No suitable video
9/5/1964,Matchbox,The Beatles,No suitable video
8/29/1964,Save It For Me,"The 4 Seasons Featuring the ""Sound of Frankie Valli""",No suitable video
10/10/1964,I See You,Cathy & Joe,No suitable video
9/19/1964,It's For You,Cilla Black,No suitable video
10/10/1964,That's Where It's At,Sam Cooke,No suitable video
9/26/1964,I Like It,Gerry And The Pacemakers,No suitable video
10/17/1964,Time Is On My Side,The Rolling Stones,No suitable video
10/17/1964,Little Honda,The Beach Boys,No suitable video
10/31/1964,She Understands Me,Johnny Tillotson,No suitable video
10/17/1964,She's Not There,The Zombies,No suitable video
10/24/1964,Listen Lonely Girl,Johnny Mathis,No suitable video
10/17/1964,Wendy,The Beach Boys,No suitable video
10/24/1964,I'm Gonna Be Strong,Gene Pitney,No suitable video
11/21/1964,Thou Shalt Not Steal,Dick and DeeDee,No suitable video
11/7/1964,"Dance, Dance, Dance",The Beach Boys,No suitable video
11/7/1964,Big Man In Town,"The 4 Seasons Featuring the ""Sound of Frankie Valli""",No suitable video
11/21/1964,High Heel Sneakers,Jerry Lee Lewis,No suitable video
11/28/1964,As Tears Go By,Marianne Faithfull,No suitable video
11/14/1964,Any Way You Want It,The Dave Clark Five,No suitable video
11/28/1964,A Happy Guy,Rick Nelson,No suitable video
12/5/1964,Boom Boom,The Animals,No suitable video
12/5/1964,Endless Sleep,Hank Williams Jr.,No suitable video
12/5/1964,She's A Woman,The Beatles,No suitable video
12/12/1964,I'll Be There,Gerry And The Pacemakers,No suitable video
12/12/1964,Makin' Whoopee,Ray Charles,No suitable video
12/19/1964,"The Sidewinder, Part 1",Lee Morgan,No suitable video
12/19/1964,Seven Letters,Ben E. King,No suitable video
12/12/1964,Come On Do The Jerk,The Miracles,No suitable video
12/12/1964,You're Nobody Till Somebody Loves You,Dean Martin,No suitable video
12/19/1964,Downtown,Petula Clark,No suitable video
12/12/1964,I Found A Love Oh What A Love,Jo Ann & Troy,No suitable video
1/2/1965,Use Your Head,Mary Wells,No suitable video
1/9/1965,"Finders Keepers, Losers Weepers",Nella Dodds,No suitable video
1/16/1965,I Wanna Be (Your Everything),The Manhattans,No suitable video
1/23/1965,Dusty,The Rag Dolls,No suitable video
1/16/1965,My Girl,The Temptations,No suitable video
1/16/1965,"Bye, Bye, Baby (Baby, Goodbye)","The 4 Seasons Featuring the ""Sound of Frankie Valli""",No suitable video
1/30/1965,Goldfinger,Jack Laforge His Piano and Orchestra,No suitable video
1/30/1965,Goldfinger,Shirley Bassey,No suitable video
1/30/1965,Comin' On Too Strong,Wayne Newton,No suitable video
1/23/1965,The Race Is On,George Jones,No suitable video
2/6/1965,Ferry Cross The Mersey,Gerry And The Pacemakers,No suitable video
2/6/1965,Midnight Special,Johnny Rivers,No suitable video
2/6/1965,Come Home,The Dave Clark Five,No suitable video
2/6/1965,Don't Let Me Be Misunderstood,The Animals,No suitable video
2/13/1965,Like A Child,Julie Rogers,No suitable video
2/27/1965,Do You Wanna Dance?,The Beach Boys,No suitable video
2/20/1965,Come Tomorrow,Manfred Mann,No suitable video
3/6/1965,El Pussy Cat,Mongo Santamaria,No suitable video
2/20/1965,Cupid,Johnny Rivers,No suitable video
2/27/1965,Nowhere To Run,Martha & The Vandellas,No suitable video
3/13/1965,"Peaches ""N"" Cream",The Ikettes,No suitable video
3/13/1965,Be My Baby,Dick and DeeDee,No suitable video
2/27/1965,Land Of 1000 Dances,Cannibal And The Headhunters,No suitable video
3/20/1965,Double-O-Seven,The Detergents,No suitable video
3/20/1965,"Never, Never Leave Me",Mary Wells,No suitable video
3/27/1965,Somebody Else Is Taking My Place,Al Martino,No suitable video
3/27/1965,Ooo Baby Baby,The Miracles,No suitable video
4/10/1965,Apples And Bananas,Lawrence Welk And His Orchestra,No suitable video
3/20/1965,I Know A Place,Petula Clark,No suitable video
4/3/1965,"Truly, Truly, True",Brenda Lee,No suitable video
3/27/1965,I Can't Explain,The Who,No suitable video
4/10/1965,It's Gonna Be Alright,Gerry And The Pacemakers,No suitable video
4/17/1965,Al's Place,Al (He's the King) Hirt,No suitable video
3/27/1965,I'll Never Find Another You,The Seekers,No suitable video
4/17/1965,Reelin' And Rockin',The Dave Clark Five,No suitable video
4/10/1965,Toy Soldier,"The 4 Seasons Featuring the ""Sound of Frankie Valli""",No suitable video
4/17/1965,Mrs. Brown You've Got A Lovely Daughter,Herman's Hermits,No suitable video
5/1/1965,Back In My Arms Again,The Supremes,No suitable video
5/1/1965,Boo-Ga-Loo,Tom and Jerrio,No suitable video
5/1/1965,Yes It Is,The Beatles,No suitable video
5/15/1965,Bring It On Home To Me,The Animals,No suitable video
5/1/1965,Three O'Clock In The Morning,Bert Kaempfert And His Orchestra,No suitable video
5/29/1965,A World Of Our Own,The Seekers,No suitable video
5/15/1965,Mr. Tambourine Man,The Byrds,No suitable video
6/12/1965,It's Just A Little Bit Too Late,Wayne Fontana & The Mindbenders,No suitable video
6/12/1965,Long Live Love,Sandie Shaw,No suitable video
5/22/1965,Play With Fire,The Rolling Stones,No suitable video
6/5/1965,You'll Never Walk Alone,Gerry And The Pacemakers,No suitable video
6/26/1965,Forget Domani,Frank Sinatra,No suitable video
6/26/1965,Watermelon Man,Gloria Lynne,No suitable video
6/19/1965,Girl Come Running,"The 4 Seasons Featuring the ""Sound of Frankie Valli""",No suitable video
7/10/1965,You'd Better Come Home,Petula Clark,No suitable video
6/19/1965,I Like It Like That,The Dave Clark Five,No suitable video
7/3/1965,Save Your Heart For Me,Gary Lewis And The Playboys,No suitable video
7/24/1965,You're My Baby (And Don't You Forget It),The Vacels,No suitable video
7/24/1965,"If You Really Want Me To, I'll Go",The Ron-Dels,No suitable video
7/17/1965,The Tracks Of My Tears,The Miracles,No suitable video
7/10/1965,In The Midnight Hour,Wilson Pickett,No suitable video
6/26/1965,Darling Take Me Back,Lenny Welch,No suitable video
7/31/1965,"Oowee, Oowee",Perry Como,No suitable video
8/7/1965,We're Doing Fine,Dee Dee Warwick,No suitable video
8/7/1965,Summer Wind,Wayne Newton,No suitable video
8/21/1965,Two Different Worlds,Lenny Welch,No suitable video
8/14/1965,Give All Your Love To Me,Gerry And The Pacemakers,No suitable video
8/14/1965,Colours,Donovan,No suitable video
8/21/1965,Ride Away,Roy Orbison,No suitable video
8/21/1965,If You Wait For Love,Bobby Goldsboro,No suitable video
9/4/1965,I Live For The Sun,The Sunrays,No suitable video
8/14/1965,You've Been In Love Too Long,Martha & The Vandellas,No suitable video
9/4/1965,The Girl From Peyton Place,Dickey Lee,No suitable video
9/4/1965,Ain't It True,Andy Williams,No suitable video
9/25/1965,Act Naturally,The Beatles,No suitable video
9/11/1965,Me Without You,Mary Wells,No suitable video
9/25/1965,Taste Of Honey,Herb Alpert & The Tijuana Brass,No suitable video
10/30/1965,Mystic Eyes,Them,No suitable video
9/25/1965,Yesterday,The Beatles,No suitable video
10/9/1965,Round Every Corner,Petula Clark,No suitable video
11/13/1965,Pied Piper,The Changin' Times,No suitable video
10/9/1965,My Girl Has Gone,The Miracles,No suitable video
10/9/1965,Let's Hang On!,"The 4 Seasons Featuring the ""Sound of Frankie Valli""",No suitable video
11/6/1965,I Want To Meet Him,The Royalettes,No suitable video
11/6/1965,Don't Think Twice,The Wonder Who?,No suitable video
11/13/1965,Buckaroo,Buck Owens and The Buckaroos,No suitable video
11/27/1965,The Little Girl I Once Knew,The Beach Boys,No suitable video
11/27/1965,You Didn't Have To Be So Nice,The Lovin' Spoonful,No suitable video
12/4/1965,Run To My Lovin' Arms,Lenny Welch,No suitable video
12/25/1965,Little Boy (In Grown Up Clothes),The 4 Seasons,No suitable video
11/13/1965,Over And Over,The Dave Clark Five,No suitable video
12/25/1965,Going To A Go-Go,The Miracles,No suitable video
1/1/1966,Follow Your Heart,The Manhattans,No suitable video
12/25/1965,Recovery,Fontella Bass,No suitable video
12/18/1965,Day Tripper,The Beatles,No suitable video
12/25/1965,Black Nights,Lowell Fulsom,No suitable video
12/25/1965,As Tears Go By,The Rolling Stones,No suitable video
12/25/1965,My Love,Petula Clark,No suitable video
1/15/1966,My Generation,The Who,No suitable video
1/1/1966,Barbara Ann,The Beach Boys,No suitable video
1/29/1966,Working My Way Back To You,"The 4 Seasons Featuring the ""Sound of Frankie Valli""",No suitable video
1/22/1966,Breakin' Up Is Breakin' My Heart,Roy Orbison,No suitable video
1/29/1966,My Ship Is Comin' In,The Walker Bros.,No suitable video
2/5/1966,Long Live Our Love,The Shangri-Las,No suitable video
1/29/1966,Fly Me To The Moon,Sam & Bill,No suitable video
2/5/1966,The Ballad Of The Green Berets,SSgt Barry Sadler,No suitable video
1/22/1966,My Baby Loves Me,Martha & The Vandellas,No suitable video
2/5/1966,At The Scene,The Dave Clark Five,No suitable video
1/8/1966,California Dreamin',The Mamas & The Papas,No suitable video
2/19/1966,I'm So Lonesome I Could Cry,B.J. Thomas And The Triumphs,No suitable video
2/19/1966,I'll Go Crazy,James Brown And The Famous Flames,No suitable video
2/26/1966,Get Ready,The Temptations,No suitable video
2/26/1966,Daydream,The Lovin' Spoonful,No suitable video
3/12/1966,What Goes On,The Beatles,No suitable video
3/5/1966,Satisfaction,Otis Redding,No suitable video
3/12/1966,Good Lovin',The Young Rascals,No suitable video
3/19/1966,The Boogaloo Party,The Flamingos,No suitable video
3/19/1966,I Hear Trumpets Blow,The Tokens,No suitable video
3/19/1966,I Spy (For The FBI),Jamo Thomas & His Party Brothers Orchestra,No suitable video
3/19/1966,"Love Is Me, Love Is You",Connie Francis,No suitable video
3/26/1966,A Sign Of The Times,Petula Clark,No suitable video
3/5/1966,Sure Gonna Miss Her,Gary Lewis And The Playboys,No suitable video
3/19/1966,Baby I Need You,The Manhattans,No suitable video
3/26/1966,You're Just About To Lose Your Clown,Ray Charles,No suitable video
3/26/1966,Young Love,Lesley Gore,No suitable video
4/2/1966,La La La,Gerry And The Pacemakers,No suitable video
4/2/1966,Try Too Hard,The Dave Clark Five,No suitable video
4/2/1966,Uptight (Everything's Alright),The Jazz Crusaders,No suitable video
4/2/1966,May My Heart Be Cast Into Stone,The Toys,No suitable video
4/16/1966,History Repeats Itself,Cab Calloway,No suitable video
4/23/1966,"The ""A"" Team",SSgt Barry Sadler,No suitable video
4/16/1966,The Sun Ain't Gonna Shine (Anymore),The Walker Bros.,No suitable video
4/30/1966,Downtown,Mrs. Miller,No suitable video
4/30/1966,Elvira,Dallas Frazier,No suitable video
4/23/1966,"How Does That Grab You, Darlin'?",Nancy Sinatra,No suitable video
4/30/1966,Dum-De-Da,Bobby Vinton,No suitable video
4/23/1966,You're The One,The Marvelettes,No suitable video
4/23/1966,Dirty Water,The Standells,No suitable video
4/30/1966,Twinkle Toes,Roy Orbison,No suitable video
4/30/1966,Please Don't Sell My Daddy No More Wine,The Greenwoods,No suitable video
5/7/1966,A Lover's Concerto,Mrs. Miller,No suitable video
5/7/1966,Peter Rabbit,Dee Jay And The Runaways,No suitable video
5/14/1966,Mama,B.J. Thomas,No suitable video
5/14/1966,Green Grass,Gary Lewis And The Playboys,No suitable video
5/21/1966,You Waited Too Long,The Five Stairsteps,No suitable video
6/25/1966,Stop! - Get A Ticket,Clefs Of Lavender Hill,No suitable video
6/4/1966,Little Girl,Syndicate Of Sound,No suitable video
5/21/1966,Hey Joe,The Leaves,No suitable video
6/18/1966,Billy And Sue,B.J. Thomas And The Triumphs,No suitable video
6/18/1966,Whole Lot Of Shakin' In My Heart (Since I Met You),The Miracles,No suitable video
6/11/1966,Please Tell Me Why,The Dave Clark Five,No suitable video
5/21/1966,Opus 17 (Don't You Worry 'Bout Me),"The 4 Seasons Featuring the ""Sound of Frankie Valli""",No suitable video
7/2/1966,On The Good Ship Lollipop,The Wonder Who?,No suitable video
7/9/1966,Tar And Cement,Verdelle Smith,No suitable video
7/2/1966,Pretty Flamingo,Manfred Mann,No suitable video
7/9/1966,Lonely Soldier,Mike Williams,No suitable video
7/2/1966,Ain't Gonna Cry No More,Brenda Lee,No suitable video
7/16/1966,You're Nobody Till Somebody Loves You,The Wonder Who?,No suitable video
7/16/1966,I Couldn't Live Without Your Love,Petula Clark,No suitable video
8/6/1966,World Of Fantasy,The Five Stairsteps,No suitable video
7/30/1966,Bring Back The Time,B.J. Thomas,No suitable video
8/6/1966,Too Soon To Know,Roy Orbison,No suitable video
7/2/1966,Love Letters,Elvis Presley,No suitable video
7/16/1966,Freddie Feelgood (And His Funky Little Five Piece Band),Ray Stevens,No suitable video
7/16/1966,Summer In The City,The Lovin' Spoonful,No suitable video
8/13/1966,Satisfied With You,The Dave Clark Five,No suitable video
8/13/1966,God Only Knows,The Beach Boys,No suitable video
8/13/1966,Ashes To Ashes,The Mindbenders,No suitable video
8/20/1966,Come Share The Good Times With Me,Julie Monday,No suitable video
8/20/1966,Ain't Nobody Home,Howard Tate,No suitable video
9/3/1966,Day Tripper,The Vontastics,No suitable video
8/20/1966,Dear Mrs. Applebee,Flip Cartridge,No suitable video
9/3/1966,I Chose To Sing The Blues,Ray Charles & The Raelets,No suitable video
8/27/1966,I Want To Be With You,Dee Dee Warwick,No suitable video
9/10/1966,Girl On A Swing,Gerry And The Pacemakers,No suitable video
9/17/1966,See See Rider,Eric Burdon & The Animals,No suitable video
9/24/1966,Melody For An Unknown Girl,The Unknowns,No suitable video
9/3/1966,I've Got You Under My Skin,"The 4 Seasons Featuring the ""Sound of Frankie Valli""",No suitable video
9/3/1966,96 Tears,? (Question Mark) & The Mysterians,No suitable video
9/24/1966,Off To Dublin In The Green,The Abbey Tavern Singers,No suitable video
10/1/1966,Almost Persuaded No. 2,Ben Colder,No suitable video
9/10/1966,Tomorrow Never Comes,B.J. Thomas,No suitable video
10/1/1966,Little Man,Sonny & Cher,No suitable video
10/15/1966,The Wheel Of Hurt,Al Martino,No suitable video
10/22/1966,Every Day And Every Night,The Trolls,No suitable video
10/22/1966,Nineteen Days,The Dave Clark Five,No suitable video
10/8/1966,Lookin' For Love,Ray Conniff And The Singers,No suitable video
10/22/1966,Who Am I,Petula Clark,No suitable video
11/5/1966,Come Back,The Five Stairsteps,No suitable video
11/5/1966,(When She Needs Good Lovin') She Comes To Me,The Chicago Loop,No suitable video
11/12/1966,It's-A-Happening,The Magic Mushrooms,No suitable video
11/19/1966,I Need Somebody,? (Question Mark) & The Mysterians,No suitable video
10/22/1966,Games That Lovers Play,Wayne Newton,No suitable video
11/12/1966,Harlem Shuffle,The Traits,No suitable video
11/12/1966,Please Say You're Fooling,Ray Charles and his Orchestra,No suitable video
11/12/1966,Talk Talk,The Music Machine,No suitable video
11/5/1966,(Come 'round Here) I'm The One You Need,The Miracles,No suitable video
12/3/1966,Georgy Girl,The Seekers,No suitable video
12/10/1966,Questions And Answers,The In Crowd,No suitable video
12/3/1966,Words Of Love,The Mamas & The Papas,No suitable video
12/24/1966,Color My World,Petula Clark,No suitable video
1/7/1967,Wild Thing,Senator Bobby Featuring Bill Minkin,No suitable video
12/31/1966,Gimme Some Lovin',The Spencer Davis Group,No suitable video
12/17/1966,Dancing In The Street,The Mamas & The Papas,No suitable video
1/14/1967,Tramp,Lowell Fulsom,No suitable video
1/14/1967,Sweetest One,The Metros,No suitable video
12/10/1966,Tell It To The Rain,"The 4 Seasons Featuring the ""Sound of Frankie Valli""",No suitable video
1/7/1967,I've Got To Have A Reason,The Dave Clark Five,No suitable video
1/7/1967,"Mercy, Mercy, Mercy",Cannonball Adderley,No suitable video
1/14/1967,The Beat Goes On,Sonny & Cher,No suitable video
1/28/1967,Spooky,Mike Sharpe,No suitable video
1/14/1967,All,James Darren,No suitable video
1/28/1967,"Sunrise, Sunset",Roger Williams,No suitable video
1/14/1967,"Ride, Ride, Ride",Brenda Lee,No suitable video
1/28/1967,Skate Now,Lou Courtney,No suitable video
2/11/1967,Happy Together,The Turtles,No suitable video
2/18/1967,Morningtown Ride,The Seekers,No suitable video
2/25/1967,Jimmy Mack,Martha & The Vandellas,No suitable video
2/25/1967,"Mercy, Mercy, Mercy",Larry Williams & Johnny Watson,No suitable video
3/4/1967,Beggin',"The 4 Seasons Featuring the ""Sound of Frankie Valli""",No suitable video
3/4/1967,Don't Do It,Micky Dolenz,No suitable video
3/11/1967,That Acapulco Gold,The Rainy Daze,No suitable video
3/18/1967,For He's A Jolly Good Fellow,Bobby Vinton,No suitable video
3/25/1967,The Girl I Knew Somewhere,The Monkees,No suitable video
3/18/1967,I Want To Talk About You,Ray Charles,No suitable video
4/1/1967,Make A Little Love,Lowell Fulsom,No suitable video
4/8/1967,Buy For Me The Rain,The Nitty Gritty Dirt Band,No suitable video
4/1/1967,You Got What It Takes,The Dave Clark Five,No suitable video
4/8/1967,Here Comes My Baby,The Tremeloes,No suitable video
4/8/1967,Do The Thing,Lou Courtney,No suitable video
4/8/1967,Release Me (And Let Me Love Again),Engelbert Humperdinck,No suitable video
3/4/1967,This Is My Song,Petula Clark,No suitable video
3/25/1967,"Can't Get Enough Of You, Baby",? (Question Mark) & The Mysterians,No suitable video
4/15/1967,Happy Jack,The Who,No suitable video
4/8/1967,When I Was Young,Eric Burdon & The Animals,No suitable video
4/15/1967,Funky Broadway Part I,Dyke And The Blazers,No suitable video
4/15/1967,One Hurt Deserves Another,The Raelets/Ray Charles Orchestra,No suitable video
4/15/1967,Portrait Of My Love,The Tokens,No suitable video
4/15/1967,The Oogum Boogum Song,Brenton Wood,No suitable video
4/15/1967,Ain't Gonna Rest (Till I Get You),The Five Stairsteps,No suitable video
4/29/1967,Live,The Merry-Go-Round,No suitable video
4/29/1967,Respect,Aretha Franklin,No suitable video
5/13/1967,I Can't Help It (If I'm Still In Love With You),B.J. Thomas,No suitable video
5/13/1967,Let's Live For Today,The Grass Roots,No suitable video
5/6/1967,When Love Slips Away,Dee Dee Warwick,No suitable video
5/6/1967,Tramp,Otis & Carla,No suitable video
5/13/1967,Little Bit O' Soul,The Music Explosion,No suitable video
5/20/1967,Stop! And Think It Over,Perry Como,No suitable video
5/20/1967,Soul Finger,Bar-Kays,No suitable video
5/27/1967,Bowling Green,The Everly Brothers,No suitable video
5/27/1967,Windy,The Association,No suitable video
5/27/1967,"New York Mining Disaster 1941 (Have You Seen My Wife, Mr. Jones)",Bee Gees,No suitable video
6/3/1967,When The Good Sun Shines,Elmo & Almo,No suitable video
6/3/1967,Pay You Back With Interest,The Hollies,No suitable video
6/10/1967,C'mon Marianne,"The 4 Seasons Featuring the ""Sound of Frankie Valli""",No suitable video
6/3/1967,Don't Sleep In The Subway,Petula Clark,No suitable video
6/10/1967,You Must Have Been A Beautiful Baby,The Dave Clark Five,No suitable video
6/17/1967,Silence Is Golden,The Tremeloes,No suitable video
6/10/1967,Girl (You Captivate Me),? (Question Mark) & The Mysterians,No suitable video
6/17/1967,Carrie-Anne,The Hollies,No suitable video
6/17/1967,You Wanted Someone To Play With (I Wanted Someone To Love),Frankie Laine,No suitable video
6/24/1967,Lonely Drifter,Pieces Of Eight,No suitable video
7/1/1967,Pictures Of Lily,The Who,No suitable video
6/24/1967,Don't Go Out Into The Rain (You're Going To Melt),Herman's Hermits,No suitable video
6/24/1967,A Whiter Shade Of Pale,Procol Harum,No suitable video
6/24/1967,You Only Live Twice,Nancy Sinatra,No suitable video
7/8/1967,Gentle On My Mind,Glen Campbell,No suitable video
7/15/1967,A Thousand Shadows,The Seeds,No suitable video
7/15/1967,To Love Somebody,Bee Gees,No suitable video
7/15/1967,Happy,The Blades Of Grass,No suitable video
7/15/1967,Happy,The Sunshine Company,No suitable video
7/22/1967,I'll Never Find Another You,Sonny James,No suitable video
7/22/1967,It's A Happening World,The Tokens,No suitable video
7/29/1967,Lonesome Road,The Wonder Who?,No suitable video
7/22/1967,All You Need Is Love,The Beatles,No suitable video
7/29/1967,Happy And Me,Don And The Goodtimes,No suitable video
7/8/1967,The River Is Wide,The Forum,No suitable video
7/29/1967,Cry Softly Lonely One,Roy Orbison,No suitable video
8/5/1967,San Franciscan Nights,Eric Burdon & The Animals,No suitable video
8/5/1967,Ha Ha Said The Clown,The Yardbirds,No suitable video
8/12/1967,A Little Bit Now,The Dave Clark Five,No suitable video
8/12/1967,Knock On Wood,Otis & Carla,No suitable video
8/19/1967,Love Bug Leave My Heart Alone,Martha & The Vandellas,No suitable video
8/26/1967,I Make A Fool Of Myself,Frankie Valli,No suitable video
8/19/1967,You've Got To Pay The Price,Al Kent,No suitable video
8/12/1967,Gimme Little Sign,Brenton Wood,No suitable video
8/26/1967,Put Your Mind At Ease,Every Mothers' Son,No suitable video
9/2/1967,There Goes The Lover,Gene Chandler,No suitable video
8/26/1967,Museum,Herman's Hermits,No suitable video
9/2/1967,Paper Sun,Traffic featuring Stevie Winwood,No suitable video
9/9/1967,Spreadin' Honey,The Watts 103rd Street Rhythm Band,No suitable video
9/2/1967,The Cat In The Window (The Bird In The Sky),Petula Clark,No suitable video
9/9/1967,How Can I Be Sure,The Young Rascals,No suitable video
9/9/1967,To Sir With Love,Lulu,No suitable video
9/16/1967,We Love You,The Rolling Stones,No suitable video
9/9/1967,Forget It,The Sandpebbles,No suitable video
9/30/1967,Even The Bad Times Are Good,The Tremeloes,No suitable video
9/30/1967,Holiday,Bee Gees,No suitable video
9/23/1967,More Than The Eye Can See,Al Martino,No suitable video
10/7/1967,Walkin' Proud,The Pete Klint Quintet,No suitable video
11/4/1967,Paper Cup,The 5th Dimension,No suitable video
10/28/1967,Lapland,The Baltimore And Ohio Marching Band,No suitable video
10/7/1967,Peas 'N' Rice,Freddie McCoy,No suitable video
10/14/1967,I Can See For Miles,The Who,No suitable video
10/21/1967,I Heard It Through The Grapevine,Gladys Knight And The Pips,No suitable video
11/11/1967,Itchycoo Park,Small Faces,No suitable video
11/11/1967,In And Out Of Love,Diana Ross & The Supremes,No suitable video
10/28/1967,Watch The Flowers Grow,"The 4 Seasons Featuring the ""Sound of Frankie Valli""",No suitable video
11/11/1967,Pony With The Golden Mane,Every Mothers' Son,No suitable video
11/11/1967,Where Is The Party,Helena Ferguson,No suitable video
11/11/1967,(The Lights Went Out In) Massachusetts,Bee Gees,No suitable video
11/18/1967,Red And Blue,The Dave Clark Five,No suitable video
11/25/1967,Baby You Got It,Brenton Wood,No suitable video
11/25/1967,A Letter To Dad,Every Father's Teenage Son,No suitable video
11/18/1967,Ten Little Indians,The Yardbirds,No suitable video
12/2/1967,The Other Man's Grass Is Always Greener,Petula Clark,No suitable video
11/25/1967,Love Power,The Sandpebbles,No suitable video
12/2/1967,Live For Life,Jack Jones,No suitable video
12/2/1967,Sockin' 1-2-3-4,John Roberts,No suitable video
11/25/1967,Cover Me,Percy Sledge,No suitable video
12/2/1967,I'm In Love,Wilson Pickett,No suitable video
12/16/1967,Best Of Both Worlds,Lulu,No suitable video
12/9/1967,Back Up Train,Al Greene & The Soul Mate's,No suitable video
12/16/1967,In Another Land,Bill Wyman,No suitable video
12/30/1967,United (Part 1),The Music Makers,No suitable video
12/16/1967,Am I That Easy To Forget,Engelbert Humperdinck,No suitable video
12/30/1967,To Give (The Reason I Live),Frankie Valli,No suitable video
12/23/1967,I Call It Love,The Manhattans,No suitable video
1/6/1968,Born Free,The Hesitations,No suitable video
1/13/1968,Funky Way,Calvin Arnold,No suitable video
12/23/1967,Darlin',The Beach Boys,No suitable video
1/13/1968,I Can Take Or Leave Your Loving,Herman's Hermits,No suitable video
1/6/1968,Love Is Blue (L'amour Est Bleu),Paul Mauriat And His Orchestra,No suitable video
1/27/1968,Keep The Ball Rollin',Al Hirt,No suitable video
1/20/1968,To Each His Own,Frankie Laine,No suitable video
1/27/1968,No One Knows,Every Mothers' Son,No suitable video
2/3/1968,Carpet Man,The 5th Dimension,No suitable video
2/3/1968,Try It,Ohio Express,No suitable video
1/20/1968,Words,Bee Gees,No suitable video
2/17/1968,I'm Hypnotized,Anthony & The Imperials,No suitable video
2/3/1968,Cold Feet,Albert King,No suitable video
2/3/1968,People World,Jim & Jean,No suitable video
2/10/1968,Lovey Dovey,Otis & Carla,No suitable video
2/24/1968,That's A Lie,Ray Charles,No suitable video
2/17/1968,"(Mama Come Quick, and Bring Your) Lickin' Stick",George Torrence & The Naturals,No suitable video
2/17/1968,Kiss Me Goodbye,Petula Clark,No suitable video
2/24/1968,Ame Caline (Soul Coaxing),Raymond Lefevre and His Orchestra,No suitable video
3/16/1968,Funky Street,Arthur Conley,No suitable video
3/2/1968,Little Green Apples,Roger Miller,No suitable video
2/24/1968,Will You Love Me Tomorrow,"The 4 Seasons Featuring the ""Sound of Frankie Valli""",No suitable video
2/17/1968,Suddenly You Love Me,The Tremeloes,No suitable video
3/16/1968,The Impossible Dream,The Hesitations,No suitable video
3/23/1968,"Me, The Peaceful Heart",Lulu,No suitable video
3/16/1968,Tin Soldier,Small Faces,No suitable video
3/30/1968,Another Place Another Time,Jerry Lee Lewis,No suitable video
3/9/1968,Lovey Dovey Kinda Lovin',Brenton Wood,No suitable video
3/30/1968,I Will Always Think About You,The New Colony Six,No suitable video
3/30/1968,Show Time,Detroit Emeralds,No suitable video
4/6/1968,Look To Your Soul,Johnny Rivers,No suitable video
4/20/1968,We're Rolling On (Part I),The Impressions,No suitable video
3/30/1968,Call Me Lightning,The Who,No suitable video
4/6/1968,I Wanna Live,Glen Campbell,No suitable video
4/27/1968,Lili Marlene,Al Martino,No suitable video
4/6/1968,Jumbo,Bee Gees,No suitable video
3/30/1968,The Unknown Soldier,The Doors,No suitable video
5/11/1968,She's A Heartbreaker,Gene Pitney,No suitable video
4/6/1968,Mony Mony,Tommy James And The Shondells,No suitable video
5/4/1968,I Have A Dream,"Rev. Martin Luther King, Jr.",No suitable video
5/11/1968,Love In Every Room,Paul Mauriat And His Orchestra,No suitable video
3/30/1968,Cinderella Rockefella,Esther & Abi Ofarim,No suitable video
5/11/1968,Sleepy Joe,Herman's Hermits,No suitable video
5/11/1968,A Man Without Love (Quando M'innamoro),Engelbert Humperdinck,No suitable video
5/18/1968,My Shy Violet,The Mills Brothers,No suitable video
5/25/1968,Climb Every Mountain,The Hesitations,No suitable video
5/18/1968,Pictures Of Matchstick Men,The Status Quo,No suitable video
5/25/1968,Don't Sign The Paper Baby (I Want You Back),Jimmy Delphs,No suitable video
6/8/1968,Here I Am Baby,The Marvelettes,No suitable video
6/1/1968,Here Come Da Judge,The Buena Vistas,No suitable video
6/1/1968,Ain't Nothin' But A House Party,The Show Stoppers,No suitable video
6/15/1968,Can't You See Me Cry,The New Colony Six,No suitable video
7/6/1968,What's Made Milwaukee Famous (Has Made A Loser Out Of Me),Jerry Lee Lewis,No suitable video
7/6/1968,Dreams Of The Everyday Housewife,Glen Campbell,No suitable video
7/6/1968,"Hello, I Love You",The Doors,No suitable video
6/22/1968,The Eyes Of A New York Woman,B.J. Thomas,No suitable video
7/13/1968,Hard To Handle,Otis Redding,No suitable video
6/1/1968,Here Come The Judge,The Magistrates,No suitable video
7/27/1968,Do It Again,The Beach Boys,No suitable video
7/20/1968,Don't Give Up,Petula Clark,No suitable video
7/27/1968,Soul Meeting,The Soul Clan,No suitable video
8/3/1968,Sally Had A Party,Flavor,No suitable video
8/3/1968,Mr. Businessman,Ray Stevens,No suitable video
8/3/1968,Girls Can't Do What The Guys Do,Betty Wright,No suitable video
8/10/1968,On The Road Again,Canned Heat,No suitable video
8/24/1968,She's About A Mover,Otis Clay,No suitable video
7/27/1968,Light My Fire,Jose Feliciano,No suitable video
8/17/1968,The Snake,Al Wilson,No suitable video
8/31/1968,The Mule,The James Boys,No suitable video
8/31/1968,Break Your Promise,The Delfonics,No suitable video
8/24/1968,Don't Change Your Love,Five Stairsteps & Cubie,No suitable video
8/31/1968,The Weight,The Band,No suitable video
9/21/1968,Court Of Love,The Unifics,No suitable video
9/14/1968,Do The Best You Can,The Hollies,No suitable video
9/28/1968,Puffin' On Down The Track,Hugh Masekela,No suitable video
10/5/1968,You Got The Love,Professor Morrison's Lollipop,No suitable video
9/28/1968,I've Got Dreams To Remember,Otis Redding,No suitable video
10/5/1968,Alfie,Eivets Rednow,No suitable video
10/12/1968,Hitchcock Railway,Jose Feliciano,No suitable video
10/19/1968,"Listen, They're Playing My Song",Ray Charles,No suitable video
10/19/1968,Love Child,Diana Ross & The Supremes,No suitable video
8/17/1968,I've Gotta Get A Message To You,Bee Gees,No suitable video
10/19/1968,Soul Drippin',The Mauds,No suitable video
10/26/1968,Stormy,Classics IV Featuring Dennis Yost,No suitable video
10/19/1968,Hi-Heel Sneakers,Jose Feliciano,No suitable video
10/26/1968,"Shame, Shame",Magic Lanterns,No suitable video
10/26/1968,Who's Making Love,Johnnie Taylor,No suitable video
11/2/1968,The Star-Spangled Banner,Jose Feliciano,No suitable video
11/2/1968,Talking About My Baby,Gloria Walker,No suitable video
11/2/1968,California Earthquake,Mama Cass,No suitable video
11/2/1968,The Yard Went On Forever,Richard Harris,No suitable video
10/26/1968,Jesse Brady,The McCoys,No suitable video
11/9/1968,Kentucky Woman,Deep Purple,No suitable video
11/16/1968,I've Got Love For My Baby,Young Hearts,No suitable video
11/23/1968,American Boys,Petula Clark,No suitable video
11/16/1968,Hooked On A Feeling,B.J. Thomas,No suitable video
11/2/1968,Wichita Lineman,Glen Campbell,No suitable video
11/23/1968,Love Machine,The O'Kaysions,No suitable video
11/30/1968,Papa's Got A Brand New Bag,Otis Redding,No suitable video
12/14/1968,Bluebirds Over The Mountain,The Beach Boys,No suitable video
12/14/1968,Don't Pat Me On The Back And Call Me Brother,John W. Anderson presents KaSandra,No suitable video
12/7/1968,I'm Gonna Make You Love Me,Diana Ross And The Supremes & The Temptations,No suitable video
12/14/1968,The Beginning Of My End,The Unifics,No suitable video
12/21/1968,The Thought Of Loving You,The Crystal Mansion,No suitable video
12/21/1968,I Started A Joke,Bee Gees,No suitable video
11/23/1968,Born To Be With You,Sonny James,No suitable video
12/21/1968,California Soul,The 5th Dimension,No suitable video
12/28/1968,Things I'd Like To Say,New Colony Six,No suitable video
1/18/1969,Poor Side Of Town,Al Wilson,No suitable video
12/28/1968,This Magic Moment,Jay & The Americans,No suitable video
1/4/1969,Build Me Up Buttercup,The Foundations,No suitable video
12/28/1968,Electric Stories,"The 4 Seasons Featuring the ""Sound of Frankie Valli""",No suitable video
1/18/1969,The Grooviest Girl In The World,The Fun And Games,No suitable video
1/18/1969,But You Know I Love You,The First Edition,No suitable video
1/25/1969,Please Don't Desert Me Baby,Gloria Walker/Chevelles,No suitable video
1/18/1969,Fox On The Run,Manfred Mann,No suitable video
2/1/1969,Do Your Thing,The Watts 103rd Street Rhythm Band,No suitable video
1/25/1969,Hey! Baby,Jose Feliciano,No suitable video
2/1/1969,Soulshake,Peggy Scott & Jo Jo Benson,No suitable video
2/8/1969,Traces,Classics IV Featuring Dennis Yost,No suitable video
2/1/1969,Cloud Nine,Mongo Santamaria,No suitable video
2/8/1969,Time Of The Season,The Zombies,No suitable video
2/1/1969,Someday Soon,Judy Collins,No suitable video
2/8/1969,My World Is Empty Without You,Jose Feliciano,No suitable video
2/15/1969,Maybe Tomorrow,The Iveys,No suitable video
2/22/1969,These Are Not My People,Johnny Rivers,No suitable video
2/8/1969,Johnny One Time,Brenda Lee,No suitable video
3/1/1969,Who's Making Love,Young-Holt Unlimited,No suitable video
2/22/1969,Somebody Loves You,The Delfonics,No suitable video
3/1/1969,Galveston,Glen Campbell,No suitable video
3/1/1969,The Way It Used To Be,Engelbert Humperdinck,No suitable video
3/1/1969,Day After Day (It's Slippin' Away),Shango,No suitable video
3/15/1969,"Move In A Little Closer, Baby",Mama Cass,No suitable video
2/22/1969,Back Door Man,Derek,No suitable video
3/15/1969,Kick Out The Jams,MC5,No suitable video
3/15/1969,I'll Try Something New,Supremes & Temptations,No suitable video
3/22/1969,It's Only Love,B.J. Thomas,No suitable video
3/22/1969,First Of May,Bee Gees,No suitable video
3/29/1969,Something's On Her Mind,The 4 Seasons,No suitable video
3/8/1969,Nothing But A Heartache,The Flirtations,No suitable video
3/22/1969,Sweet Cherry Wine,Tommy James And The Shondells,No suitable video
3/29/1969,My Way,Frank Sinatra,No suitable video
4/5/1969,California Girl (And The Tennessee Square),Tompall & The Glaser Brothers,No suitable video
4/5/1969,Pinball Wizard,The Who,No suitable video
4/5/1969,Morning Girl,The Neon Philharmonic,No suitable video
4/5/1969,Gitarzan,Ray Stevens,No suitable video
4/5/1969,Idaho,The 4 Seasons,No suitable video
5/3/1969,I Could Never Lie To You,The New Colony Six,No suitable video
4/12/1969,Happy Heart,Petula Clark,No suitable video
5/3/1969,Bad Moon Rising,Creedence Clearwater Revival,No suitable video
4/12/1969,Singing My Song,Tammy Wynette,No suitable video
4/19/1969,Goodbye,Mary Hopkin,No suitable video
5/3/1969,The Windmills Of Your Mind,Dusty Springfield,No suitable video
5/3/1969,Marley Purt Drive,Jose Feliciano,No suitable video
5/10/1969,Special Delivery,1910 Fruitgum Co.,No suitable video
5/17/1969,"My Wife, My Dog, My Cat",The Maskman & The Agents,No suitable video
6/14/1969,Dammit Isn't God's Last Name,Frankie Laine,No suitable video
5/17/1969,You Don't Need Me For Anything Anymore,Brenda Lee,No suitable video
5/31/1969,Tomorrow Tomorrow,Bee Gees,No suitable video
5/31/1969,The Popcorn,James Brown,No suitable video
6/14/1969,Moonflight,Vik Venus Alias: Your Main Moon Man,No suitable video
6/14/1969,Quentin's Theme,The Charles Randolph Grean Sounde,No suitable video
6/7/1969,Crystal Blue Persuasion,Tommy James And The Shondells,No suitable video
6/21/1969,In The Year 2525,Zager & Evans,No suitable video
6/7/1969,It's Getting Better,Mama Cass,No suitable video
6/28/1969,Along Came Jones,Ray Stevens,No suitable video
7/5/1969,I'll Never Fall In Love Again,Burt Bacharach,No suitable video
6/28/1969,Good Old Rock 'N Roll,Cat Mother & the All Night News Boys,No suitable video
6/21/1969,Feeling Alright,Joe Cocker,No suitable video
7/12/1969,Where Do I Go/Be-In/Hare Krishna,The Happenings,No suitable video
7/12/1969,Pass The Apple Eve,B.J. Thomas,No suitable video
7/19/1969,I've Lost Everything I've Ever Loved,David Ruffin,No suitable video
7/19/1969,Workin' On A Groovy Thing,The 5th Dimension,No suitable video
7/19/1969,Birthday,Underground Sunshine,No suitable video
7/19/1969,I'm Free,The Who,No suitable video
7/19/1969,Marrakesh Express,"Crosby, Stills & Nash",No suitable video
7/19/1969,Till You Get Enough,The Watts 103rd Street Rhythm Band,No suitable video
7/26/1969,Give Peace A Chance,Plastic Ono Band,No suitable video
8/2/1969,Green River,Creedence Clearwater Revival,No suitable video
8/9/1969,Look At Mine,Petula Clark,No suitable video
8/9/1969,Questions 67 And 68,Chicago,No suitable video
8/16/1969,You Got Yours And I'll Get Mine,The Delfonics,No suitable video
8/16/1969,Everybody's Talkin',Nilsson,No suitable video
8/23/1969,I'm A Better Man,Engelbert Humperdinck,No suitable video
8/23/1969,Green Fields,The Vogues,No suitable video
8/23/1969,Rain,Jose Feliciano,No suitable video
8/30/1969,I Want You To Know,The New Colony Six,No suitable video
7/26/1969,Odds And Ends,Dionne Warwick,No suitable video
8/30/1969,The Ways To Love A Man,Tammy Wynette,No suitable video
9/6/1969,Máh-Ná-Mah-Ná,Piero Umiliani,No suitable video
9/13/1969,The Weight,Supremes & Temptations,No suitable video
9/6/1969,Make Believe,Wind,No suitable video
9/13/1969,Kool And The Gang,Kool & The Gang,No suitable video
9/20/1969,Don't Forget To Remember,Bee Gees,No suitable video
8/23/1969,Lodi,Al Wilson,No suitable video
9/13/1969,And That Reminds Me (My Heart Reminds Me),The 4 Seasons,No suitable video
10/4/1969,Delta Lady,Joe Cocker,No suitable video
10/11/1969,Love In The City,The Turtles,No suitable video
10/25/1969,I Still Believe In Tomorrow,John & Anne Ryder,No suitable video
10/11/1969,All God's Children Got Soul,Dorothy Morrison,No suitable video
10/18/1969,Just A Little Love,B.B. King,No suitable video
10/25/1969,She's Got Love,Thomas & Richard Frost,No suitable video
10/18/1969,Make Your Own Kind Of Music,Mama Cass Elliot,No suitable video
11/1/1969,Up On Cripple Creek,The Band,No suitable video
10/25/1969,Leaving On A Jet Plane,"Peter, Paul & Mary",No suitable video
11/1/1969,"We Love You, Call Collect",Art Linkletter,No suitable video
11/1/1969,Raindrops Keep Fallin' On My Head,B.J. Thomas,No suitable video
11/15/1969,Cold Turkey,Plastic Ono Band,No suitable video
11/15/1969,Get It From The Bottom,The Steelers,No suitable video
11/8/1969,A Brand New Me,Dusty Springfield,No suitable video
11/8/1969,Someday We'll Be Together,Diana Ross & The Supremes,No suitable video
11/29/1969,No One Better Than You,Petula Clark,No suitable video
11/29/1969,(One Of These Days) Sunday's Gonna' Come On Tuesday,The New Establishment,No suitable video
11/29/1969,Feeling Alright,Mongo Santamaria,No suitable video
11/15/1969,I Want You Back,Jackson 5,No suitable video
12/6/1969,Winter World Of Love,Engelbert Humperdinck,No suitable video
12/6/1969,Camel Back,A.B. Skhy,No suitable video
12/13/1969,She Lets Her Hair Down (Early In The Morning),The Tokens,No suitable video
12/13/1969,Land Of 1000 Dances,The Electric Indian,No suitable video
12/13/1969,Alice's Rock & Roll Restaurant,Arlo Guthrie,No suitable video
12/20/1969,Together,The Illusion,No suitable video
12/20/1969,Groovin' (Out On Life),The Newbeats,No suitable video
12/13/1969,Venus,The Shocking Blue,No suitable video
12/27/1969,The Gangs Back Again,Kool & The Gang,No suitable video
1/3/1970,Blowing Away,The 5th Dimension,No suitable video
12/20/1969,"He Ain't Heavy, He's My Brother",The Hollies,No suitable video
1/3/1970,Won't Find Better (Than Me),The New Hope,No suitable video
12/20/1969,Voodoo Woman,Simon Stokes/Nighthawks,No suitable video
1/24/1970,I've Gotta Make You Love Me,Steam,No suitable video
1/10/1970,"Barbara, I Love You",New Colony Six,No suitable video
1/31/1970,Superstar,Murray Head With The Trinidad Singers,No suitable video
1/24/1970,It's Just A Matter Of Time,Sonny James,No suitable video
1/17/1970,Give Me Just A Little More Time,Chairman Of The Board,No suitable video
1/31/1970,Oh Well - Pt. I,Fleetwood Mac,No suitable video
1/31/1970,I'll See Him Through,Tammy Wynette,No suitable video
1/24/1970,Then She's A Lover,Roy Clark,No suitable video
2/21/1970,Baby Make It Soon,The Flying Machine,No suitable video
2/14/1970,Take It Off Him And Put It On Me,Clarence Carter,No suitable video
2/21/1970,Temma Harbour,Mary Hopkin,No suitable video
2/28/1970,Rock Island Line,Johnny Cash,No suitable video
2/21/1970,The Cat Walk,The Village Soul Choir,No suitable video
2/7/1970,House Of The Rising Sun,Frijid Pink,No suitable video
2/28/1970,Spirit In The Sky,Norman Greenbaum,No suitable video
3/7/1970,Mighty Joe,The Shocking Blue,No suitable video
3/7/1970,Don't Worry Baby,The Tokens,No suitable video
3/7/1970,Mississippi Mama,Owen B.,No suitable video
3/14/1970,Get Ready,Rare Earth,No suitable video
2/28/1970,Instant Karma (We All Shine On),John Ono Lennon,No suitable video
3/14/1970,ABC,Jackson 5,No suitable video
3/28/1970,Brown Paper Bag,Syndicate Of Sound,No suitable video
3/21/1970,Time To Get It Together,Country Coalition,No suitable video
3/28/1970,Everybody's Out Of Town,B.J. Thomas,No suitable video
3/21/1970,Let It Be,The Beatles,No suitable video
4/4/1970,Love Minus Zero-No Limit,Turley Richards,No suitable video
4/4/1970,Buffalo Soldier,Flamingos,No suitable video
3/28/1970,If Only I Had My Mind On Something Else,Bee Gees,No suitable video
3/28/1970,Which Way You Goin' Billy?,The Poppy Family (Featuring Susan Jacks),No suitable video
4/4/1970,Come Running,Van Morrison,No suitable video
4/4/1970,Make Me Smile,Chicago,No suitable video
4/4/1970,Can You Feel It,Bobby Goldsboro,No suitable video
3/28/1970,Woodstock,"Crosby, Stills, Nash & Young",No suitable video
4/4/1970,Lucifer,Bob Seger System,No suitable video
4/4/1970,"My Wife, The Dancer",Eddie & Dutch,No suitable video
4/4/1970,Lay Lady Lay,Ferrante & Teicher,No suitable video
4/4/1970,The Girls' Song,The 5th Dimension,No suitable video
4/18/1970,The Seeker,The Who,No suitable video
4/11/1970,Airport Love Theme (Gwen And Vern),Vincent Bell,No suitable video
4/11/1970,You Make Me Real/Roadhouse Blues,The Doors,No suitable video
4/25/1970,Get Down People,Fabulous Counts,No suitable video
4/25/1970,Fire & Rain,R.B. Greaves,No suitable video
5/2/1970,Check Yourself,I.A.P. Co. (the Italian Asphalt & Pavement Company),No suitable video
4/25/1970,Hum A Song (From Your Heart),Lulu with The Dixie Flyers,No suitable video
4/25/1970,Lay Down (Candles In The Rain),Melanie with The Edwin Hawkins Singers,No suitable video
5/9/1970,Patch Of Blue,Frankie Valli & The 4 Seasons,No suitable video
5/9/1970,Tobacco Road,Jamul,No suitable video
5/23/1970,Man Of Constant Sorrow,Ginger Baker's Air Force,No suitable video
5/23/1970,The Long And Winding Road/For You Blue,The Beatles,No suitable video
5/30/1970,I Think I Love You Again,Brenda Lee,No suitable video
5/30/1970,Heighdy-Ho Princess,Neon Philharmonic,No suitable video
5/30/1970,Are You Ready?,Pacific Gas And Electric,No suitable video
5/30/1970,The Love You Save/I Found That Girl,Jackson 5,No suitable video
5/30/1970,Some Beautiful,Jack Wild,No suitable video
6/13/1970,A Song Of Joy (Himno A La Alegria),Miguel Rios,No suitable video
6/13/1970,Good Morning Freedom,Daybreak,No suitable video
6/13/1970,He Loves Me All The Way,Tammy Wynette,No suitable video
6/6/1970,Teach Your Children,"Crosby, Stills, Nash & Young",No suitable video
6/20/1970,I Heard The Voice Of Jesus,Turley Richards,No suitable video
6/20/1970,If My Heart Could Speak,The Manhattans,No suitable video
6/20/1970,This Bitter Earth,The Satisfactions,No suitable video
6/20/1970,I Just Can't Help Believing,B.J. Thomas,No suitable video
6/27/1970,Big Yellow Taxi,The Neighborhood,No suitable video
6/20/1970,Cinnamon Girl,Neil Young & Crazy Horse,No suitable video
6/27/1970,Let's Make Each Other Happy,The Illusion,No suitable video
6/27/1970,"Signed, Sealed, Delivered I'm Yours",Stevie Wonder,No suitable video
7/4/1970,Destiny/Susie-Q,Jose Feliciano,No suitable video
7/11/1970,"Que Sera, Sera (Whatever Will Be, Will Be)",Mary Hopkin,No suitable video
6/27/1970,Ohio,"Crosby, Stills, Nash & Young",No suitable video
7/11/1970,Summertime Blues,The Who,No suitable video
7/4/1970,Wonder Could I Live There Anymore,Charley Pride,No suitable video
7/4/1970,Let The Music Take Your Mind,Kool & The Gang,No suitable video
7/11/1970,No Arms Can Ever Hold You,Bobby Vinton,No suitable video
7/18/1970,The Lights Of Tucson,Jim Campbell,No suitable video
7/25/1970,Sing A Song For Freedom,Frijid Pink,No suitable video
8/1/1970,Hi-De-Ho,"Blood, Sweat & Tears",No suitable video
7/25/1970,"America, Communicate With Me",Ray Stevens,No suitable video
7/11/1970,I.O.I.O.,Bee Gees,No suitable video
7/25/1970,Black Fox,Freddy Robinson,No suitable video
8/8/1970,Don't Play That Song,Aretha Franklin with The Dixie Flyers,No suitable video
7/25/1970,Big Yellow Taxi,Joni Mitchell,No suitable video
8/15/1970,Long Long Time,Linda Ronstadt,No suitable video
8/22/1970,"Baby, I Need Your Loving",O.C. Smith,No suitable video
8/22/1970,Sing Out The Love (In My Heart),Arkade,No suitable video
8/22/1970,Stay Away From Me (I Love You Too Much),Major Lance,No suitable video
9/5/1970,It's Only Make Believe,Glen Campbell,No suitable video
9/5/1970,Empty Pages,Traffic,No suitable video
9/12/1970,Alone Again Or,Love,No suitable video
9/19/1970,"God, Love And Rock & Roll",Teegarden & Van Winkle,No suitable video
9/19/1970,Our House,"Crosby, Stills, Nash & Young",No suitable video
9/26/1970,Just Let It Come,Alive 'N Kickin',No suitable video
9/26/1970,Sweetheart,Engelbert Humperdinck,No suitable video
10/10/1970,Cry Me A River,Joe Cocker,No suitable video
9/26/1970,"See Me, Feel Me",The Who,No suitable video
9/19/1970,Stoned Cowboy,Fantasy,No suitable video
9/26/1970,Funky Man,Kool & The Gang,No suitable video
10/10/1970,Father Come On Home,Pacific Gas And Electric,No suitable video
10/10/1970,Time To Kill,The Band,No suitable video
10/31/1970,One Light Two Lights,The Satisfactions,No suitable video
10/17/1970,The Tears Of A Clown,Smokey Robinson & The Miracles,No suitable video
10/24/1970,Groove Me,King Floyd,No suitable video
10/24/1970,Only Love Can Break Your Heart,Neil Young,No suitable video
11/7/1970,Games,Redeye,No suitable video
11/7/1970,Sunset Strip,Ray Stevens,No suitable video
10/31/1970,Big Leg Woman (With A Short Short Mini Skirt),"Israel ""Popper Stopper"" Tolbert",No suitable video
11/7/1970,Alright In The City,Dunn & McCashen,No suitable video
10/24/1970,"Run, Woman, Run",Tammy Wynette,No suitable video
11/7/1970,Stoned Love,The Supremes,No suitable video
11/14/1970,Pay To The Piper,Chairman Of The Board,No suitable video
11/14/1970,We Gotta Get You A Woman,Runt,No suitable video
11/14/1970,Domino,Van Morrison,No suitable video
11/21/1970,Where Have All Our Heroes Gone,Bill Anderson,No suitable video
11/7/1970,Simply Call It Love,Gene Chandler,No suitable video
11/21/1970,Mr. Bojangles,Nitty Gritty Dirt Band,No suitable video
11/7/1970,Carolina In My Mind,Crystal Mansion Featuring Johnny Caswell,No suitable video
11/21/1970,Think About Your Children,Mary Hopkin,No suitable video
11/28/1970,When The Party Is Over,Robert John,No suitable video
11/28/1970,Rose Garden,Lynn Anderson,No suitable video
12/5/1970,Black Night,Deep Purple,No suitable video
12/5/1970,Lady Love,The Klowns,No suitable video
12/12/1970,Heartbreak Hotel,Frijid Pink,No suitable video
12/12/1970,We Got To Live Together - Part I,Buddy Miles,No suitable video
12/12/1970,After The Feeling Is Gone,Five Flights Up,No suitable video
12/12/1970,Satin Red And Black Velvet Woman,Dave Mason,No suitable video
12/5/1970,Lonely Days,Bee Gees,No suitable video
11/28/1970,Most Of All,B.J. Thomas,No suitable video
12/12/1970,Amazing Grace,Judy Collins,No suitable video
12/19/1970,Bridget The Midget (The Queen Of The Blues),Ray Stevens,No suitable video
1/2/1971,There It Goes Again,Barbara And The Uniques,No suitable video
1/9/1971,Beautiful People,The New Seekers featuring Eve Graham,No suitable video
1/2/1971,Cheryl Moana Marie,John Rowles,No suitable video
1/23/1971,Ride A White Swan,Tyrannosaurus Rex,No suitable video
1/23/1971,Solution For Pollution,Charles Wright And The Watts 103rd Street Rhythm Band,No suitable video
1/16/1971,Jody's Got Your Girl And Gone,Johnnie Taylor,No suitable video
1/9/1971,Fly Little White Dove Fly,The Bells,No suitable video
1/2/1971,One Bad Apple,The Osmonds,No suitable video
1/9/1971,Mother,John Lennon/Plastic Ono Band Yoko Ono/Plastic Ono Band,No suitable video
2/6/1971,Blue Money,Van Morrison,No suitable video
1/30/1971,Mama's Pearl,Jackson 5,No suitable video
1/30/1971,Proud Mary,Ike & Tina Turner,No suitable video
1/30/1971,Theme From Love Story,Francis Lai And His Orchestra,No suitable video
2/6/1971,Heavy Makes You Happy (Sha-Na-Boom Boom),The Staple Singers,No suitable video
2/6/1971,Angel Baby,Dusk,No suitable video
2/13/1971,The Morning Of Our Lives,Arkade,No suitable video
2/13/1971,Doesn't Somebody Want To Be Wanted,The Partridge Family Starring Shirley Jones Featuring David Cassidy,No suitable video
2/6/1971,Whole Lotta Love,C.C.S.,No suitable video
2/27/1971,No Love At All,B.J. Thomas,No suitable video
2/20/1971,You're All I Need To Get By,Aretha Franklin,No suitable video
2/27/1971,Ain't Got Time,The Impressions,No suitable video
2/13/1971,Ain't It A Sad Thing,R. Dean Taylor,No suitable video
2/13/1971,My Sweet Lord,Billy Preston,No suitable video
2/6/1971,Just My Imagination (Running Away With Me),The Temptations,No suitable video
3/6/1971,When There's No You,Engelbert Humperdinck,No suitable video
2/20/1971,What's Going On,Marvin Gaye,No suitable video
3/13/1971,I Can't Stop,The Osmond Brothers,No suitable video
3/13/1971,Hot Pants,Salvage,No suitable video
3/20/1971,I Don't Know How To Love Him/Everything's Alright,The Kimberlys,No suitable video
3/20/1971,I'm Girl Scoutin',The Intruders,No suitable video
4/3/1971,I Was Wondering,The Poppy Family,No suitable video
4/3/1971,13 Questions,Seatrain,No suitable video
3/20/1971,Nickel Song,The New Seekers featuring Eve Graham,No suitable video
3/13/1971,Lucky Man,"Emerson, Lake & Palmer",No suitable video
3/27/1971,Love Makes The World Go Round,Kiki Dee,No suitable video
4/3/1971,Toast And Marmalade For Tea,Tin Tin,No suitable video
4/10/1971,When You Dance I Can Really Love,Neil Young,No suitable video
4/3/1971,Power To The People,John Lennon/Plastic Ono Band Yoko Ono/Plastic Ono Band,No suitable video
4/10/1971,Want Ads,The Honey Cone,No suitable video
4/3/1971,Never Can Say Goodbye,Jackson 5,No suitable video
3/20/1971,Soldier's Last Letter,Merle Haggard And The Strangers,No suitable video
4/10/1971,Empty Arms,Sonny James,No suitable video
4/10/1971,"Chirpy Chirpy, Cheep Cheep",Lally Stott,No suitable video
4/24/1971,Happy,Hog Heaven,No suitable video
4/24/1971,I Wanna Be Free,Loretta Lynn,No suitable video
4/24/1971,House At Pooh Corner,Nitty Gritty Dirt Band,No suitable video
4/17/1971,Bridge Over Troubled Water/Brand New Me,Aretha Franklin,No suitable video
5/8/1971,"Try Some, Buy Some",Ronnie Spector,No suitable video
5/8/1971,The Court Room,Clarence Carter,No suitable video
5/1/1971,Brown Sugar,The Rolling Stones,No suitable video
4/24/1971,Red Eye Blues,Red Eye,No suitable video
5/8/1971,Lowdown,Chicago,No suitable video
4/24/1971,I Don't Know How To Love Him,Yvonne Elliman,No suitable video
4/24/1971,Be Nice To Me,Runt-Todd Rundgren,No suitable video
5/8/1971,Sea Cruise,Johnny Rivers,No suitable video
5/15/1971,Double Lovin',The Osmonds,No suitable video
6/5/1971,"Stop, Look, Listen (To Your Heart)",The Stylistics,No suitable video
6/12/1971,I Hear Those Church Bells Ringing,Dusk,No suitable video
5/15/1971,Your Love (Means Everything to Me),Charles Wright And The Watts 103rd Street Rhythm Band,No suitable video
5/22/1971,What You See Is What You Get,Stoney & Meatloaf,No suitable video
5/8/1971,Hot Love,T. Rex,No suitable video
6/12/1971,Do You Know What Time It Is?,P-Nut Gallery,No suitable video
6/12/1971,Double Barrel,Dave & Ansil Collins,No suitable video
5/8/1971,I'll Meet You Halfway,The Partridge Family Starring Shirley Jones Featuring David Cassidy,No suitable video
6/12/1971,Rings,Cymarron,No suitable video
6/19/1971,Hey! Love/Over And Over,The Delfonics,No suitable video
6/19/1971,Day By Day (Every Minute of The Hour),The Continental 4,No suitable video
6/19/1971,Wild Horses,The Rolling Stones,No suitable video
6/19/1971,Resurrection Shuffle,"Ashton, Gardner & Dyke",No suitable video
6/19/1971,Give Up Your Guns,The Buoys,No suitable video
6/26/1971,The Sound Of Silence,Peaches & Herb,No suitable video
6/26/1971,We're All Goin' Home,Bobby Bloom,No suitable video
6/19/1971,"Mozart Symphony No. 40 In G Minor K.550, 1st Movement",Waldo De Los Rios,No suitable video
6/26/1971,Take My Hand,Kenny Rogers & The First Edition,No suitable video
7/3/1971,Love Is Life,"Earth, Wind & Fire",No suitable video
6/26/1971,How Can You Mend A Broken Heart,Bee Gees,No suitable video
7/3/1971,K-Jee,The Nite-Liters,No suitable video
7/10/1971,Saturday Morning Confusion,Bobby Russell,No suitable video
7/3/1971,Mighty Clouds Of Joy,B.J. Thomas,No suitable video
6/26/1971,I Love You Lady Dawn,The Bells,No suitable video
7/10/1971,Gonna Be Alright Now,Gayle McCormick,No suitable video
7/17/1971,Won't Get Fooled Again,The Who,No suitable video
7/17/1971,Maggie May/Reason To Believe,Rod Stewart,No suitable video
8/7/1971,Amanda,Dionne Warwicke,No suitable video
7/24/1971,Come Back Home,Bobby Goldsboro,No suitable video
7/31/1971,Where Evil Grows,The Poppy Family,No suitable video
7/10/1971,He's Gonna Step On You Again,John Kongos,No suitable video
7/24/1971,I Likes To Do It,The People's Choice,No suitable video
8/7/1971,Stick-Up,The Honey Cone,No suitable video
8/21/1971,Roll On,The New Colony Six,No suitable video
8/7/1971,Go Away Little Girl,Donny Osmond,No suitable video
8/14/1971,Rain Dance,The Guess Who,No suitable video
8/21/1971,Easy Loving,Freddie Hart,No suitable video
8/7/1971,The Story In Your Eyes,The Moody Blues,No suitable video
8/14/1971,Uncle Albert/Admiral Halsey,Paul & Linda McCartney,No suitable video
8/21/1971,"Another Time, Another Place",Engelbert Humperdinck,No suitable video
9/4/1971,He'd Rather Have The Rain,Heaven Bound with Tony Scotti,No suitable video
8/28/1971,All My Trials,Ray Stevens,No suitable video
9/11/1971,Solo,Billie Sans,No suitable video
9/11/1971,Some Of Shelly's Blues,Nitty Gritty Dirt Band,No suitable video
9/4/1971,"A Long Time, A Long Way To Go",Runt-Todd Rundgren,No suitable video
9/18/1971,You've Got To Crawl (Before You Walk),The 8th Day,No suitable video
9/11/1971,Can You Get To That,Funkadelic,No suitable video
9/18/1971,It's For You,Springwell,No suitable video
9/11/1971,Yo-Yo,The Osmonds,No suitable video
9/18/1971,Never My Love,The 5th Dimension,No suitable video
9/18/1971,"One Tin Soldier, The Legend of Billy Jack",Coven,No suitable video
9/18/1971,It's A Cryin' Shame,Gayle McCormick,No suitable video
9/25/1971,I Don't Need No Doctor,Humble Pie,No suitable video
10/2/1971,Co-Co,The Sweet,No suitable video
10/2/1971,Valerie,Cymarron,No suitable video
10/2/1971,"Freedom Comes, Freedom Goes",The Fortunes,No suitable video
10/9/1971,It's Impossible,The New Birth,No suitable video
10/2/1971,Rub It In,Layng Martine,No suitable video
10/23/1971,Dolly Dagger,Jimi Hendrix,No suitable video
10/16/1971,Absolutely Right,Five Man Electrical Band,No suitable video
10/16/1971,Respect Yourself,The Staple Singers,No suitable video
10/23/1971,If It's Alright With You,Rose Colored Glass,No suitable video
10/23/1971,Don't Wanna Live Inside Myself,Bee Gees,No suitable video
10/23/1971,Imagine,John Lennon Plastic Ono Band,No suitable video
10/23/1971,Gimme Some Lovin'-Pt. 1,"Traffic, Etc.",No suitable video
10/30/1971,Brand New Key,Melanie,No suitable video
10/30/1971,Rock Steady,Aretha Franklin,No suitable video
11/6/1971,Long Ago Tomorrow,B.J. Thomas,No suitable video
11/6/1971,Behind Blue Eyes,The Who,No suitable video
11/6/1971,"White Lies, Blue Eyes",Bullet,No suitable video
11/20/1971,Lookin' Back,Bob Seger,No suitable video
11/27/1971,Sour Suite,The Guess Who,No suitable video
11/20/1971,Turn Your Radio On,Ray Stevens,No suitable video
11/6/1971,Show Me How,The Emotions,No suitable video
11/20/1971,My Boy,Richard Harris,No suitable video
11/27/1971,Me And Bobby McGee,Jerry Lee Lewis,No suitable video
11/27/1971,American Pie (Parts I & II),Don McLean,No suitable video
11/27/1971,Clean Up Woman,Betty Wright,No suitable video
12/4/1971,Carolyn,Merle Haggard And The Strangers,No suitable video
11/27/1971,Truckin',Grateful Dead,No suitable video
12/4/1971,Once You Understand,Think,No suitable video
12/4/1971,George Jackson,Bob Dylan,No suitable video
12/11/1971,Those Were The Days,Carroll O'Connor And Jean Stapleton (As The Bunkers),No suitable video
12/4/1971,No Sad Song,Helen Reddy,No suitable video
12/4/1971,Day After Day,Badfinger,No suitable video
12/11/1971,Five Hundred Miles,Heaven Bound with Tony Scotti,No suitable video
12/11/1971,Get Up And Get Down,The Dramatics,No suitable video
12/11/1971,Long Time To Be Alone,The New Colony Six,No suitable video
12/11/1971,Sugar Daddy,Jackson 5,No suitable video
12/25/1971,Son Of Shaft,The Bar-Kays,No suitable video
1/29/1972,Every Day Of My Life,Bobby Vinton,No suitable video
1/22/1972,You Really Got A Hold On Me,Gayle McCormick,No suitable video
1/1/1972,Precious And Few,Climax,No suitable video
1/29/1972,Crazy Mama,J.J. Cale,No suitable video
1/29/1972,Bedtime Story,Tammy Wynette,No suitable video
1/22/1972,Down By The Lazy River,The Osmonds,No suitable video
2/12/1972,Goin' Down (On The Road To L.A.),Terry Black & Laurel Ward,No suitable video
2/19/1972,One Way Sunday,Mark-Almond,No suitable video
2/5/1972,Mr. Penguin-Pt. I,Lunar Funk,No suitable video
2/12/1972,Rock And Roll Lullaby,B.J. Thomas,No suitable video
1/29/1972,Iron Man,Black Sabbath,No suitable video
2/26/1972,In The Rain,The Dramatics,No suitable video
2/26/1972,Puppy Love,Donny Osmond,No suitable video
3/11/1972,"Willpower Weak, Temptation Strong",Bullet,No suitable video
3/11/1972,Give Ireland Back To The Irish,Wings,No suitable video
4/1/1972,Simple Song Of Freedom,Buckwheat,No suitable video
3/4/1972,Chantilly Lace,Jerry Lee Lewis,No suitable video
3/11/1972,Taxi,Harry Chapin,No suitable video
3/25/1972,Baby Blue,Badfinger,No suitable video
4/1/1972,Let's Stay Together,Isaac Hayes,No suitable video
3/18/1972,Nutrocker,"Emerson, Lake & Palmer",No suitable video
4/1/1972,School Teacher,Kenny Rogers & The First Edition,No suitable video
3/25/1972,Help Me Make It Through The Night,Gladys Knight And The Pips,No suitable video
4/1/1972,Jambalaya (On The Bayou),Nitty Gritty Dirt Band,No suitable video
4/1/1972,Morning Has Broken,Cat Stevens,No suitable video
4/22/1972,Long Haired Lover From Liverpool,Little Jimmy Osmond with The Mike Curb Congregation,No suitable video
4/8/1972,I Saw The Light,Todd Rundgren,No suitable video
4/29/1972,How Do You Do?,Mouth & MacNeal,No suitable video
4/15/1972,Changes,David Bowie,No suitable video
4/22/1972,Outa-Space,Billy Preston,No suitable video
4/29/1972,Upsetter,Grand Funk Railroad,No suitable video
4/29/1972,Where There's A Will There's A Way,Delaney & Bonnie,No suitable video
4/22/1972,Telegram Sam,T. Rex,No suitable video
4/29/1972,Tumbling Dice,The Rolling Stones,No suitable video
4/22/1972,Little Bitty Pretty One,Jackson 5,No suitable video
5/6/1972,I Can't Turn You Loose,Edgar Winter's White Trash,No suitable video
5/6/1972,Life And Breath,Climax featuring Sonny Geraci,No suitable video
5/13/1972,"Just As Long As You Need Me, Part I",Independents,No suitable video
5/27/1972,Conquistador,Procol Harum,No suitable video
5/13/1972,Don't Want To Say Goodbye,Raspberries,No suitable video
5/20/1972,After Midnight,J.J. Cale,No suitable video
6/10/1972,My Guy,Petula Clark,No suitable video
5/20/1972,Woman Is The Nigger Of The World,John Lennon/Plastic Ono Band With Elephant's Memory,No suitable video
4/15/1972,Iko Iko,Dr. John,No suitable video
6/10/1972,Too Young,Donny Osmond,No suitable video
5/27/1972,I Wanna Be Where You Are,Michael Jackson,No suitable video
6/17/1972,Men Of Learning,Vigrass & Osborne,No suitable video
6/17/1972,I'm Coming Home,Stories,No suitable video
5/20/1972,How Can I Be Sure,David Cassidy,No suitable video
6/17/1972,Alone Again (Naturally),Gilbert O'Sullivan,No suitable video
7/1/1972,Hold Her Tight,The Osmonds,No suitable video
7/8/1972,Country Woman,The Magic Lantern,No suitable video
6/17/1972,Mary Had A Little Lamb/Little Woman Love,Wings,No suitable video
7/1/1972,War Song,Neil Young & Graham Nash,No suitable video
7/1/1972,Breaking Up Is Hard To Do,The Partridge Family Starring Shirley Jones Featuring David Cassidy,No suitable video
7/8/1972,Starting All Over Again,Mel And Tim,No suitable video
7/1/1972,If I Were A Carpenter,Bob Seger,No suitable video
7/1/1972,Delta Dawn,Tanya Tucker,No suitable video
7/15/1972,Happy,The Rolling Stones,No suitable video
7/15/1972,That's What Friends Are For,B.J. Thomas,No suitable video
7/15/1972,Lookin' Through The Windows,Jackson 5,No suitable video
7/29/1972,Couldn't I Just Tell You,Todd Rundgren,No suitable video
7/22/1972,Join Together,The Who,No suitable video
7/22/1972,Turn On Your Love Light,Jerry Lee Lewis,No suitable video
7/22/1972,Rock And Roll Part 2,Gary Glitter,No suitable video
7/29/1972,Easy Livin,Uriah Heep,No suitable video
8/12/1972,America,Yes,No suitable video
8/12/1972,Summer Sun,Jamestown Massacre,No suitable video
8/5/1972,In Time,Engelbert Humperdinck,No suitable video
8/5/1972,Geronimo's Cadillac,Michael Murphey,No suitable video
7/22/1972,Back Stabbers,The O'Jays,No suitable video
7/29/1972,Run To Me,Bee Gees,No suitable video
8/26/1972,Tight Rope,Leon Russell,No suitable video
8/26/1972,A Piece Of Paper,Gladstone,No suitable video
8/12/1972,Melissa,The Allman Brothers Band,No suitable video
8/26/1972,Toast To The Fool,The Dramatics,No suitable video
9/9/1972,If I Could Reach You,The 5th Dimension,No suitable video
9/2/1972,Fool's Paradise,The Sylvers,No suitable video
9/2/1972,Loving You Just Crossed My Mind,Sam Neely,No suitable video
9/2/1972,Listen To The Music,The Doobie Brothers,No suitable video
9/9/1972,Colorado,Danny Holien,No suitable video
9/9/1972,Money Back Guarantee,Five Man Electrical Band,No suitable video
9/16/1972,I'll Be Around,The Spinners,No suitable video
9/23/1972,"Mean Little Woman, Rosalie",Tommy Roe,No suitable video
9/30/1972,So Long Dixie,"Blood, Sweat & Tears",No suitable video
9/9/1972,Evil Ways,Carlos Santana & Buddy Miles,No suitable video
10/7/1972,Wedding Song (There Is Love),Petula Clark,No suitable video
9/23/1972,Can't You Hear The Song?,Wayne Newton,No suitable video
9/23/1972,"Dance, Dance, Dance",The New Seekers featuring Marty Kristian,No suitable video
10/14/1972,Papa Was A Rollin' Stone,The Temptations,No suitable video
10/7/1972,Happier Than The Morning Sun,B.J. Thomas,No suitable video
10/14/1972,Baby Sitter,Betty Wright,No suitable video
10/21/1972,Crazy Horses,The Osmonds,No suitable video
10/21/1972,Sunday Morning Sunshine,Harry Chapin,No suitable video
10/21/1972,"Hey, You Love",Mouth & MacNeal,No suitable video
11/4/1972,Long Dark Road,The Hollies,No suitable video
10/28/1972,Corner Of The Sky,Jackson 5,No suitable video
11/4/1972,Lies,J.J. Cale,No suitable video
10/28/1972,Suite: Man And Woman,Tony Cole,No suitable video
10/28/1972,Dancing In The Moonlight,King Harvest,No suitable video
11/4/1972,Roberta,Bones,No suitable video
11/25/1972,You're A Lady,Peter Skellern,No suitable video
10/28/1972,Clair,Gilbert O'Sullivan,No suitable video
11/11/1972,And You And I (Part II),Yes,No suitable video
11/4/1972,In Heaven There Is No Beer,Clean Living,No suitable video
11/18/1972,Alive,Bee Gees,No suitable video
11/25/1972,Why Can't We Live Together,Timmy Thomas,No suitable video
11/25/1972,The Jean Genie,David Bowie,No suitable video
12/2/1972,I Received A Letter,Delbert & Glen,No suitable video
12/2/1972,Jambalaya (On The Bayou),The Blue Ridge Rangers,No suitable video
12/2/1972,Trouble In My Home/I Found My Dad,Joe Simon,No suitable video
12/9/1972,The Relay,The Who,No suitable video
12/9/1972,I Miss You Baby,Millie Jackson,No suitable video
12/23/1972,Do You Want To Dance?,Bette Midler,No suitable video
12/2/1972,One Way Out,The Allman Brothers Band,No suitable video
12/9/1972,Knock Knock Who's There,Mary Hopkin,No suitable video
12/23/1972,Anthem,Wayne Newton,No suitable video
12/16/1972,Looking Through The Eyes Of Love,The Partridge Family Starring Shirley Jones Featuring David Cassidy,No suitable video
12/2/1972,"The Cover Of ""Rolling Stone""",Dr. Hook And The Medicine Show,No suitable video
12/30/1972,I Never Said Goodbye,Engelbert Humperdinck,No suitable video
12/30/1972,Peaceful Easy Feeling,Eagles,No suitable video
1/13/1973,Tweedlee Dee,Little Jimmy Osmond,No suitable video
1/6/1973,On And Off (Part 1),Anacostia,No suitable video
1/6/1973,Slow Motion (Part 1),Johnny Williams,No suitable video
1/27/1973,Dead Skunk,Loudon Wainwright III,No suitable video
1/20/1973,Love Train,The O'Jays,No suitable video
1/27/1973,Rosalie,Sam Neely,No suitable video
1/20/1973,Little Willy,The Sweet,No suitable video
2/3/1973,Wish That I Could Talk To You,The Sylvers,No suitable video
1/27/1973,Don't Cross The River,America,No suitable video
1/20/1973,Hot Wire,Al Green,No suitable video
2/3/1973,Sugar Magnolia,Grateful Dead,No suitable video
2/10/1973,Good Morning,Michael Redway,No suitable video
2/10/1973,Magic Woman Touch,The Hollies,No suitable video
2/3/1973,One Less Set Of Footsteps,Jim Croce,No suitable video
2/10/1973,Lost Horizon,Shawn Phillips,No suitable video
2/17/1973,Tie A Yellow Ribbon Round The Ole Oak Tree,Dawn Featuring Tony Orlando,No suitable video
3/24/1973,I Can Understand It,The New Birth,No suitable video
3/3/1973,Yesterday I Had The Blues,Harold Melvin And The Blue Notes,No suitable video
3/17/1973,Hallelujah Day,Jackson 5,No suitable video
3/10/1973,Oh La De Da,The Staple Singers,No suitable video
2/10/1973,Tossin' And Turnin',Bunny Sigler,No suitable video
2/24/1973,"Stop, Wait & Listen",Circus,No suitable video
3/24/1973,Saw A New Morning,Bee Gees,No suitable video
3/31/1973,Give It To Me,The J. Geils Band,No suitable video
3/31/1973,The Right Thing To Do,Carly Simon,No suitable video
4/7/1973,Daniel,Elton John,No suitable video
3/31/1973,Hearts Of Stone,The Blue Ridge Rangers,No suitable video
4/7/1973,Drinking Wine Spo-dee O'dee,Jerry Lee Lewis,No suitable video
4/14/1973,Steamroller Blues/Fool,Elvis Presley,No suitable video
4/21/1973,I'm A Stranger Here,Five Man Electrical Band,No suitable video
4/14/1973,Fool Like You,Tim Moore,No suitable video
4/28/1973,Roll Over Beethoven,Electric Light Orchestra,No suitable video
4/21/1973,It's Hard To Stop (Doing Something When It's Good To You),Betty Wright,No suitable video
5/5/1973,Hey You! Get Off My Mountain,The Dramatics,No suitable video
4/21/1973,First Cut Is The Deepest,Keith Hampshire,No suitable video
4/28/1973,You Can't Always Get What You Want,The Rolling Stones,No suitable video
4/28/1973,I Like You,Donovan,No suitable video
5/5/1973,A Little Bit Like Magic,King Harvest,No suitable video
5/5/1973,Dueling Tubas,Martin Mull and Orchestra,No suitable video
5/12/1973,Satin Sheets,Jeanne Pruett,No suitable video
5/12/1973,Boogie Woogie Bugle Boy,Bette Midler,No suitable video
5/19/1973,Brother's Gonna Work It Out,Willie Hutch,No suitable video
5/12/1973,Diamond Girl,Seals & Crofts,No suitable video
5/19/1973,Money,Pink Floyd,No suitable video
5/26/1973,What About Me,Anne Murray,No suitable video
5/26/1973,Smoke On The Water,Deep Purple,No suitable video
5/26/1973,Come Live With Me,Roy Clark,No suitable video
6/9/1973,There's No Me Without You,The Manhattans,No suitable video
6/9/1973,Mother-in-law,Clarence Carter,No suitable video
6/16/1973,Blockbuster,The Sweet,No suitable video
6/16/1973,Goin' Home,The Osmonds,No suitable video
7/7/1973,Sixty Minute Man/Mother-In-Law,Clarence Carter,No suitable video
6/16/1973,Be What You Are,The Staple Singers,No suitable video
6/16/1973,Kids Say The Darndest Things,Tammy Wynette,No suitable video
7/7/1973,Friend Of Mine,Bill Withers,No suitable video
7/7/1973,Live And Let Die,Wings,No suitable video
7/14/1973,Everyone's Agreed That Everything Will Turn Out Fine,Stealers Wheel,No suitable video
7/21/1973,One Tin Soldier (The Legend of Billy Jack),Coven,No suitable video
8/4/1973,Don't Let It End ('til You Let It Begin),The Miracles,No suitable video
8/11/1973,Slick,Willie Hutch,No suitable video
8/11/1973,Ecstasy,Ohio Players,No suitable video
8/18/1973,(I Don't Want To Love You But) You Got Me Anyway,Sutherland Brothers And Quiver,No suitable video
8/4/1973,Evil,"Earth, Wind & Fire",No suitable video
7/28/1973,We're An American Band,Grand Funk,No suitable video
8/25/1973,Until It's Time For You To Go,The New Birth,No suitable video
9/8/1973,Funky Stuff,Kool & The Gang,No suitable video
9/1/1973,Get It Together,Jackson 5,No suitable video
9/1/1973,Make Me Twice The Man,New York City,No suitable video
9/1/1973,He,Today's People,No suitable video
8/25/1973,Ramblin Man,The Allman Brothers Band,No suitable video
9/8/1973,Let Me In,The Osmonds,No suitable video
9/8/1973,That's Why You Remember,Kenny Karen,No suitable video
9/15/1973,Such A Night,Dr. John,No suitable video
9/22/1973,Sister James,Nino Tempo And 5th Ave. Sax,No suitable video
9/22/1973,You'd Better Believe It,The Manhattans,No suitable video
9/8/1973,Basketball Jones Featuring Tyrone Shoelaces,Cheech & Chong,No suitable video
9/15/1973,Outlaw Man,Eagles,No suitable video
10/6/1973,Let Me Be Your Lovemaker,Betty Wright,No suitable video
9/8/1973,Angie,The Rolling Stones,No suitable video
10/6/1973,I Got A Name,Jim Croce,No suitable video
9/29/1973,The Love I Lost (Part 1),Harold Melvin And The Blue Notes,No suitable video
10/13/1973,I Won't Last A Day Without You,Maureen McGovern,No suitable video
10/6/1973,Roll In My Sweet Baby's Arms/I'm So Lonesome I Could Cry,Hank Wilson,No suitable video
10/27/1973,Fell For You,The Dramatics,No suitable video
10/20/1973,Show And Tell,Al Wilson,No suitable video
11/10/1973,Rock On,David Essex,No suitable video
11/17/1973,Keep Your Head To The Sky,"Earth, Wind & Fire",No suitable video
12/1/1973,The River Of Love,B.W. Stevenson,No suitable video
12/1/1973,Blue Collar,Bachman-Turner Overdrive,No suitable video
11/24/1973,Sister Mary Elephant (Shudd-Up!),Cheech & Chong,No suitable video
10/27/1973,If You're Ready (Come Go With Me),The Staple Singers,No suitable video
10/27/1973,Goodbye Yellow Brick Road,Elton John,No suitable video
11/10/1973,MIND GAMES,John Lennon,No suitable video
12/8/1973,Jungle Boogie,Kool & The Gang,No suitable video
12/1/1973,"Love, Reign O'er Me",The Who,No suitable video
11/17/1973,Come Live With Me,Ray Charles,No suitable video
12/29/1973,It Doesn't Have To Be That Way,Jim Croce,No suitable video
12/15/1973,Jim Dandy,Black Oak Arkansas,No suitable video
12/15/1973,Could You Ever Love Me Again,Gary & Dave,No suitable video
1/5/1974,Americans,Byron MacGregor,No suitable video
1/5/1974,My Sweet Lady,Cliff DeYoung,No suitable video
1/12/1974,Doo Doo Doo Doo Doo (heartbreaker),The Rolling Stones,No suitable video
1/26/1974,We're Getting Careless With Our Love,Johnnie Taylor,No suitable video
1/5/1974,WOLD,Harry Chapin,No suitable video
2/2/1974,Get That Gasoline Blues,NRBQ,No suitable video
1/26/1974,In The Mood,Bette Midler,No suitable video
2/2/1974,The Real Me,The Who,No suitable video
2/16/1974,Would You Lay With Me (in A Field Of Stone),Tanya Tucker,No suitable video
2/16/1974,Hooked On A Feeling,Blue Swede,No suitable video
2/9/1974,Jet,Paul McCartney And Wings,No suitable video
2/23/1974,The Lord's Prayer,Sister Janet Mead,No suitable video
2/16/1974,It's Been A Long Time,The New Birth,No suitable video
2/9/1974,She's Gone,Daryl Hall John Oates,No suitable video
2/16/1974,Virginia (Touch Me Like You Do),Bill Amesbury,No suitable video
2/2/1974,"Quick, Fast, In A Hurry",New York City,No suitable video
1/12/1974,Eres Tu (Touch The Wind),Mocedades,No suitable video
2/23/1974,What Is Hip?,Tower Of Power,No suitable video
2/23/1974,Let It Ride,Bachman-Turner Overdrive,No suitable video
3/9/1974,She,Southcote,No suitable video
3/9/1974,Keep On Singing,Helen Reddy,No suitable video
3/9/1974,Mr. Natural,Bee Gees,No suitable video
2/23/1974,Tubular Bells,Mike Oldfield,No suitable video
3/9/1974,Touch And Go,Al Wilson,No suitable video
3/23/1974,Might Just Take Your Life,Deep Purple,No suitable video
3/23/1974,The Entertainer,"Marvin Hamlisch/""The Sting""",No suitable video
3/16/1974,Dancing Machine,Jackson 5,No suitable video
3/23/1974,Chameleon,Herbie Hancock,No suitable video
3/30/1974,I Am What I Am,Lois Fletcher,No suitable video
3/30/1974,It Only Hurts When I Try To Smile,Dawn Featuring Tony Orlando,No suitable video
3/30/1974,Werewolf,Five Man Electrical Band,No suitable video
4/6/1974,A Dream Goes On Forever,Todd Rundgren,No suitable video
4/6/1974,So Good,The Eleventh Hour,No suitable video
4/6/1974,Satisfaction Guaranteed (Or Take Your Love Back),Harold Melvin And The Blue Notes,No suitable video
3/23/1974,You Make Me Feel Brand New,The Stylistics,No suitable video
4/27/1974,(I'm A) YoYo Man,Rick Cunha,No suitable video
5/4/1974,Daybreaker,Electric Light Orchestra,No suitable video
5/4/1974,Finally Got Myself Together (I'm A Changed Man),The Impressions,No suitable video
5/4/1974,Already Gone,Eagles,No suitable video
4/20/1974,Hollywood Swinging,Kool & The Gang,No suitable video
5/11/1974,(everybody Wanna Get Rich) Rite Away,Dr. John,No suitable video
5/18/1974,The Lone Ranger,Oscar Brown Jr.,No suitable video
5/11/1974,Wildflower,The New Birth,No suitable video
5/25/1974,It's Her Turn To Live,Smokey Robinson,No suitable video
6/1/1974,Georgia Porcupine,George Fischoff,No suitable video
5/18/1974,Takin' Care Of Business,Bachman-Turner Overdrive,No suitable video
6/1/1974,Waterloo,ABBA,No suitable video
6/1/1974,Please Come To Boston,Dave Loggins,No suitable video
6/8/1974,If You Go Away,Terry Jacks,No suitable video
6/8/1974,Tell Laura I Love Her,Johnny T. Angel,No suitable video
6/15/1974,Wake Up And Love Me,April,No suitable video
7/6/1974,Dance Master Pt. 1,Willie Henderson,No suitable video
6/15/1974,You And Me Against The World,Helen Reddy,No suitable video
6/29/1974,Rub It In,"Billy ""Crash"" Craddock",No suitable video
6/29/1974,Tell Me That I'm Wrong,"Blood, Sweat & Tears",No suitable video
7/13/1974,Secretary,Betty Wright,No suitable video
6/22/1974,Don't Let The Sun Go Down On Me,Elton John,No suitable video
6/15/1974,I'm Falling In Love With You,Little Anthony And The Imperials,No suitable video
7/13/1974,Shinin' On,Grand Funk,No suitable video
7/6/1974,I'm Leaving It (All) Up To You,Donny & Marie Osmond,No suitable video
7/13/1974,It Could Have Been Me,Sami Jo,No suitable video
7/13/1974,Walk On,Neil Young,No suitable video
7/13/1974,Kalimba Story,"Earth, Wind & Fire",No suitable video
7/13/1974,Ma! (He's Making Eyes At Me),Lena Zavaroni,No suitable video
7/20/1974,Rings,Reuben Howell,No suitable video
7/27/1974,Moonlight Special,Ray Stevens,No suitable video
7/20/1974,Don't Change Horses (In The Middle Of A Stream),Tower Of Power,No suitable video
7/27/1974,Eyes Of Silver,The Doobie Brothers,No suitable video
8/24/1974,Door To Your Heart,The Dramatics,No suitable video
7/27/1974,Then Came You,Dionne Warwicke & Spinners,No suitable video
8/31/1974,Carefree Highway,Gordon Lightfoot,No suitable video
8/24/1974,Do It Baby,The Miracles,No suitable video
8/31/1974,Love Me For A Reason,The Osmonds,No suitable video
9/7/1974,The Bitch Is Back,Elton John,No suitable video
9/7/1974,Higher Plane,Kool & The Gang,No suitable video
9/21/1974,You Can Have Her,Sam Neely,No suitable video
9/21/1974,You Ain't Seen Nothing Yet/Free Wheelin',Bachman-Turner Overdrive,No suitable video
9/21/1974,Second Avenue,Tim Moore,No suitable video
9/21/1974,James Dean,Eagles,No suitable video
9/21/1974,My Melody Of Love,Bobby Vinton,No suitable video
9/21/1974,So You Are A Star,The Hudson Brothers,No suitable video
9/14/1974,All Shook Up,Suzi Quatro,No suitable video
10/5/1974,La La Peace Song,Al Wilson,No suitable video
9/28/1974,Devotion,"Earth, Wind & Fire",No suitable video
9/28/1974,Distant Lover,Marvin Gaye,No suitable video
9/28/1974,Whatever Gets You Thru The Night,John Lennon With The Plastic Ono Nuclear Band,No suitable video
10/12/1974,"I Wash My Hands Of The Whole Damn Deal, Part I",The New Birth,No suitable video
10/12/1974,Battle Of New Orleans,The Nitty Gritty Dirt Band,No suitable video
10/19/1974,Candy's Going Bad,Golden Earring,No suitable video
10/19/1974,Angie Baby,Helen Reddy,No suitable video
10/12/1974,Kung Fu Fighting,Carl Douglas,No suitable video
11/9/1974,Where Are All My Friends,Harold Melvin And The Blue Notes,No suitable video
11/2/1974,Evil Boll-weevil,Grand Canyon,No suitable video
11/2/1974,Bungle In The Jungle,Jethro Tull,No suitable video
10/26/1974,"Whatever You Got, I Want",Jackson 5,No suitable video
11/23/1974,"Ruby, Baby","Billy ""Crash"" Craddock",No suitable video
11/16/1974,Morning Side Of The Mountain,Donny & Marie Osmond,No suitable video
11/30/1974,Best Of My Love,Eagles,No suitable video
11/30/1974,Doctor's Orders,Carol Douglas,No suitable video
12/7/1974,"Baby, Hang Up The Phone",Carl Graves,No suitable video
12/14/1974,Costafine Town,Splinter,No suitable video
1/4/1975,Don't Take Your Love,The Manhattans,No suitable video
12/21/1974,Can't Get It Out Of My Head,Electric Light Orchestra,No suitable video
12/14/1974,Struttin',Billy Preston,No suitable video
12/28/1974,Lonely People,America,No suitable video
1/11/1975,Ain't That Peculiar,Diamond Reo,No suitable video
12/21/1974,#9 Dream,John Lennon,No suitable video
1/4/1975,Rhyme Tyme People,Kool & The Gang,No suitable video
1/11/1975,I Won't Last A Day Without You/Let Me Be The One,Al Wilson,No suitable video
1/18/1975,Hot Dawgit,"Ramsey Lewis And Earth, Wind & Fire",No suitable video
1/11/1975,"Shame, Shame, Shame",Shirley And Company,No suitable video
1/18/1975,Future Shock,Hello People,No suitable video
1/18/1975,Thanks For The Smiles,Charlie Ross,No suitable video
1/25/1975,Isn't It Lonely Together,Stark & McBrien,No suitable video
1/18/1975,Movin' On,Bad Company,No suitable video
1/18/1975,Roll On Down The Highway,Bachman-Turner Overdrive,No suitable video
1/25/1975,Devil In The Bottle,T.G. Sheppard,No suitable video
1/18/1975,I Am Love (Parts I & II),Jackson 5,No suitable video
1/25/1975,Chico And The Man,Jose Feliciano,No suitable video
2/1/1975,"Please, Mr. President",Paula Webb,No suitable video
1/25/1975,We May Never Love Like This Again,Maureen McGovern,No suitable video
2/1/1975,I Fought The Law,Sam Neely,No suitable video
2/8/1975,The South's Gonna Do It,The Charlie Daniels Band,No suitable video
2/8/1975,Charmer,Tim Moore,No suitable video
2/15/1975,I Wanna Learn A Love Song,Harry Chapin,No suitable video
2/15/1975,Bump Me Baby Part 1,Dooley Silverspoon,No suitable video
2/22/1975,Hush/I'm Alive,Blue Swede,No suitable video
3/1/1975,Only One Woman,Nigel Olsson,No suitable video
2/22/1975,Long Tall Glasses (I Can Dance),Leo Sayer,No suitable video
2/22/1975,Harry Truman,Chicago,No suitable video
2/1/1975,(Hey Won't You Play) Another Somebody Done Somebody Wrong Song,B.J. Thomas,No suitable video
3/1/1975,Showdown,Odia Coates,No suitable video
3/8/1975,Everybody Wants To Find A Bluebird,Randy Edelman,No suitable video
2/8/1975,Emma,Hot Chocolate,No suitable video
3/8/1975,How Long,Ace,No suitable video
3/15/1975,I'm Her Fool,Billy Swan,No suitable video
3/15/1975,Autobahn,Kraftwerk,No suitable video
3/8/1975,Shaving Cream,Benny Bell,No suitable video
3/15/1975,Stand By Me,John Lennon,No suitable video
3/15/1975,Beer Barrel Polka/Dick And Jane,Bobby Vinton,No suitable video
3/15/1975,Young Americans,David Bowie,No suitable video
3/22/1975,Sun Goddess,"Ramsey Lewis And Earth, Wind & Fire",No suitable video
4/5/1975,Spirit Of The Boogie/Summer Madness,Kool & The Gang,No suitable video
3/29/1975,Wildfire,Michael Murphey,No suitable video
4/12/1975,Dynomite-Part I,Tony Camillo's Bazuka,No suitable video
4/5/1975,The Last Farewell,Roger Whittaker,No suitable video
4/5/1975,Bad Time,Grand Funk,No suitable video
4/5/1975,Where Is The Love,Betty Wright,No suitable video
4/19/1975,Ease On Down The Road,Consumer Rapport,No suitable video
4/19/1975,Good Lovin' Gone Bad,Bad Company,No suitable video
4/19/1975,Trampled Under Foot,Led Zeppelin,No suitable video
4/19/1975,Don't Leave Me In The Morning,Odia Coates,No suitable video
4/26/1975,One More Tomorrow,Henry Gross,No suitable video
4/26/1975,Old Days,Chicago,No suitable video
4/26/1975,Real Man,Todd Rundgren,No suitable video
4/26/1975,This Ol' Cowboy,The Marshall Tucker Band,No suitable video
5/3/1975,Judy Mae,Boomer Castleman,No suitable video
5/3/1975,Me And Mrs. Jones,Ron Banks And The Dramatics,No suitable video
5/3/1975,Minnesota,Northern Light,No suitable video
5/10/1975,Tryin' To Beat The Morning Home,T.G. Sheppard,No suitable video
5/24/1975,Damn It All,Gene Cotton,No suitable video
5/17/1975,Hey You,Bachman-Turner Overdrive,No suitable video
5/10/1975,Long Haired Country Boy,The Charlie Daniels Band,No suitable video
5/24/1975,Granddaddy (Part 1),New Birth,No suitable video
5/31/1975,One Of These Nights,Eagles,No suitable video
6/21/1975,Rendezvous,The Hudson Brothers,No suitable video
5/31/1975,Hurt,The Manhattans,No suitable video
5/31/1975,Jive Talkin',Bee Gees,No suitable video
5/31/1975,Remember The Rain?,The 21st Century,No suitable video
6/21/1975,Wooden Heart,Bobby Vinton,No suitable video
6/7/1975,Make The World Go Away,Donny & Marie Osmond,No suitable video
6/28/1975,Fame,David Bowie,No suitable video
6/28/1975,One Man Band,Leo Sayer,No suitable video
7/5/1975,Dream Merchant,New Birth,No suitable video
7/5/1975,Sooner Or Later,The Impressions,No suitable video
6/28/1975,What Time Of Day,Billy Thunderkloud & The Chieftones,No suitable video
7/5/1975,Shoes,Reparata,No suitable video
6/14/1975,Got To Get You Into My Life,"Blood, Sweat & Tears",No suitable video
7/5/1975,Hope That We Can Be Together Soon,Sharon Paige and Harold Melvin And The Blue Notes,No suitable video
7/5/1975,Forever Came Today,Jackson 5,No suitable video
7/5/1975,Keep Our Love Alive,Paul Davis,No suitable video
7/5/1975,Please Tell Him That I Said Hello,Debbie Campbell,No suitable video
7/12/1975,Help Me Rhonda,Johnny Rivers,No suitable video
7/12/1975,Get Down Tonight,KC And The Sunshine Band,No suitable video
7/12/1975,Three Steps From True Love,The Reflections,No suitable video
7/26/1975,The Proud One,The Osmonds,No suitable video
8/2/1975,Brazil,The Ritchie Family,No suitable video
7/26/1975,If You Think You Know How To Love Me,Smokey,No suitable video
7/19/1975,Tush,ZZ Top,No suitable video
7/19/1975,Life And Death In G&A,Love Childs Afro Cuban Blues Band,No suitable video
8/9/1975,S.O.S.,ABBA,No suitable video
8/16/1975,I Got Stoned And I Missed It,Jim Stafford,No suitable video
8/9/1975,Inside My Love,Minnie Riperton,No suitable video
8/16/1975,Por Amor Viviremos,Captain & Tennille,No suitable video
8/16/1975,We Been Singin' Songs,Baron Stewart,No suitable video
8/16/1975,House Of Strangers,Jim Gilstrap,No suitable video
8/23/1975,The Millionaire,Dr. Hook,No suitable video
8/30/1975,If I Could Only Win Your Love,Emmylou Harris,No suitable video
8/30/1975,Hollywood Hot,The Eleventh Hour,No suitable video
8/30/1975,Blue Eyes Crying In The Rain,Willie Nelson,No suitable video
9/6/1975,Don't It Make You Wanna Dance?,Rusty Wier,No suitable video
8/30/1975,(All I Have To Do Is) Dream,The Nitty Gritty Dirt Band,No suitable video
9/6/1975,There Goes Another Love Song,The Outlaws,No suitable video
8/16/1975,Carolina In The Pines,Michael Murphey,No suitable video
8/30/1975,When You're Young And In Love,The Choice Four,No suitable video
9/13/1975,Lyin' Eyes,Eagles,No suitable video
8/30/1975,This Will Be,Natalie Cole,No suitable video
9/6/1975,When You're Young And In Love,Ralph Carter,No suitable video
9/20/1975,Mr. D.J. (5 For The D.J.),Aretha Franklin,No suitable video
9/20/1975,Nothin' Heavy,David Bellamy,No suitable video
9/20/1975,Help Me Make It (To My Rockin' Chair),B.J. Thomas,No suitable video
9/27/1975,Dear Prudence,Katfish,No suitable video
10/4/1975,Nights On Broadway,Bee Gees,No suitable video
9/27/1975,Let's Live Together,The Road Apples,No suitable video
9/27/1975,I Go To Pieces,"Cotton, Lloyd & Christian",No suitable video
10/4/1975,Letting Go,Wings,No suitable video
10/18/1975,Sailing,Rod Stewart,No suitable video
10/4/1975,Fancy Lady,Billy Preston,No suitable video
10/11/1975,Is It Love That We're Missin',Quincy Jones (feat. The Brothers Johnson),No suitable video
10/11/1975,Minstrel In The Gallery,Jethro Tull,No suitable video
10/11/1975,Indian Love Call,Ray Stevens,No suitable video
10/18/1975,Hey There Little Firefly Part I,Firefly,No suitable video
10/11/1975,Change With The Times,Van Mccoy,No suitable video
10/18/1975,Machines,John Livigni,No suitable video
10/18/1975,(How I Spent My Summer Vacation) Or A Day At The Beach With Pedro & Man - P,Cheech & Chong,No suitable video
10/25/1975,I'm On Fire,Jim Gilstrap,No suitable video
10/25/1975,Love Machine (Part 1),The Miracles,No suitable video
10/25/1975,That's The Way (I Like It),KC And The Sunshine Band,No suitable video
11/1/1975,Theme From Mahogany (Do You Know Where You're Going To),Diana Ross,No suitable video
11/1/1975,Same Thing It Took,The Impressions,No suitable video
11/15/1975,Baby Face,The Wing And A Prayer Fife & Drum Corps.,No suitable video
11/15/1975,Evil Woman,Electric Light Orchestra,No suitable video
11/8/1975,Caribbean Festival,Kool & The Gang,No suitable video
11/15/1975,The Last Game Of The Season (A Blind Man In The Bleachers),David Geddes,No suitable video
11/22/1975,(I'm Going By) The Stars In Your Eyes,Ron Banks And The Dramatics,No suitable video
12/6/1975,Every Beat Of My Heart,Crown Heights Affair,No suitable video
11/22/1975,Lonely School Year,The Hudson Brothers,No suitable video
11/29/1975,Squeeze Box,The Who,No suitable video
12/6/1975,The Blind Man In The Bleachers,Kenny Starr,No suitable video
12/6/1975,I Want To Dance With You (Dance With Me),The Ritchie Family,No suitable video
12/13/1975,Love Hurts,Jim Capaldi,No suitable video
12/13/1975,Inseparable,Natalie Cole,No suitable video
12/13/1975,Deep Purple,Donny & Marie Osmond,No suitable video
12/6/1975,Down To The Line,Bachman-Turner Overdrive,No suitable video
12/13/1975,Golden Years,David Bowie,No suitable video
12/13/1975,Christmas For Cowboys,John Denver,No suitable video
12/20/1975,Take It To The Limit,Eagles,No suitable video
12/20/1975,I Believe In Father Christmas,Greg Lake,No suitable video
12/27/1975,The White Knight,Cledus Maggard And The Citizen's Band,No suitable video
12/13/1975,Easy As Pie,"Billy ""Crash"" Craddock",No suitable video
12/27/1975,Fanny (Be Tender With My Love),Bee Gees,No suitable video
1/3/1976,Daydreamer,C.C. & Company,No suitable video
12/27/1975,Let The Music Play,Barry White,No suitable video
1/10/1976,Bad Luck,The Atlanta Disco Band,No suitable video
1/10/1976,This Old Heart Of Mine,Rod Stewart,No suitable video
1/17/1976,You're Fooling You,The Dramatics,No suitable video
1/24/1976,Renegade,Michael Murphey,No suitable video
1/17/1976,Disco Sax/for The Love Of You,Houston Person,No suitable video
1/3/1976,Bohemian Rhapsody,Queen,No suitable video
1/24/1976,Young Love,Ray Stevens,No suitable video
1/10/1976,The Little Drummer Boy,Moonlion,No suitable video
1/31/1976,Let Your Love Flow,Bellamy Brothers,No suitable video
1/31/1976,I Heard It Through The Grapevine,Creedence Clearwater Revival Featuring John Fogerty,No suitable video
1/24/1976,Take Me,Grand Funk Railroad,No suitable video
2/7/1976,Take It Like A Man,Bachman-Turner Overdrive,No suitable video
2/7/1976,Can The Can,Suzi Quatro,No suitable video
2/21/1976,If You Only Believe (Jesus For Tonite),Michel Polnareff,No suitable video
2/28/1976,Without Your Love (mr. Jordan),Charlie Ross,No suitable video
2/7/1976,Texas,The Charlie Daniels Band,No suitable video
3/6/1976,I'm So Lonesome I Could Cry,Terry Bradshaw,No suitable video
3/6/1976,Eh! Cumpari,Gaylord & Holiday,No suitable video
2/28/1976,Shannon,Henry Gross,No suitable video
2/28/1976,The Game Is Over (What's The Matter With You),Brown Sugar,No suitable video
3/6/1976,Street Talk,B.C.G. (B.C. Generation),No suitable video
3/20/1976,Sally,Grand Funk Railroad,No suitable video
3/13/1976,"Here, There And Everywhere",Emmylou Harris,No suitable video
3/13/1976,Queen Of Clubs,KC And The Sunshine Band,No suitable video
3/13/1976,Strange Magic,Electric Light Orchestra,No suitable video
3/20/1976,Love And Understanding (Come Together),Kool & The Gang,No suitable video
3/20/1976,Ophelia,The Band,No suitable video
3/27/1976,Words (are Impossible),Donny Gerrard,No suitable video
3/27/1976,Can't Hide Love,"Earth, Wind & Fire",No suitable video
3/27/1976,Hey Baby,Ted Nugent,No suitable video
4/3/1976,Movin',Brass Construction,No suitable video
3/27/1976,I've Got A Feeling (We'll Be Seeing Each Other Again),Al Wilson,No suitable video
3/20/1976,Misty Blue,Dorothy Moore,No suitable video
3/20/1976,Young Blood,Bad Company,No suitable video
3/27/1976,I Hope We Get To Love In Time,"Marilyn McCoo & Billy Davis, Jr.",No suitable video
4/10/1976,The Fonz Song,The Heyettes,No suitable video
4/10/1976,Love In The Shadows,Neil Sedaka,No suitable video
4/10/1976,Arms Of Mary,Sutherland Brothers And Quiver,No suitable video
4/3/1976,Fallen Angel,Frankie Valli,No suitable video
4/10/1976,When Love Has Gone Away,Richard Cocciante,No suitable video
4/24/1976,Sixteen Tons,The Don Harrison Band,No suitable video
4/17/1976,Where Did Our Love Go,The J. Geils Band,No suitable video
4/24/1976,Lookin' Out For #1,Bachman-Turner Overdrive,No suitable video
4/24/1976,Kentucky Moonrunner,Cledus Maggard And The Citizen's Band,No suitable video
5/1/1976,Moonlight Serenade,Bobby Vinton,No suitable video
4/17/1976,Love Is Alive,Gary Wright,No suitable video
4/17/1976,Kiss And Say Goodbye,The Manhattans,No suitable video
5/8/1976,Afternoon Delight,Starland Vocal Band,No suitable video
5/1/1976,'til I Can Make It On My Own,Tammy Wynette,No suitable video
5/1/1976,You Got The Magic,John Fogerty,No suitable video
5/15/1976,Music,John Miles,No suitable video
5/15/1976,The Boys Are Back In Town,Thin Lizzy,No suitable video
5/22/1976,TVC15,David Bowie,No suitable video
5/22/1976,You're My Everything,Lee Garrett,No suitable video
5/22/1976,You're My Best Friend,Queen,No suitable video
5/29/1976,Save Your Kisses For Me,Bobby Vinton,No suitable video
5/29/1976,Sophisticated Lady (She's A Different Lady),Natalie Cole,No suitable video
5/29/1976,Night Walk,Van Mccoy,No suitable video
5/22/1976,Mamma Mia,ABBA,No suitable video
5/29/1976,I'm Gonna Let My Heart Do The Walking,The Supremes,No suitable video
6/5/1976,Norma Jean Wants To Be A Movie Star,Sundown Company,No suitable video
6/12/1976,This Masquerade,George Benson,No suitable video
5/29/1976,Silver Star,The 4 Seasons,No suitable video
6/5/1976,Good Vibrations,Todd Rundgren,No suitable video
6/19/1976,Will You Love Me Tomorrow,Dana Valery,No suitable video
6/26/1976,Blt,Lee Oskar,No suitable video
6/26/1976,Who'd She Coo?,Ohio Players,No suitable video
6/19/1976,Play That Funky Music,Wild Cherry,No suitable video
7/4/1976,Breaker - Breaker,Outlaws,No suitable video
6/26/1976,Steppin' Out,Neil Sedaka,No suitable video
7/4/1976,Dancin' Kid,Disco Tex & The Sex-O-Lettes Featuring Sir Monti Rock III,No suitable video
7/10/1976,Hell Cat,Bellamy Brothers,No suitable video
7/4/1976,Devil Woman,Cliff Richard,No suitable video
7/4/1976,You Should Be Dancing,Bee Gees,No suitable video
7/10/1976,"(Shake, Shake, Shake) Shake Your Booty",KC And The Sunshine Band,No suitable video
7/10/1976,Honey Child,Bad Company,No suitable video
7/17/1976,Street Singin',Lady Flash,No suitable video
7/10/1976,Springtime Mama,Henry Gross,No suitable video
7/17/1976,Light Up The World With Sunshine,"Hamilton, Joe Frank & Dennison",No suitable video
7/24/1976,Solitary Man,T.G. Sheppard,No suitable video
7/17/1976,You To Me Are Everything,The Real Thing,No suitable video
7/17/1976,Getaway,"Earth, Wind & Fire",No suitable video
7/31/1976,Ode To Billy Joe - Main Title,Bobbie Gentry,No suitable video
7/31/1976,"You To Me Are Everything, Part I",Revelation,No suitable video
8/7/1976,Out Of The Darkness,David Crosby/Graham Nash,No suitable video
8/14/1976,Listen To The Buddha,Ozo,No suitable video
8/21/1976,Roxy Roller,Sweeney Todd,No suitable video
8/28/1976,The Best Disco In Town,The Ritchie Family,No suitable video
8/28/1976,One For The Money (part 1),The Whispers,No suitable video
7/17/1976,Hey Shirley (This Is Squirrely),Shirley & Squirrely,No suitable video
8/28/1976,Grasshopper,Spin,No suitable video
9/11/1976,Sun...Sun...Sun...Pt. I,Ja-Kki,No suitable video
9/11/1976,Satin Sheets,Bellamy Brothers,No suitable video
9/4/1976,Teddy Bear's Last Ride,Diana Williams,No suitable video
9/11/1976,Mr. Melody,Natalie Cole,No suitable video
9/4/1976,Anything You Want,John Valenti,No suitable video
9/4/1976,Fernando,ABBA,No suitable video
9/18/1976,More Than A Feeling,Boston,No suitable video
9/11/1976,You Don't Have To Be A Star (To Be In My Show),"Marilyn McCoo & Billy Davis, Jr.",No suitable video
10/2/1976,Love Me,Yvonne Elliman,No suitable video
9/25/1976,You Gotta Make Your Own Sunshine,Neil Sedaka,No suitable video
9/18/1976,Love So Right,Bee Gees,No suitable video
9/18/1976,Roxy Roller,Sweeney Todd Featuring Bryan Guy Adams,No suitable video
10/2/1976,I Can't Live A Dream,The Osmonds,No suitable video
10/16/1976,Shake Your Rump To The Funk,The Bar-Kays,No suitable video
10/2/1976,A Dose Of Rock 'N' Roll,Ringo Starr,No suitable video
10/16/1976,The Raven,The Alan Parsons Project,No suitable video
9/18/1976,Gimme Your Money Please,Bachman-Turner Overdrive,No suitable video
10/16/1976,California Day,Starland Vocal Band,No suitable video
10/23/1976,Livin' Thing,Electric Light Orchestra,No suitable video
10/23/1976,After The Lovin',Engelbert Humperdinck,No suitable video
10/16/1976,You Ought To Be Havin' Fun,Tower Of Power,No suitable video
10/30/1976,Don't Fight The Hands (That Need You),"Hamilton, Joe Frank & Dennison",No suitable video
10/30/1976,Someday (I Didn't Want To Have to be the One),Henry Gross,No suitable video
11/6/1976,Cathedrals,D.C. LaRue,No suitable video
11/6/1976,Help Wanted,The Hudson Brothers,No suitable video
11/6/1976,Open Sesame - Part 1,Kool & The Gang,No suitable video
11/6/1976,(one More Year Of) Daddy's Little Girl,Ray Sawyer,No suitable video
10/30/1976,I Kinda Miss You,The Manhattans,No suitable video
10/30/1976,"Do What You Want, Be What You Are",Daryl Hall John Oates,No suitable video
10/23/1976,You Make Me Feel Like Dancing,Leo Sayer,No suitable video
11/13/1976,Sherry,The Keane Brothers,No suitable video
11/20/1976,Saturday Nite,"Earth, Wind & Fire",No suitable video
11/27/1976,Dog Eat Dog,Ted Nugent,No suitable video
11/20/1976,"Baby, I'll Give It To You",Seals & Crofts,No suitable video
11/27/1976,Ain't Nothing Like The Real Thing,Donny & Marie Osmond,No suitable video
11/20/1976,"Ob-la-di, Ob-la-da",The Beatles,No suitable video
12/4/1976,You've Got Me Runnin',Gene Cotton,No suitable video
11/27/1976,Drivin' Wheel,Foghat,No suitable video
12/4/1976,"Man Smart, Woman Smarter",Robert Palmer,No suitable video
12/4/1976,St. Charles,Jefferson Starship,No suitable video
12/11/1976,Love Bug,Bumble Bee Unlimited,No suitable video
12/18/1976,Spring Affair/Winter Melody,Donna Summer,No suitable video
12/11/1976,Night Moves,Bob Seger,No suitable video
12/11/1976,Dancing Queen,ABBA,No suitable video
12/4/1976,I Like To Do It,KC And The Sunshine Band,No suitable video
12/25/1976,Spend Some Time,Elvin Bishop Featuring Mickey Thomas,No suitable video
12/18/1976,New Kid In Town,Eagles,No suitable video
12/25/1976,Hey Baby,J.J. Cale,No suitable video
12/25/1976,Ha Cha Cha (funktion),Brass Construction,No suitable video
12/25/1976,Prisoner (Captured By Your Eyes),L.A. Jets,No suitable video
1/8/1977,Hail! Hail! Rock And Roll!,Starland Vocal Band,No suitable video
1/8/1977,In The Mood,Henhouse Five Plus Too,No suitable video
1/15/1977,Boogie Child,Bee Gees,No suitable video
1/8/1977,Disco Lucy (i Love Lucy Theme),Wilton Place Street Band,No suitable video
2/5/1977,Ashes And Sand,Johnny Rivers,No suitable video
1/8/1977,Be My Girl,The Dramatics,No suitable video
1/22/1977,Up Your Nose,Gabriel Kaplan,No suitable video
1/22/1977,Bless The Beasts And Children,"Barry DeVorzon and Perry Botkin, Jr.",No suitable video
1/29/1977,Hey Baby,Ringo Starr,No suitable video
2/5/1977,I'll Always Call Your Name,Little River Band,No suitable video
1/29/1977,I've Got Love On My Mind,Natalie Cole,No suitable video
2/5/1977,Do Ya,Electric Light Orchestra,No suitable video
2/12/1977,Maybe I'm Amazed,Wings,No suitable video
2/12/1977,Dedication,Bay City Rollers,No suitable video
2/12/1977,Reaching For The World,Harold Melvin And The Blue Notes,No suitable video
2/12/1977,My Pearl,Automatic Man,No suitable video
2/19/1977,Dancin',Crown Heights Affair,No suitable video
2/26/1977,Sailing Ships,Mesa,No suitable video
3/5/1977,Try It On,Exile,No suitable video
2/26/1977,Dance Little Lady Dance,Danny White,No suitable video
2/26/1977,When I Need You,Leo Sayer,No suitable video
2/26/1977,Love In 'C' Minor,The Heart And Soul Orchestra,No suitable video
2/26/1977,Hotel California,Eagles,No suitable video
3/5/1977,Fire Sign,Cory,No suitable video
2/26/1977,I'm Your Boogie Man,KC And The Sunshine Band,No suitable video
3/5/1977,Romeo,Mr. Big,No suitable video
2/19/1977,Race Among The Ruins,Gordon Lightfoot,No suitable video
3/12/1977,Old Fashioned Boy (You're The One),Stallion,No suitable video
3/12/1977,My Sweet Lady,John Denver,No suitable video
3/19/1977,Hello Stranger,Yvonne Elliman,No suitable video
3/19/1977,Tie Your Mother Down,Queen,No suitable video
3/12/1977,Night Moves,Bob Seger & The Silver Bullet Band,No suitable video
3/26/1977,Arrested For Driving While Blind,ZZ Top,No suitable video
4/2/1977,Deeply,Anson Williams,No suitable video
3/19/1977,Your Love,"Marilyn McCoo & Billy Davis, Jr.",No suitable video
3/26/1977,Rock And Roll Star,Champagne,No suitable video
3/12/1977,Heard It In A Love Song,The Marshall Tucker Band,No suitable video
3/26/1977,It Feels So Good To Be Loved So Bad,The Manhattans,No suitable video
3/26/1977,Feels Like The First Time,Foreigner,No suitable video
3/19/1977,You Take My Heart Away,James Darren,No suitable video
4/9/1977,Sound And Vision,David Bowie,No suitable video
4/16/1977,Dreams,Fleetwood Mac,No suitable video
4/9/1977,Brooklyn,Cody Jameson,No suitable video
4/9/1977,The Whistler,Jethro Tull,No suitable video
4/9/1977,You're Movin' Out Today,Bette Midler,No suitable video
4/23/1977,This Is The Way That I Feel,Marie Osmond,No suitable video
5/14/1977,Discomania,The Lovers,No suitable video
4/2/1977,Undercover Angel,Alan O'Day,No suitable video
5/7/1977,Back Together Again,Daryl Hall John Oates,No suitable video
5/7/1977,"Luckenbach, Texas (Back To The Basics Of Love)",Waylon Jennings,No suitable video
5/14/1977,Freddie,Charlene,No suitable video
4/30/1977,You're My World,Helen Reddy,No suitable video
5/14/1977,"Knowing Me, Knowing You",ABBA,No suitable video
5/14/1977,Dance And Shake Your Tambourine,Universal Robot Band,No suitable video
5/14/1977,All The Kids On The Street,The Hollywood Stars,No suitable video
5/21/1977,Watch Closely Now,Kris Kristofferson,No suitable video
5/21/1977,Devil's Gun,C.J. & Company,No suitable video
5/21/1977,Burnin' Sky,Bad Company,No suitable video
6/4/1977,Lose Again,Linda Ronstadt,No suitable video
5/21/1977,Runaway,Bonnie Raitt,No suitable video
6/4/1977,Only Love Can Break A Heart,Bobby Vinton,No suitable video
6/4/1977,Don't Turn The Light Out,Cliff Richard,No suitable video
5/28/1977,Just A Song Before I Go,"Crosby, Stills & Nash",No suitable video
6/11/1977,Telephone Line,Electric Light Orchestra,No suitable video
6/18/1977,Seaside Woman,Suzy And The Red Stripes,No suitable video
6/18/1977,Break It To Me Gently,Aretha Franklin,No suitable video
6/25/1977,Swayin' To The Music (slow Dancin'),Johnny Rivers,No suitable video
6/25/1977,I Can't Help Myself,Eddie Rabbitt,No suitable video
7/2/1977,Don't Worry Baby,B.J. Thomas,No suitable video
7/9/1977,Don't Stop,Fleetwood Mac,No suitable video
7/2/1977,Platinum Heroes,Bruce Foster,No suitable video
7/16/1977,In The Middle,Tim Moore,No suitable video
7/9/1977,How Much Love,Leo Sayer,No suitable video
7/9/1977,Since I Fell For You/I'm Falling In Love,"Hodges, James And Smith",No suitable video
7/23/1977,Party Lights,Natalie Cole,No suitable video
7/23/1977,Edge Of The Universe,Bee Gees,No suitable video
7/16/1977,Down The Hall,The 4 Seasons,No suitable video
7/16/1977,Flame,Steve Sperry,No suitable video
7/30/1977,Keep It Comin' Love,KC And The Sunshine Band,No suitable video
7/30/1977,Hurry Sundown,Outlaws,No suitable video
7/30/1977,It's Uncanny,Daryl Hall John Oates,No suitable video
8/20/1977,Look What You've Done To My Heart,"Marilyn McCoo & Billy Davis, Jr.",No suitable video
8/27/1977,"Signed, Sealed, Delivered (I'm Yours)",Peter Frampton,No suitable video
8/27/1977,Surfin' USA,Leif Garrett,No suitable video
8/27/1977,She Did It,Eric Carmen,No suitable video
9/3/1977,Hound Dog Man (Play It Again),Lenny LeBlanc,No suitable video
9/3/1977,It's In His Kiss (The Shoop Shoop Song),Kate Taylor,No suitable video
9/3/1977,C'est La Vie,Greg Lake,No suitable video
8/27/1977,Sail Away,Sam Neely,No suitable video
9/17/1977,Does She Do It Like She Dances,Addrisi Brothers,No suitable video
9/24/1977,Ten To Eight,David Castle,No suitable video
9/10/1977,Love Me One More Time (Just For Old Times Sake),Karen Nelson And Billy T,No suitable video
9/24/1977,I've Never Been To Me,Charlene,No suitable video
10/1/1977,"Started Out Dancing, Ended Up Making Love",Alan O'Day,No suitable video
9/24/1977,How Deep Is Your Love,Bee Gees,No suitable video
10/1/1977,Fair Game,"Crosby, Stills & Nash",No suitable video
10/8/1977,Isn't It Time,The Babys,No suitable video
10/22/1977,Shake It Well,The Dramatics,No suitable video
10/8/1977,Avenging Annie,Roger Daltrey,No suitable video
10/15/1977,You Make Loving Fun,Fleetwood Mac,No suitable video
10/8/1977,It's So Easy,Linda Ronstadt,No suitable video
10/22/1977,We Are The Champions,Queen,No suitable video
10/22/1977,Why Do Lovers (Break Each Other's Heart?),Daryl Hall John Oates,No suitable video
10/22/1977,"Money, Money, Money",ABBA,No suitable video
10/29/1977,Don't Let The Flame Burn Out,Jackie DeShannon,No suitable video
10/29/1977,Don't Ask My Neighbors,The Emotions,No suitable video
11/5/1977,Don't Let Me Be Misunderstood,Santa Esmeralda Starring Leroy Gomez,No suitable video
10/29/1977,"Dance, Dance, Dance (Yowsah, Yowsah, Yowsah)",Chic,No suitable video
10/29/1977,We Never Danced To A Love Song,The Manhattans,No suitable video
10/29/1977,Serpentine Fire,"Earth, Wind & Fire",No suitable video
11/5/1977,Breakdown,Tom Petty And The Heartbreakers,No suitable video
11/5/1977,(Love Is) Thicker Than Water,Andy Gibb,No suitable video
11/12/1977,You Light Up My Life,Kacey Cisyk/Original Cast,No suitable video
11/12/1977,Still The Lovin' Is Fun,B.J. Thomas,No suitable video
11/19/1977,Mind Bender,Stillwater,No suitable video
11/19/1977,Girls' School,Wings,No suitable video
11/19/1977,(You're My) Soul And Inspiration,Donny & Marie Osmond,No suitable video
11/19/1977,Moondance,Van Morrison,No suitable video
11/19/1977,Turn To Stone,Electric Light Orchestra,No suitable video
11/26/1977,Le Spank,Le Pamplemousse,No suitable video
12/17/1977,Happy Anniversary,Little River Band,No suitable video
12/10/1977,You Make Me Crazy,Sammy Hagar,No suitable video
12/3/1977,Until Now,Bobby Arvon,No suitable video
12/24/1977,"Curious Mind (Um, Um, Um, Um, Um, Um)",Johnny Rivers,No suitable video
12/10/1977,Stayin' Alive,Bee Gees,No suitable video
12/3/1977,Wrap Your Arms Around Me,KC And The Sunshine Band,No suitable video
11/26/1977,Sometimes When We Touch,Dan Hill,No suitable video
12/24/1977,"Theme From ""Close Encounters Of The Third Kind""",John Williams,No suitable video
1/7/1978,Galaxy,War,No suitable video
1/7/1978,The Loneliest Man On The Moon,David Castle,No suitable video
1/21/1978,Everybody Loves A Rain Song,B.J. Thomas,No suitable video
1/14/1978,Our Love,Natalie Cole,No suitable video
1/28/1978,Poor Poor Pitiful Me,Linda Ronstadt,No suitable video
2/4/1978,Home Bound,Ted Nugent,No suitable video
1/28/1978,You Really Got Me,Van Halen,No suitable video
1/28/1978,If I Can't Have You,Yvonne Elliman,No suitable video
2/11/1978,Boogie Shoes,KC And The Sunshine Band,No suitable video
2/4/1978,Night Fever,Bee Gees,No suitable video
2/11/1978,Thank You For Being A Friend,Andrew Gold,No suitable video
2/25/1978,Dancin' Fever,Claudja Barry,No suitable video
3/4/1978,Love Is All You Need,High Inergy,No suitable video
2/11/1978,Mammas Don't Let Your Babies Grow Up To Be Cowboys,Waylon & Willie,No suitable video
2/18/1978,Sweet Talkin' Woman,Electric Light Orchestra,No suitable video
3/4/1978,Put Your Head On My Shoulder,Leif Garrett,No suitable video
3/18/1978,Bombs Away,Bob Weir,No suitable video
3/11/1978,Count On Me,Jefferson Starship,No suitable video
3/25/1978,With A Little Luck,Wings,No suitable video
3/25/1978,(I Will Be Your) Shadow In The Street,Allan Clarke,No suitable video
3/25/1978,It's A Heartache,Bonnie Tyler,No suitable video
4/1/1978,"Yank Me, Crank Me",Ted Nugent,No suitable video
4/1/1978,House Of The Rising Sun,Santa Esmeralda,No suitable video
4/8/1978,Mama Let Him Play,Doucette,No suitable video
4/8/1978,Africanism/Gimme Some Lovin',Kongas,No suitable video
4/1/1978,"Too Much, Too Little, Too Late",Johnny Mathis/Deniece Williams,No suitable video
4/8/1978,Wheel In The Sky,Journey,No suitable video
4/22/1978,Take A Chance On Me,ABBA,No suitable video
4/22/1978,The Wanderer,Leif Garrett,No suitable video
4/22/1978,Baker Street,Gerry Rafferty,No suitable video
4/22/1978,Everybody Dance,Chic,No suitable video
4/29/1978,Almost Summer,Celebration featuring Mike Love,No suitable video
4/15/1978,Shadow Dancing,Andy Gibb,No suitable video
5/6/1978,Thank God It's Friday,Love And Kisses,No suitable video
5/13/1978,It's The Same Old Song,KC And The Sunshine Band,No suitable video
4/29/1978,I Was Only Joking,Rod Stewart,No suitable video
4/29/1978,I Want To Live,John Denver,No suitable video
5/6/1978,Runnin' With The Devil,Van Halen,No suitable video
5/13/1978,Wonderful Tonight,Eric Clapton,No suitable video
5/13/1978,Still The Same,Bob Seger & The Silver Bullet Band,No suitable video
5/13/1978,Stay Awhile,Continental Miniatures,No suitable video
5/27/1978,Over The Rainbow,Gary Tanner,No suitable video
5/27/1978,Can We Still Be Friends,Todd Rundgren,No suitable video
5/20/1978,Stone Blue,Foghat,No suitable video
6/3/1978,That Once In A Lifetime,Demis Roussos,No suitable video
6/3/1978,I Don't Wanna Go,Joey Travolta,No suitable video
6/10/1978,Trans-europe Express,Kraftwerk,No suitable video
6/10/1978,Copacabana (at The Copa),Barry Manilow,No suitable video
6/17/1978,Never Let Her Slip Away,Andrew Gold,No suitable video
6/3/1978,So Hard Livin' Without You,Airwaves,No suitable video
6/17/1978,Just What I Needed,The Cars,No suitable video
6/17/1978,I've Had Enough,Wings,No suitable video
6/24/1978,You Don't Love Me Anymore,Eddie Rabbitt,No suitable video
6/24/1978,New Orleans Ladies,Louisiana's LeRoux,No suitable video
6/17/1978,I Need To Know,Tom Petty And The Heartbreakers,No suitable video
6/24/1978,Macho Man,Village People,No suitable video
7/8/1978,Close The Door,Teddy Pendergrass,No suitable video
7/15/1978,You Needed Me,Anne Murray,No suitable video
8/5/1978,Raise A Little Hell,Trooper,No suitable video
7/22/1978,It's Really You,The Tarney/Spencer Band,No suitable video
7/22/1978,Got To Get You Into My Life,"Earth, Wind & Fire",No suitable video
7/15/1978,Love Is In The Air,John Paul Young,No suitable video
8/12/1978,Oh! Darling,Robin Gibb,No suitable video
6/24/1978,Mr. Blue Sky,Electric Light Orchestra,No suitable video
8/19/1978,Back In The U.s.a.,Linda Ronstadt,No suitable video
8/12/1978,Right Down The Line,Gerry Rafferty,No suitable video
8/5/1978,I Will Still Love You,Stonebolt,No suitable video
8/26/1978,It's A Laugh,Daryl Hall John Oates,No suitable video
8/19/1978,Lights,Journey,No suitable video
8/26/1978,Who Are You,The Who,No suitable video
8/26/1978,If My Friends Could See Me Now,Linda Clifford,No suitable video
9/2/1978,In For The Night,The Dirt Band,No suitable video
9/9/1978,Peggy Sue,The Beach Boys,No suitable video
9/9/1978,London Town,Wings,No suitable video
9/16/1978,New York City,Zwol,No suitable video
9/16/1978,Sharing The Night Together,Dr. Hook,No suitable video
9/9/1978,Beast Of Burden,The Rolling Stones,No suitable video
9/16/1978,Don't Want To Live Without It,Pablo Cruise,No suitable video
9/30/1978,"Louie, Louie",John Belushi,No suitable video
9/30/1978,Like A Sunday In Salem (The Amos & Andy Song),Gene Cotton,No suitable video
9/23/1978,When You Feel Love,Bob Mcgilpin,No suitable video
9/30/1978,Raining In My Heart,Leo Sayer,No suitable video
10/7/1978,Hold The Line,Toto,No suitable video
10/7/1978,Do You Feel All Right,KC And The Sunshine Band,No suitable video
10/7/1978,On The Shelf,Donny & Marie Osmond,No suitable video
10/7/1978,Mellow Lovin',Judy Cheeks,No suitable video
10/21/1978,Alive Again,Chicago,No suitable video
10/21/1978,My Best Friend's Girl,The Cars,No suitable video
10/21/1978,Y.M.C.A.,Village People,No suitable video
10/28/1978,You Don't Bring Me Flowers,Barbra Streisand & Neil Diamond,No suitable video
10/7/1978,Martha (Your Lovers Come And Go),Gabriel,No suitable video
10/28/1978,Here Comes The Night,Nick Gilder,No suitable video
10/28/1978,It's Over,Electric Light Orchestra,No suitable video
10/28/1978,Le Freak,Chic,No suitable video
11/4/1978,Take Me To The River,Talking Heads,No suitable video
11/11/1978,I Was Made For Dancin',Leif Garrett,No suitable video
11/11/1978,Ooh Baby Baby,Linda Ronstadt,No suitable video
11/11/1978,Bicycle Race/Fat Bottomed Girls,Queen,No suitable video
11/18/1978,Too Much Heaven,Bee Gees,No suitable video
11/18/1978,Free Me From My Freedom/Tie Me To A Tree (Handcuff Me),Bonnie Pointer,No suitable video
11/18/1978,September,"Earth, Wind & Fire",No suitable video
12/9/1978,Dancing In The City,Marshall Hain,No suitable video
11/25/1978,Lotta Love,Nicolette Larson,No suitable video
12/16/1978,A Little Lovin' (Keeps The Doctor Away),The Raes,No suitable video
12/16/1978,Shattered,The Rolling Stones,No suitable video
12/9/1978,Soul Man,Blues Brothers,No suitable video
12/9/1978,I Don't Wanna Lose You,Daryl Hall John Oates,No suitable video
12/9/1978,Love Don't Live Here Anymore,Rose Royce,No suitable video
12/9/1978,Please Come Home For Christmas,Eagles,No suitable video
12/16/1978,Who Do Ya Love,KC And The Sunshine Band,No suitable video
1/6/1979,Lady,Little River Band,No suitable video
1/6/1979,Need You Bad,Ted Nugent,No suitable video
1/20/1979,Every Which Way But Loose,Eddie Rabbitt,No suitable video
12/23/1978,No Tell Lover,Chicago,No suitable video
1/6/1979,The Football Card,Glenn Sutton,No suitable video
1/6/1979,Every Time I Think Of You,The Babys,No suitable video
1/27/1979,Fancy Dancer,Frankie Valli,No suitable video
1/27/1979,Stumblin' In,Suzi Quatro & Chris Norman,No suitable video
2/3/1979,All The Time In The World,Dr. Hook,No suitable video
2/3/1979,Four Strong Winds,Neil Young,No suitable video
2/10/1979,He's The Greatest Dancer,Sister Sledge,No suitable video
1/27/1979,Shoot Me (With Your Love),Tasha Thomas,No suitable video
2/10/1979,Contact,Edwin Starr,No suitable video
2/10/1979,Love Struck,Stonebolt,No suitable video
2/10/1979,Just One Look,Linda Ronstadt,No suitable video
2/10/1979,Tragedy,Bee Gees,No suitable video
2/17/1979,The Man With The Child In His Eyes,Kate Bush,No suitable video
2/10/1979,Sultans Of Swing,Dire Straits,No suitable video
2/24/1979,Can You Read My Mind,Maureen McGovern,No suitable video
2/24/1979,Call Out My Name,Zwol,No suitable video
2/24/1979,Roxanne,The Police,No suitable video
3/3/1979,Here Comes The Night,The Beach Boys,No suitable video
3/3/1979,Roller,April Wine,No suitable video
3/3/1979,I'm Not Gonna Cry Anymore,Nancy Brooks,No suitable video
3/3/1979,Whole Lotta Love,The Wonder Band,No suitable video
3/3/1979,Lazy Eyes,T.M.G.,No suitable video
3/3/1979,Rubber Biscuit,Blues Brothers,No suitable video
3/17/1979,Good Times Roll,The Cars,No suitable video
3/10/1979,Dancin',Grey & Hanks,No suitable video
3/17/1979,Sweet Lui-Louise,Ironhorse,No suitable video
3/17/1979,In The Navy,Village People,No suitable video
3/24/1979,Love Takes Time,Orleans,No suitable video
3/31/1979,Rhumba Girl,Nicolette Larson,No suitable video
3/24/1979,Bridge Over Troubled Water,Linda Clifford,No suitable video
4/7/1979,Dancer,Gino Soccio,No suitable video
3/24/1979,California Dreamin',America,No suitable video
3/31/1979,I Never Said I Love You,Orsa Lia,No suitable video
4/14/1979,When You're In Love With A Beautiful Woman,Dr. Hook,No suitable video
4/7/1979,I (Who Have Nothing),Sylvester,No suitable video
4/21/1979,Touch Me Baby,Ultimate,No suitable video
4/14/1979,Gone Long Gone,Chicago,No suitable video
4/28/1979,Georgy Porgy,Toto,No suitable video
4/21/1979,Love You Inside Out,Bee Gees,No suitable video
4/28/1979,How Could This Go Wrong,Exile,No suitable video
4/21/1979,You Take My Breath Away,Rex Smith,No suitable video
4/28/1979,We Are Family,Sister Sledge,No suitable video
5/5/1979,Night Dancin',Taka Boom,No suitable video
5/12/1979,Bustin' Out,Rick James,No suitable video
5/19/1979,"Pinball, That's All",Bill Wray,No suitable video
5/19/1979,No Time To Lose,The Tarney/Spencer Band,No suitable video
5/12/1979,Boogie Wonderland,"Earth, Wind & Fire with The Emotions",No suitable video
5/5/1979,Feel The Need,Leif Garrett,No suitable video
5/19/1979,Shine A Little Love,Electric Light Orchestra,No suitable video
5/26/1979,If I Said You Have A Beautiful Body Would You Hold It Against Me,Bellamy Brothers,No suitable video
5/26/1979,If You Can't Give Me Love,Suzi Quatro,No suitable video
5/26/1979,Go West,Village People,No suitable video
6/2/1979,Days Gone Down (Still Got The Light In Your Eyes),Gerry Rafferty,No suitable video
6/9/1979,Suspicions,Eddie Rabbitt,No suitable video
6/9/1979,Mama Can't Buy You Love,Elton John,No suitable video
5/26/1979,Weekend,Wet Willie,No suitable video
6/16/1979,Feel That You're Feelin',Maze Featuring Frankie Beverly,No suitable video
6/16/1979,Morning Dance,Spyro Gyra,No suitable video
6/23/1979,Born To Be Alive,Patrick Hernandez,No suitable video
6/16/1979,Heaven Must Have Sent You,Bonnie Pointer,No suitable video
6/16/1979,Getting Closer,Wings,No suitable video
6/23/1979,You Gonna Make Me Love Somebody Else,The Jones Girls,No suitable video
6/30/1979,You're The Only One,Dolly Parton,No suitable video
6/30/1979,Let's Go,The Cars,No suitable video
6/23/1979,The Devil Went Down To Georgia,The Charlie Daniels Band,No suitable video
6/30/1979,Long Live Rock,The Who,No suitable video
7/7/1979,Different Worlds,Maureen McGovern,No suitable video
7/14/1979,Baby I Want You,Funky Communication Committee,No suitable video
7/7/1979,After The Love Has Gone,"Earth, Wind & Fire",No suitable video
7/21/1979,Lonesome Loser,Little River Band,No suitable video
7/28/1979,Rock And Roll Dancin',Beckmeier Brothers,No suitable video
7/28/1979,Got To Give In To Love,Bonnie Boyer,No suitable video
7/21/1979,"Lovin', Touchin', Squeezin'",Journey,No suitable video
7/28/1979,Lady Writer,Dire Straits,No suitable video
8/4/1979,Don't Bring Me Down,Electric Light Orchestra,No suitable video
8/11/1979,Then You Can Tell Me Goodbye,Toby Beau,No suitable video
8/4/1979,H.a.p.p.y. Radio,Edwin Starr,No suitable video
8/4/1979,"Gone, Gone, Gone",Bad Company,No suitable video
8/11/1979,You've Lost That Lovin' Feelin',Long John Baldry & Kathi MacDonald,No suitable video
8/11/1979,Just Another Night,Ian Hunter,No suitable video
8/11/1979,Ghost Dancer,Addrisi Brothers,No suitable video
8/11/1979,Get It Right Next Time,Gerry Rafferty,No suitable video
8/25/1979,Please Don't Go,KC And The Sunshine Band,No suitable video
9/1/1979,Must Have Been Crazy,Chicago,No suitable video
9/8/1979,Reason To Be,Kansas,No suitable video
9/8/1979,For Love,Pousette-Dart Band,No suitable video
9/15/1979,You Stepped Into My Life,Wayne Newton,No suitable video
9/8/1979,I've Never Been In Love,Suzi Quatro,No suitable video
9/15/1979,Beautiful Girls,Van Halen,No suitable video
9/15/1979,Rainbow Connection,Kermit (Jim Henson),No suitable video
9/22/1979,Do You Think I'm Disco?,Steve Dahl And Teenage Radiation,No suitable video
9/29/1979,5:15,The Who,No suitable video
9/29/1979,Sweet Summer Lovin',Dolly Parton,No suitable video
10/6/1979,TUSK,Fleetwood Mac,No suitable video
10/6/1979,Ladies Night,Kool & The Gang,No suitable video
10/6/1979,Cruisin',Smokey Robinson,No suitable video
10/6/1979,Heartache Tonight,Eagles,No suitable video
10/6/1979,Babe,Styx,No suitable video
10/13/1979,Love Pains,Yvonne Elliman,No suitable video
10/13/1979,It's All I Can Do,The Cars,No suitable video
10/13/1979,Highway To Hell,AC/DC,No suitable video
10/13/1979,I Need A Lover,John Cougar,No suitable video
10/13/1979,Slip Away,Ian Lloyd,No suitable video
10/13/1979,Take The Long Way Home,Supertramp,No suitable video
10/20/1979,Cool Change,Little River Band,No suitable video
10/20/1979,In The Stone,"Earth, Wind & Fire",No suitable video
10/13/1979,"Hey Hey, My My (Into The Black)",Neil Young & Crazy Horse,No suitable video
10/20/1979,Confusion,Electric Light Orchestra,No suitable video
10/27/1979,Pow Wow,Cory Daye,No suitable video
10/27/1979,Wait For Me,Daryl Hall John Oates,No suitable video
11/3/1979,Ready For The 80's,Village People,No suitable video
11/3/1979,I Do The Rock,Tim Curry,No suitable video
11/3/1979,I Just Can't Control Myself,Nature's Divine,No suitable video
11/10/1979,Chiquitita,ABBA,No suitable video
12/1/1979,Money,The Flying Lizards,No suitable video
11/3/1979,When I Think Of You,Leif Garrett,No suitable video
11/10/1979,The Shape Of Things To Come,The Headboys,No suitable video
11/3/1979,Life During Wartime (This Ain't No Party...This Ain't No Disco...This Ain't,Talking Heads,No suitable video
11/17/1979,"Yes, I'm Ready",Teri DeSario With K.C.,No suitable video
12/8/1979,You're Gonna Get What's Coming,Bonnie Raitt,No suitable video
11/10/1979,Video Killed The Radio Star,The Buggles,No suitable video
11/17/1979,Don't Do Me Like That,Tom Petty And The Heartbreakers,No suitable video
12/8/1979,Glide,Pleasure,No suitable video
12/8/1979,An American Dream,The Dirt Band,No suitable video
11/24/1979,She's In Love With You,Suzi Quatro,No suitable video
12/8/1979,The Long Run,Eagles,No suitable video
12/15/1979,Memorize Your Number,Leif Garrett,No suitable video
12/22/1979,"I Can't Help Myself (Sugar Pie, Honey Bunch)",Bonnie Pointer,No suitable video
12/22/1979,I Don't Want To Talk About It,Rod Stewart,No suitable video
12/8/1979,With You I'm Born Again,Billy Preston & Syreeta,No suitable video
12/22/1979,Heartbreaker,Pat Benatar,No suitable video
12/8/1979,Last Train To London,Electric Light Orchestra,No suitable video
12/22/1979,Fool In The Rain,Led Zeppelin,No suitable video
12/22/1979,Let Me Sleep Alone,Cugini,No suitable video
1/19/1980,Back On My Feet Again,The Babys,No suitable video
12/22/1979,Crazy Little Thing Called Love,Queen,No suitable video
1/19/1980,Too Hot,Kool & The Gang,No suitable video
1/5/1980,I'm Alive,Gamma,No suitable video
1/26/1980,Desire,Andy Gibb,No suitable video
1/26/1980,Refugee,Tom Petty And The Heartbreakers,No suitable video
2/2/1980,The Hardest Part,Blondie,No suitable video
2/9/1980,Lost In Love,Air Supply,No suitable video
2/16/1980,Voice Of Freedom,Jim Kirk And The Tm Singers,No suitable video
2/23/1980,Loving You With My Eyes,Starland Vocal Band,No suitable video
2/2/1980,I Don't Like Mondays,The Boomtown Rats,No suitable video
2/16/1980,Brass In Pocket (I'm Special),Pretenders,No suitable video
2/2/1980,Rockin' Into The Night,38 Special,No suitable video
3/1/1980,Only A Lonely Heart Sees,Felix Cavaliere,No suitable video
2/16/1980,Small Paradise,John Cougar,No suitable video
2/16/1980,Ride Like The Wind,Christopher Cross,No suitable video
2/16/1980,Cars,Gary Numan,No suitable video
2/9/1980,I Like To Rock,April Wine,No suitable video
3/8/1980,Think About Me,Fleetwood Mac,No suitable video
3/15/1980,Love On The Phone,Suzanne Fellini,No suitable video
3/29/1980,Funkytown,"Lipps, Inc.",No suitable video
4/26/1980,What's Your Hurry Darlin',Ironhorse,No suitable video
4/5/1980,We Live For Love,Pat Benatar,No suitable video
4/26/1980,Shining Star,The Manhattans,No suitable video
4/12/1980,I Was Looking For Someone To Love,Leif Garrett,No suitable video
3/22/1980,The Rose,Bette Midler,No suitable video
4/26/1980,Coming Up (Live At Glasgow),Paul McCartney And Wings,No suitable video
5/3/1980,Real Love,The Cretones,No suitable video
3/22/1980,"Bounce, Rock, Skate, Roll Pt. 1",Vaughan Mason And Crew,No suitable video
4/26/1980,Here Comes My Girl,Tom Petty And The Heartbreakers,No suitable video
5/3/1980,It's Not A Wonder,Little River Band,No suitable video
5/17/1980,A Lover's Holiday,Change,No suitable video
5/3/1980,Against The Wind,Bob Seger,No suitable video
5/17/1980,Atomic,Blondie,No suitable video
5/17/1980,All Night Long,Joe Walsh,No suitable video
5/24/1980,Magic,Olivia Newton-John,No suitable video
5/24/1980,I'm Alive,Electric Light Orchestra,No suitable video
5/17/1980,Clones (We're All),Alice Cooper,No suitable video
5/24/1980,Misunderstanding,Genesis,No suitable video
5/24/1980,Angel Say No,Tommy Tutone,No suitable video
6/7/1980,Back Of My Hand (I've Got Your Number),The Jags,No suitable video
6/14/1980,Only The Lonely (Have A Reason To Be Sad),La Flavour,No suitable video
5/31/1980,In America,The Charlie Daniels Band,No suitable video
6/7/1980,Sisters Of The Moon,Fleetwood Mac,No suitable video
6/21/1980,Make A Little Magic,The Dirt Band,No suitable video
6/28/1980,Who Shot J.R.?,Gary Burbank With Band McNally,No suitable video
6/21/1980,Let's Go 'round Again,Average White Band,No suitable video
6/14/1980,Let My Love Open The Door,Pete Townshend,No suitable video
6/21/1980,Someone That I Used To Love,Natalie Cole,No suitable video
6/14/1980,Take A Little Rhythm,Ali Thomson,No suitable video
6/28/1980,One In A Million You,Larry Graham,No suitable video
6/28/1980,Dancin' In The Streets,Teri DeSario With K.C.,No suitable video
6/14/1980,All Out Of Love,Air Supply,No suitable video
7/5/1980,Years From Now,Dr. Hook,No suitable video
7/19/1980,Where Did We Go Wrong,Frankie Valli & Chris Forde,No suitable video
6/21/1980,Stop Your Sobbing,Pretenders,No suitable video
6/28/1980,Play The Game,Queen,No suitable video
7/26/1980,Don't Misunderstand Me,Rossington Collins Band,No suitable video
7/12/1980,It Hurts Too Much,Eric Carmen,No suitable video
7/19/1980,How Does It Feel To Be Back,Daryl Hall John Oates,No suitable video
6/28/1980,Why Not Me,Fred Knoblock,No suitable video
7/26/1980,You Better Run,Pat Benatar,No suitable video
7/26/1980,Wango Tango,Ted Nugent,No suitable video
6/28/1980,I Get Off On It,Tony Joe White,No suitable video
7/26/1980,First...Be A Woman,Lenore O'malley,No suitable video
7/26/1980,Mirage,Eric Troyer,No suitable video
8/2/1980,All Over The World,Electric Light Orchestra,No suitable video
8/2/1980,Rock It,"Lipps, Inc.",No suitable video
7/26/1980,No Night So Long,Dionne Warwick,No suitable video
8/16/1980,The Legend Of Wooley Swamp,The Charlie Daniels Band,No suitable video
8/30/1980,Leaving L.A.,Deliverance,No suitable video
8/23/1980,I Got You,Split Enz,No suitable video
8/2/1980,Fool For Your Loving,Whitesnake,No suitable video
8/23/1980,Switchin' To Glide/This Beat Goes On,The Kings,No suitable video
8/23/1980,You Can Call Me Blue,Michael Johnson,No suitable video
9/13/1980,Live Every Minute,Ali Thomson,No suitable video
9/6/1980,You Shook Me All Night Long,AC/DC,No suitable video
9/6/1980,Touch And Go,The Cars,No suitable video
8/16/1980,Another One Bites The Dust,Queen,No suitable video
9/20/1980,Let Me Talk,"Earth, Wind & Fire",No suitable video
9/27/1980,This Time,John Cougar,No suitable video
9/27/1980,You've Lost That Lovin' Feeling,Daryl Hall John Oates,No suitable video
10/4/1980,Hit Me With Your Best Shot,Pat Benatar,No suitable video
10/11/1980,I Love Women,Jim Hurt,No suitable video
10/11/1980,Never Be The Same,Christopher Cross,No suitable video
10/25/1980,Celebration,Kool & The Gang,No suitable video
9/27/1980,More Than I Can Say,Leo Sayer,No suitable video
10/25/1980,When We Get Married,Larry Graham,No suitable video
11/1/1980,Girls Can Get It,Dr. Hook,No suitable video
11/1/1980,(Just Like) Starting Over,John Lennon,No suitable video
11/8/1980,Help Me!,Marcy Levy & Robin Gibb,No suitable video
11/15/1980,Rough Boys,Pete Townshend,No suitable video
11/8/1980,Could I Be Dreaming,The Pointer Sisters,No suitable video
11/8/1980,I Love A Rainy Night,Eddie Rabbitt,No suitable video
10/11/1980,One Life To Live,Wayne Massey,No suitable video
11/22/1980,My Mother's Eyes,Bette Midler,No suitable video
11/22/1980,Teacher Teacher,Rockpile,No suitable video
11/22/1980,Passion,Rod Stewart,No suitable video
11/22/1980,He Can't Love You,Michael Stanley Band,No suitable video
11/22/1980,Killin' Time,Fred Knoblock & Susan Anton,No suitable video
11/29/1980,Gypsy Spirit,Pendulum,No suitable video
11/22/1980,You,"Earth, Wind & Fire",No suitable video
12/6/1980,Fashion,David Bowie,No suitable video
12/13/1980,Spend The Night In Love,The 4 Seasons,No suitable video
12/13/1980,Set The Night On Fire,Oak,No suitable video
12/13/1980,What Can You Get A Wookiee For Christmas (When He Already Owns A Comb?),The Star Wars Intergalactic Droid Choir & Chorale,No suitable video
12/6/1980,Games People Play,The Alan Parsons Project,No suitable video
12/20/1980,Once A Night,Jackie English,No suitable video
12/27/1980,Don't Want No-Body,J.D. Drews,No suitable video
12/20/1980,Skateaway,Dire Straits,No suitable video
12/20/1980,Back In Black,AC/DC,No suitable video
12/20/1980,Seven Bridges Road,Eagles,No suitable video
1/17/1981,Treat Me Right,Pat Benatar,No suitable video
1/17/1981,Woman,John Lennon,No suitable video
12/27/1980,(Ghost) Riders In The Sky,Outlaws,No suitable video
12/27/1980,Merry Christmas In The NFL,"Willis ""The Guard"" & Vigorish",No suitable video
1/24/1981,Lipstick,Suzi Quatro,No suitable video
1/24/1981,"Wynken, Blynken And Nod",The Doobie Brothers,No suitable video
1/17/1981,Flash's Theme Aka Flash,Queen,No suitable video
1/24/1981,Living In A Fantasy,Leo Sayer,No suitable video
2/7/1981,Cafe Amore,Spyro Gyra,No suitable video
1/31/1981,Rapture,Blondie,No suitable video
2/7/1981,Fireflies,Fleetwood Mac,No suitable video
2/7/1981,And Love Goes On,"Earth, Wind & Fire",No suitable video
2/7/1981,Just Between You And Me,April Wine,No suitable video
1/31/1981,Ain't Even Done With The Night,John Cougar,No suitable video
2/14/1981,Proud,The Joe Chemay Band,No suitable video
1/31/1981,Turn Me Loose,Loverboy,No suitable video
2/21/1981,Wasn't That A Party,The Rovers,No suitable video
2/28/1981,Mister Sandman,Emmylou Harris,No suitable video
2/28/1981,Hold On Loosely,38 Special,No suitable video
3/7/1981,Sukiyaki,A Taste Of Honey,No suitable video
3/14/1981,I Loved 'em Every One,T.G. Sheppard,No suitable video
3/14/1981,Time Out Of Mind,Steely Dan,No suitable video
3/28/1981,Somebody Send My Baby Home,Lenny LeBlanc,No suitable video
3/28/1981,Say You'll Be Mine,Christopher Cross,No suitable video
3/21/1981,Where's Your Angel?,Lani Hall,No suitable video
3/21/1981,All American Girls,Sister Sledge,No suitable video
3/21/1981,You Better You Bet,The Who,No suitable video
3/28/1981,Don't Know Much,Bill Medley,No suitable video
3/21/1981,I Missed Again,Phil Collins,No suitable video
3/28/1981,Shotgun Rider,Delbert McClinton,No suitable video
3/28/1981,Lover,Michael Stanley Band,No suitable video
3/28/1981,Unchained Melody,Heart,No suitable video
3/28/1981,Watching The Wheels,John Lennon,No suitable video
4/11/1981,Medley,Stars On 45,No suitable video
4/11/1981,That Didn't Hurt Too Bad,Dr. Hook,No suitable video
4/11/1981,Heaven In Your Arms,Dan Hartman,No suitable video
4/25/1981,Seven Year Ache,Rosanne Cash,No suitable video
4/18/1981,I've Been Waiting For You All Of My Life,Paul Anka,No suitable video
5/2/1981,The Waiting,Tom Petty And The Heartbreakers,No suitable video
5/9/1981,Arc Of A Diver,Steve Winwood,No suitable video
5/16/1981,Jones Vs. Jones,Kool & The Gang,No suitable video
5/9/1981,Nobody Wins,Elton John,No suitable video
5/2/1981,You Make My Dreams,Daryl Hall John Oates,No suitable video
5/16/1981,Elvira,The Oak Ridge Boys,No suitable video
5/16/1981,What Cha' Gonna Do For Me,Chaka Khan,No suitable video
5/23/1981,All Those Years Ago,George Harrison,No suitable video
5/2/1981,Sweet Baby,Stanley Clarke/George Duke,No suitable video
5/30/1981,She Did It,Michael Damian,No suitable video
5/30/1981,Rock And Roll Dreams Come Through,Jim Steinman,No suitable video
6/6/1981,Feels So Right,Alabama,No suitable video
5/30/1981,In The Air Tonight,Phil Collins,No suitable video
6/6/1981,Fantasy Girl,38 Special,No suitable video
6/27/1981,Don't Let Go The Coat,The Who,No suitable video
6/27/1981,On And On And On,ABBA,No suitable video
7/4/1981,American Memories,Shamus M'Cool,No suitable video
7/4/1981,Urgent,Foreigner,No suitable video
7/11/1981,Under The Covers,Janis Ian,No suitable video
6/20/1981,Don't Want To Wait Anymore,The Tubes,No suitable video
7/18/1981,Love Light,Yutaka,No suitable video
7/18/1981,Pay You Back With Interest,Gary O',No suitable video
7/18/1981,Fire And Ice,Pat Benatar,No suitable video
7/25/1981,General Hospi-tale,The Afternoon Delights,No suitable video
7/18/1981,Who's Crying Now,Journey,No suitable video
7/25/1981,Hold On Tight,Electric Light Orchestra,No suitable video
7/25/1981,Step By Step,Eddie Rabbitt,No suitable video
7/25/1981,The Beach Boys Medley,The Beach Boys,No suitable video
7/25/1981,Chloe,Elton John,No suitable video
8/1/1981,Tempted,Squeeze,No suitable video
8/1/1981,A Woman In Love (It's Not Me),Tom Petty And The Heartbreakers,No suitable video
8/1/1981,We Can Get Together,Icehouse,No suitable video
8/8/1981,Falling In Love Again,Michael Stanley Band,No suitable video
8/8/1981,The Sun Ain't Gonna Shine Anymore,Nielsen/Pearson,No suitable video
7/25/1981,Heavy Metal (Takin' A Ride),Don Felder,No suitable video
8/8/1981,Hold Tight,Change,No suitable video
8/8/1981,Super Freak (Part I),Rick James,No suitable video
8/15/1981,Arthur's Theme (Best That You Can Do),Christopher Cross,No suitable video
8/15/1981,All I Have To Do Is Dream,Andy Gibb & Victoria Principal,No suitable video
8/22/1981,I've Done Everything For You,Rick Springfield,No suitable video
8/22/1981,Not Fade Away,Eric Hine,No suitable video
9/5/1981,Just Be My Lady,Larry Graham,No suitable video
8/29/1981,Private Eyes,Daryl Hall John Oates,No suitable video
8/15/1981,Just Once,Quincy Jones Featuring James Ingram,No suitable video
8/29/1981,Our Lips Are Sealed,Go-Go's,No suitable video
9/26/1981,Take Me Now,David Gates,No suitable video
9/12/1981,Tryin' To Live My Life Without You,Bob Seger,No suitable video
10/3/1981,Promises In The Dark,Pat Benatar,No suitable video
10/10/1981,One More Night,Streek,No suitable video
10/3/1981,Fire In The Sky,The Dirt Band,No suitable video
10/17/1981,Take My Heart (You Can Have It If You Want It),Kool & The Gang,No suitable video
10/24/1981,Trouble,Lindsey Buckingham,No suitable video
10/3/1981,Let's Groove,"Earth, Wind & Fire",No suitable video
10/10/1981,Back To The 60's,Tight Fit,No suitable video
10/17/1981,I Surrender,Arlan Day,No suitable video
10/31/1981,More Than Just The Two Of Us,Sneaker,No suitable video
10/24/1981,Twilight,Electric Light Orchestra,No suitable video
11/7/1981,Under Pressure,Queen & David Bowie,No suitable video
11/7/1981,Living Eyes,Bee Gees,No suitable video
11/21/1981,Shake It Up,The Cars,No suitable video
11/21/1981,Wkrp In Cincinnati,Steve Carlisle,No suitable video
11/28/1981,Anyone Can See,Irene Cara,No suitable video
11/28/1981,I'm Your Superman,All Sports Band,No suitable video
11/21/1981,Let Me Love You Once,Greg Lake,No suitable video
12/12/1981,Keeping Our Love Alive,Henry Paul Band,No suitable video
12/5/1981,Take It Easy On Me,Little River Band,No suitable video
12/12/1981,All Our Tomorrows,Eddie Schwartz,No suitable video
12/5/1981,Love Is Alright Tonite,Rick Springfield,No suitable video
12/19/1981,One Hundred Ways,Quincy Jones Featuring James Ingram,No suitable video
12/26/1981,Southern Pacific,Neil Young / Crazy Horse,No suitable video
12/19/1981,It's My Party,Dave Stewart and Barbara Gaskin,No suitable video
1/9/1982,When All Is Said And Done,ABBA,No suitable video
1/16/1982,Open Arms,Journey,No suitable video
1/16/1982,Perhaps Love,Placido Domingo & John Denver,No suitable video
1/9/1982,Pac-Man Fever,Buckner & Garcia,No suitable video
1/16/1982,Daddy's Home,Cliff Richard,No suitable video
1/16/1982,Bobbie Sue,The Oak Ridge Boys,No suitable video
1/23/1982,Genius Of Love,Tom Tom Club,No suitable video
1/23/1982,867-5309/jenny,Tommy Tutone,No suitable video
1/30/1982,Cool (Part 1),The Time,No suitable video
1/30/1982,Voice On The Radio,Conductor,No suitable video
1/23/1982,Wanna Be With You,"Earth, Wind & Fire",No suitable video
1/30/1982,Only One You,T.G. Sheppard,No suitable video
2/6/1982,Opposites Do Attract,All Sports Band,No suitable video
2/6/1982,Start It All Over,McGuffey Lane,No suitable video
2/6/1982,Natural Love,Petula Clark,No suitable video
1/30/1982,We Got The Beat,Go-Go's,No suitable video
2/13/1982,Steppin' Out,Kool & The Gang,No suitable video
2/13/1982,Goin' Down,Greg Guidry,No suitable video
2/6/1982,(oh) Pretty Woman,Van Halen,No suitable video
2/13/1982,Pop Goes The Movies Part I,Meco,No suitable video
2/6/1982,I Love Rock 'N Roll,Joan Jett & the Blackhearts,No suitable video
2/6/1982,Do You Believe In Love,Huey Lewis & The News,No suitable video
2/20/1982,Edge Of Seventeen (Just Like The White Winged Dove),Stevie Nicks,No suitable video
2/27/1982,Get Down On It,Kool & The Gang,No suitable video
2/27/1982,Baby Makes Her Blue Jeans Talk,Dr. Hook,No suitable video
2/27/1982,Memories Of Days Gone By,Fred Parris & The Five Satins,No suitable video
3/6/1982,The Longer You Wait,Gino Vannelli,No suitable video
3/6/1982,Don't Talk To Strangers,Rick Springfield,No suitable video
3/6/1982,Don't Stop Me Baby (I'm On Fire),The Boys Band,No suitable video
3/6/1982,Don't You Want Me,The Human League,No suitable video
3/13/1982,If I Could Get You (into my Life),Gene Cotton,No suitable video
3/13/1982,Lonely Nights,Bryan Adams,No suitable video
3/20/1982,Did It In A Minute,Daryl Hall John Oates,No suitable video
3/20/1982,The Other Woman,Ray Parker Jr.,No suitable video
3/20/1982,Over The Line,Eddie Schwartz,No suitable video
3/27/1982,Still In Saigon,The Charlie Daniels Band,No suitable video
3/27/1982,Hollywood,Shooting Star,No suitable video
3/27/1982,Stars on 45 III,Stars On,No suitable video
3/27/1982,Since You're Gone,The Cars,No suitable video
4/3/1982,Just To Satisfy You,Waylon & Willie,No suitable video
4/10/1982,Murphy's Law,Cheri,No suitable video
4/3/1982,Man On Your Mind,Little River Band,No suitable video
4/3/1982,Finally,T.G. Sheppard,No suitable video
4/17/1982,Heat Of The Moment,Asia,No suitable video
4/24/1982,"Baby, Come To Me",Patti Austin A Duet With James Ingram,No suitable video
4/24/1982,How Long,Rod Stewart,No suitable video
5/1/1982,Crimson And Clover,Joan Jett & the Blackhearts,No suitable video
5/1/1982,Body Language,Queen,No suitable video
4/24/1982,Hurts So Good,John Cougar,No suitable video
5/15/1982,After The Glitter Fades,Stevie Nicks,No suitable video
5/15/1982,I Predict,Sparks,No suitable video
5/1/1982,Caught Up In You,38 Special,No suitable video
5/15/1982,Love Plus One,Haircut One Hundred,No suitable video
5/15/1982,Hope You Love Me Like You Say You Do,Huey Lewis & The News,No suitable video
5/22/1982,Early In The Morning,The Gap Band,No suitable video
5/22/1982,Kids In America,Kim Wilde,No suitable video
5/22/1982,Dancing In The Street,Van Halen,No suitable video
6/5/1982,What Kind Of Fool Am I,Rick Springfield,No suitable video
5/29/1982,Route 66,The Manhattan Transfer,No suitable video
6/12/1982,Keep The Fire Burnin',REO Speedwagon,No suitable video
6/12/1982,Going To A Go-Go,The Rolling Stones,No suitable video
6/12/1982,Loveline,Dr. Hook,No suitable video
6/12/1982,So Fine,The Oak Ridge Boys,No suitable video
6/19/1982,Your Imagination,Daryl Hall John Oates,No suitable video
6/26/1982,Love Is In Control (Finger On The Trigger),Donna Summer,No suitable video
6/19/1982,Hold Me,Fleetwood Mac,No suitable video
6/26/1982,Wasted On The Way,"Crosby, Stills & Nash",No suitable video
7/3/1982,Too Good To Turn Back Now,Rick Bowles,No suitable video
7/3/1982,Enough Is Enough,April Wine,No suitable video
7/3/1982,And I Am Telling You I'm Not Going,Jennifer Holliday,No suitable video
7/3/1982,Hot In The City,Billy Idol,No suitable video
7/3/1982,Vacation,Go-Go's,No suitable video
7/10/1982,Take It Away,Paul McCartney,No suitable video
7/10/1982,I Ran (So Far Away),A Flock Of Seagulls,No suitable video
7/24/1982,Hot Fun In The Summertime,Dayton,No suitable video
7/24/1982,Jack & Diane,John Cougar,No suitable video
7/10/1982,Who Can It Be Now?,Men At Work,No suitable video
7/24/1982,Only Time Will Tell,Asia,No suitable video
7/31/1982,Themes From E.T. (The Extra-Terrestrial),Walter Murphy,No suitable video
7/24/1982,What's Forever For,Michael Murphey,No suitable video
7/31/1982,You Can Do Magic,America,No suitable video
8/7/1982,How Can I Live Without Her,Christopher Atkins,No suitable video
7/31/1982,Do You Wanna Touch Me (Oh Yeah),Joan Jett & the Blackhearts,No suitable video
7/31/1982,Somebody's Baby,Jackson Browne,No suitable video
7/31/1982,Oh Julie,Barry Manilow,No suitable video
8/14/1982,Night Shift,Quarterflash,No suitable video
8/14/1982,Workin' For A Livin',Huey Lewis & The News,No suitable video
8/7/1982,Your Daddy Don't Know,Toronto,No suitable video
8/14/1982,Holdin' On,Tane Cain,No suitable video
8/21/1982,He Could Be The One,Josie Cotton,No suitable video
8/21/1982,Up Where We Belong,Joe Cocker And Jennifer Warnes,No suitable video
8/14/1982,You Dropped A Bomb On Me,The Gap Band,No suitable video
8/28/1982,Big Fun,Kool & The Gang,No suitable video
8/21/1982,You Keep Runnin' Away,38 Special,No suitable video
9/4/1982,Athena,The Who,No suitable video
9/4/1982,Gypsy,Fleetwood Mac,No suitable video
8/28/1982,You Don't Want Me Anymore,Steel Breeze,No suitable video
9/11/1982,When I'm Holding You Tight,Michael Stanley Band,No suitable video
10/2/1982,State Of Independence,Donna Summer,No suitable video
9/18/1982,Rock This Town,Stray Cats,No suitable video
10/2/1982,Electricland,Bad Company,No suitable video
9/18/1982,I'm So Excited,The Pointer Sisters,No suitable video
9/25/1982,Get Up And Go,Go-Go's,No suitable video
10/9/1982,Truly,Lionel Richie,No suitable video
10/2/1982,Right Here And Now,Bill Medley,No suitable video
10/2/1982,Rock The Casbah,The Clash,No suitable video
10/9/1982,The Only Way Out,Cliff Richard,No suitable video
9/18/1982,Southern Cross,"Crosby, Stills & Nash",No suitable video
10/9/1982,You And I,Eddie Rabbitt With Crystal Gayle,No suitable video
10/30/1982,"Let's Go Dancin' (ooh La, La, La)",Kool & The Gang,No suitable video
10/30/1982,Africa,Toto,No suitable video
10/16/1982,Maneater,Daryl Hall John Oates,No suitable video
10/30/1982,It's Raining Again,Supertramp Featuring Roger Hodgson,No suitable video
11/6/1982,Down Under,Men At Work,No suitable video
11/13/1982,Pledge Pin,Robert Plant,No suitable video
11/6/1982,Hand To Hold On To,John Cougar,No suitable video
11/13/1982,Forever Mine,The Motels,No suitable video
10/16/1982,Shadows Of The Night,Pat Benatar,No suitable video
11/13/1982,I Gotta Try,Michael McDonald,No suitable video
11/13/1982,You Got Lucky,Tom Petty And The Heartbreakers,No suitable video
11/13/1982,Goodbye To You,Scandal Featuring Patty Smyth,No suitable video
11/13/1982,Put It In A Magazine,Sonny Charles,No suitable video
11/27/1982,Love In Store,Fleetwood Mac,No suitable video
12/25/1982,What If (I Said I Love You),Unipop,No suitable video
11/13/1982,Goody Two Shoes,Adam Ant,No suitable video
12/4/1982,After I Cry Tonight,Lanier & Co.,No suitable video
11/27/1982,Twilight Zone,Golden Earring,No suitable video
11/13/1982,Space Age Love Song,A Flock Of Seagulls,No suitable video
11/27/1982,Right Before Your Eyes,America,No suitable video
11/20/1982,The Other Guy,Little River Band,No suitable video
12/11/1982,Back On The Chain Gang,Pretenders,No suitable video
12/11/1982,I Knew You When,Linda Ronstadt,No suitable video
11/13/1982,Valerie,Steve Winwood,No suitable video
12/25/1982,Hungry Like The Wolf,Duran Duran,No suitable video
1/15/1983,I'm Alive,Neil Diamond,No suitable video
1/8/1983,Still Taking Chances,Michael Murphey,No suitable video
1/8/1983,Feet Don't Fail Me Now,Utopia,No suitable video
12/25/1982,Take The Time,Michael Stanley Band,No suitable video
12/25/1982,Eminence Front,The Who,No suitable video
1/15/1983,You Are,Lionel Richie,No suitable video
1/29/1983,Little Thing Called Love,Neil Young,No suitable video
1/15/1983,Tied Up,Olivia Newton-John,No suitable video
1/22/1983,Fall In Love With Me,"Earth, Wind & Fire",No suitable video
1/29/1983,New Frontier,Donald Fagen,No suitable video
1/22/1983,Billie Jean,Michael Jackson,No suitable video
1/15/1983,Don't Tell Me You Love Me,Night Ranger,No suitable video
1/22/1983,All Right,Christopher Cross,No suitable video
1/29/1983,One On One,Daryl Hall John Oates,No suitable video
1/29/1983,What You're Missing,Chicago,No suitable video
1/29/1983,My Kind Of Lady,Supertramp Featuring Rick Davies,No suitable video
1/29/1983,Too Much Love To Hide,"Crosby, Stills & Nash",No suitable video
1/29/1983,Winds Of Change,Jefferson Starship,No suitable video
1/29/1983,I've Got A Rock N' Roll Heart,Eric Clapton,No suitable video
2/26/1983,Please Mr. Postman,Gentle Persuasion,No suitable video
2/12/1983,Mr. Roboto,Styx,No suitable video
2/5/1983,Little Too Late,Pat Benatar,No suitable video
2/12/1983,I Don't Care Anymore,Phil Collins,No suitable video
2/19/1983,What Love Is,Marty Balin,No suitable video
2/26/1983,Only You,Yaz,No suitable video
2/26/1983,Change Of Heart,Tom Petty And The Heartbreakers,No suitable video
2/5/1983,Separate Ways (Worlds Apart),Journey,No suitable video
2/26/1983,Land Of A Thousand Dances,The J. Geils Band,No suitable video
1/29/1983,Jeopardy,Greg Kihn Band,No suitable video
3/12/1983,Desperate But Not Serious,Adam Ant,No suitable video
3/12/1983,Let Me Go,Heaven 17,No suitable video
3/5/1983,You Are In My System,The System,No suitable video
3/5/1983,Keep It Tight,Single Bullet Theory,No suitable video
3/12/1983,Always Something There To Remind Me,Naked Eyes,No suitable video
3/19/1983,American Made,The Oak Ridge Boys,No suitable video
3/26/1983,The One Thing,INXS,No suitable video
4/2/1983,Gimme All Your Lovin,ZZ Top,No suitable video
3/26/1983,I Couldn't Say No,Robert Ellis Orral With Carlene Carter,No suitable video
4/16/1983,Faithfully,Journey,No suitable video
4/9/1983,My Love,Lionel Richie,No suitable video
4/2/1983,New Year's Day,U2,No suitable video
4/2/1983,Flashdance...What A Feeling,Irene Cara,No suitable video
4/16/1983,Electric Avenue,Eddy Grant,No suitable video
4/9/1983,Sing Me Away,Night Ranger,No suitable video
4/16/1983,Cool Places,Sparks & Jane Wiedlin,No suitable video
3/26/1983,Let's Dance,David Bowie,No suitable video
4/23/1983,Looking For A Stranger,Pat Benatar,No suitable video
4/23/1983,Easy For You To Say,Linda Ronstadt,No suitable video
4/23/1983,The Devil Made Me Do It,Golden Earring,No suitable video
4/30/1983,Don't Let It End,Styx,No suitable video
4/30/1983,Family Man,Daryl Hall John Oates,No suitable video
5/7/1983,No Time For Talk,Christopher Cross,No suitable video
5/14/1983,Sweet Dreams (Are Made Of This),Eurythmics,No suitable video
4/30/1983,Ricky,"""Weird Al"" Yankovic",No suitable video
5/14/1983,Side By Side,"Earth, Wind & Fire",No suitable video
5/14/1983,I Cannot Believe It's True,Phil Collins,No suitable video
5/14/1983,Wishing (If I Had A Photograph Of You),A Flock Of Seagulls,No suitable video
5/21/1983,Theme From Doctor Detroit,Devo,No suitable video
5/21/1983,He's A Pretender,High Inergy,No suitable video
5/28/1983,The Metro,Berlin,No suitable video
6/4/1983,China Girl,David Bowie,No suitable video
5/21/1983,Whatever Happened To Old Fashioned Love,B.J. Thomas,No suitable video
6/4/1983,China,Red Rockers,No suitable video
6/11/1983,Hot Girls In Love,Loverboy,No suitable video
6/4/1983,Fade Away,Loz Netto,No suitable video
6/18/1983,You Are In My System,Robert Palmer,No suitable video
6/25/1983,War Games,"Crosby, Stills & Nash",No suitable video
5/28/1983,Baby Jane,Rod Stewart,No suitable video
5/21/1983,The Woman In You,Bee Gees,No suitable video
7/2/1983,Waiting For Your Love,Toto,No suitable video
6/25/1983,Rock 'n' Roll Is King,Electric Light Orchestra,No suitable video
5/7/1983,We Two,Little River Band,No suitable video
7/9/1983,Fake Friends,Joan Jett & the Blackhearts,No suitable video
7/2/1983,Night Pulse,Double Image,No suitable video
7/16/1983,When You Were Mine,Mitch Ryder,No suitable video
7/2/1983,Shy Boy (Don't It Make You Feel Good),Bananarama,No suitable video
7/2/1983,How Am I Supposed To Live Without You,Laura Branigan,No suitable video
7/2/1983,Ewok Celebration,Meco,No suitable video
7/16/1983,Legal Tender,The B-52s,No suitable video
7/16/1983,"Promises, Promises",Naked Eyes,No suitable video
7/9/1983,Johnny B. Goode,Peter Tosh,No suitable video
7/16/1983,Don't Change,INXS,No suitable video
7/23/1983,Words,F.R. David,No suitable video
7/23/1983,Sharp Dressed Man,ZZ Top,No suitable video
7/23/1983,Radio Free Europe,R.E.M.,No suitable video
7/23/1983,You're Driving Me Out Of My Mind,Little River Band,No suitable video
7/30/1983,Don't Cry,Asia,No suitable video
7/30/1983,Crazy,The Manhattans,No suitable video
8/6/1983,True,Spandau Ballet,No suitable video
8/6/1983,Holiday Road,Lindsey Buckingham,No suitable video
7/30/1983,Get It Right,Aretha Franklin,No suitable video
8/20/1983,Do It Again/Billie Jean,Club House,No suitable video
8/20/1983,Someone Belonging To Someone,Bee Gees,No suitable video
8/13/1983,I Don't Wanna Dance,Eddy Grant,No suitable video
8/6/1983,Big Log,Robert Plant,No suitable video
8/27/1983,Hang On Now,Kajagoogoo,No suitable video
8/27/1983,Can't Shake Loose,Agnetha Faltskog,No suitable video
9/3/1983,Take Away,Big Ric,No suitable video
8/27/1983,One Thing Leads To Another,The Fixx,No suitable video
9/3/1983,Suddenly Last Summer,The Motels,No suitable video
8/27/1983,Living On The Edge,Jim Capaldi,No suitable video
9/10/1983,Rockit,Herbie Hancock,No suitable video
9/10/1983,Heart And Soul,Huey Lewis & The News,No suitable video
9/24/1983,Masquerade,Berlin,No suitable video
9/17/1983,Love Is A Stranger,Eurythmics,No suitable video
9/24/1983,Send Her My Love,Journey,No suitable video
9/17/1983,Modern Love,David Bowie,No suitable video
9/17/1983,All Night Long (All Night),Lionel Richie,No suitable video
9/24/1983,Love Is A Battlefield,Pat Benatar,No suitable video
9/10/1983,Everyday People,Joan Jett & the Blackhearts,No suitable video
9/24/1983,Should I Love You,Cee Farrow,No suitable video
10/1/1983,Four Little Diamonds,Electric Light Orchestra,No suitable video
10/1/1983,Wherever I Lay My Hat (That's My Home),Paul Young,No suitable video
10/8/1983,Talking In Your Sleep,The Romantics,No suitable video
10/22/1983,Why Me?,Irene Cara,No suitable video
10/22/1983,I Am Love,Jennifer Holliday,No suitable video
10/22/1983,When The Lights Go Out,Naked Eyes,No suitable video
10/15/1983,Souls,Rick Springfield,No suitable video
10/22/1983,Caught In The Game,Survivor,No suitable video
10/15/1983,Crumblin' Down,John Cougar Mellencamp,No suitable video
10/1/1983,Ain't Nobody,Chaka Khan,No suitable video
10/29/1983,Say It Isn't So,Daryl Hall John Oates,No suitable video
11/5/1983,Owner Of A Lonely Heart,Yes,No suitable video
11/5/1983,Joanna,Kool & The Gang,No suitable video
11/5/1983,Twist Of Fate,Olivia Newton-John,No suitable video
11/12/1983,Magnetic,"Earth, Wind & Fire",No suitable video
11/12/1983,Undercover Of The Night,The Rolling Stones,No suitable video
11/5/1983,Union Of The Snake,Duran Duran,No suitable video
11/12/1983,I Still Can't Get Over Loving You,Ray Parker Jr.,No suitable video
11/12/1983,Send Me An Angel,Real Life,No suitable video
11/12/1983,All The Right Moves,Jennifer Warnes/Chris Thompson,No suitable video
11/12/1983,If I'd Been The One,Thirty Eight Special,No suitable video
11/19/1983,In The Mood,Robert Plant,No suitable video
11/12/1983,Let The Music Play,Shannon,No suitable video
11/19/1983,State Of The Union,Industry,No suitable video
12/3/1983,(You Can Still) Rock In America,Night Ranger,No suitable video
11/19/1983,Gold,Spandau Ballet,No suitable video
11/26/1983,Running With The Night,Lionel Richie,No suitable video
12/3/1983,Take Me Back,Bonnie Tyler,No suitable video
12/10/1983,Think Of Laura,Christopher Cross,No suitable video
12/10/1983,The Dream,Irene Cara,No suitable video
12/17/1983,Nightbird,Stevie Nicks,No suitable video
11/26/1983,This Must Be The Place (Naive Melody),Talking Heads,No suitable video
12/17/1983,Middle Of The Road,Pretenders,No suitable video
12/24/1983,So Bad,Paul McCartney,No suitable video
12/24/1983,Give It Up,KC,No suitable video
12/24/1983,Just One More Time,The Headpins,No suitable video
12/24/1983,Someone Like You,Michael Stanley Band,No suitable video
1/7/1984,Something's On Your Mind,D Train,No suitable video
1/14/1984,New Moon On Monday,Duran Duran,No suitable video
1/28/1984,Vitamin L,B.E. Taylor Group,No suitable video
1/14/1984,Jump,Van Halen,No suitable video
1/21/1984,New Song,Howard Jones,No suitable video
1/28/1984,Red Red Wine,UB40,No suitable video
1/21/1984,Over My Head,Toni Basil,No suitable video
1/21/1984,Let's Stay Together,Tina Turner,No suitable video
1/28/1984,Got A Hold On Me,Christine McVie,No suitable video
1/21/1984,Nobody Told Me,John Lennon,No suitable video
1/14/1984,I Want A New Drug,Huey Lewis & The News,No suitable video
1/28/1984,Here Comes The Rain Again,Eurythmics,No suitable video
1/28/1984,Footloose,Kenny Loggins,No suitable video
2/4/1984,Don't Let Go,Wang Chung,No suitable video
2/4/1984,Strip,Adam Ant,No suitable video
2/4/1984,Back Where You Belong,Thirty Eight Special,No suitable video
2/4/1984,Breaking Up Is Hard On You,The American Comedy Network,No suitable video
2/11/1984,Each Word's A Beat Of My Heart,Mink De Ville,No suitable video
2/11/1984,Thriller,Michael Jackson,No suitable video
2/4/1984,Come Back And Stay,Paul Young,No suitable video
2/4/1984,Looks That Kill,Motley Crue,No suitable video
2/11/1984,Livin' In Desperate Times,Olivia Newton-John,No suitable video
2/11/1984,It's Gonna Be Special,Patti Austin,No suitable video
2/18/1984,Adult Education,Daryl Hall John Oates,No suitable video
2/18/1984,Radio Ga Ga,Queen,No suitable video
2/11/1984,This Could Be The Right One,April Wine,No suitable video
2/18/1984,Make My Day,T.G. Sheppard With Clint Eastwood,No suitable video
2/25/1984,White Horse,Laid Back,No suitable video
2/25/1984,Flashes,Tiggi Clay,No suitable video
2/25/1984,Tonight,Kool & The Gang,No suitable video
2/25/1984,Hello,Lionel Richie,No suitable video
2/25/1984,Against All Odds (Take A Look At Me Now),Phil Collins,No suitable video
2/25/1984,Runaway,Bon Jovi,No suitable video
3/3/1984,Don't Answer Me,The Alan Parsons Project,No suitable video
3/10/1984,Eat It,"""Weird Al"" Yankovic",No suitable video
3/10/1984,Baby Come Back,Billy Rankin,No suitable video
3/3/1984,The Sun And The Rain,Madness,No suitable video
2/25/1984,Club Michelle,Eddie Money,No suitable video
3/10/1984,You Might Think,The Cars,No suitable video
2/25/1984,Holding Out For A Hero,Bonnie Tyler,No suitable video
3/17/1984,Give,Misiing Persons,No suitable video
3/17/1984,Hunters Of The Night,Mr. Mister,No suitable video
3/10/1984,Sister Christian,Night Ranger,No suitable video
3/24/1984,When The Lady Smiles,Golden Earring,No suitable video
3/17/1984,The Authority Song,John Cougar Mellencamp,No suitable video
3/17/1984,Head Over Heels,Go-Go's,No suitable video
3/24/1984,Catch Me I'm Falling,Real Life,No suitable video
3/31/1984,Give Me Tonight,Shannon,No suitable video
3/24/1984,Love Has Finally Come At Last,Bobby Womack & Patti LaBelle,No suitable video
4/7/1984,Relax,Frankie Goes To Hollywood,No suitable video
4/7/1984,Olympia,Sergio Mendes,No suitable video
4/14/1984,Terms Of Endearment,Michael Gore,No suitable video
3/31/1984,I'm Steppin' Out,John Lennon,No suitable video
4/7/1984,"Oh, Sherrie",Steve Perry,No suitable video
4/7/1984,"Run, Runaway",Slade,No suitable video
3/24/1984,Breakdance,Irene Cara,No suitable video
4/14/1984,I'll Wait,Van Halen,No suitable video
4/21/1984,What Is Love,Howard Jones,No suitable video
4/21/1984,The Heart Of Rock & Roll,Huey Lewis & The News,No suitable video
4/21/1984,Modern Day Delilah,Van Stephenson,No suitable video
4/28/1984,Original Sin,INXS,No suitable video
4/21/1984,The Reflex,Duran Duran,No suitable video
4/28/1984,I Want To Break Free,Queen,No suitable video
4/21/1984,Dance Hall Days,Wang Chung,No suitable video
5/5/1984,King Of Suede,"""Weird Al"" Yankovic",No suitable video
4/28/1984,Love Will Show Us How,Christine McVie,No suitable video
4/28/1984,Don't Look Any Further,Dennis Edwards,No suitable video
4/28/1984,Believe In Me,Dan Fogelberg,No suitable video
4/28/1984,Jump (for My Love),The Pointer Sisters,No suitable video
5/5/1984,Who's That Girl,Eurythmics,No suitable video
5/5/1984,Heart Don't Lie,LaToya Jackson,No suitable video
5/19/1984,Love Of The Common People,Paul Young,No suitable video
5/19/1984,Legs,ZZ Top,No suitable video
5/19/1984,Prime Time,The Alan Parsons Project,No suitable video
5/19/1984,Romancing The Stone,Eddy Grant,No suitable video
5/26/1984,Infatuation,Rod Stewart,No suitable video
5/19/1984,Magic,The Cars,No suitable video
5/19/1984,What's Love Got To Do With It,Tina Turner,No suitable video
5/26/1984,Dancing In The Dark,Bruce Springsteen,No suitable video
6/2/1984,So You Ran,Orion The Hunter,No suitable video
6/2/1984,10-9-8,Face To Face,No suitable video
5/26/1984,Sunglasses At Night,Corey Hart,No suitable video
6/2/1984,When Doves Cry,Prince,No suitable video
6/2/1984,Gotta Give A Little Love (Ten Years Later),Timmy Thomas,No suitable video
5/26/1984,Doctor! Doctor!,Thompson Twins,No suitable video
6/2/1984,Breakin'...there's No Stopping Us,Ollie And Jerry,No suitable video
5/26/1984,She Don't Know Me,Bon Jovi,No suitable video
5/26/1984,Don't Walk Away,Rick Springfield,No suitable video
6/16/1984,Turn To You,Go-Go's,No suitable video
6/9/1984,Strangers In A Strange World,Jenny Burton & Patrick Jude,No suitable video
6/16/1984,Round And Round,Ratt,No suitable video
6/9/1984,Bringin' On The Heartbreak,Def Leppard,No suitable video
6/16/1984,I'm Free (Heaven Helps The Man),Kenny Loggins,No suitable video
6/16/1984,Too Young To Fall In Love,Motley Crue,No suitable video
6/16/1984,Somebody Else's Guy,Jocelyn Brown,No suitable video
7/7/1984,99 1/2,Carol Lynn Townes,No suitable video
6/30/1984,Now It's My Turn,Berlin,No suitable video
6/30/1984,Thin Line Between Love And Hate,Pretenders,No suitable video
6/23/1984,South Central Rain (I'm Sorry),R.E.M.,No suitable video
6/30/1984,The Warrior,Scandal Featuring Patty Smyth,No suitable video
6/23/1984,Stuck On You,Lionel Richie,No suitable video
6/30/1984,I Lost On Jeopardy,"""Weird Al"" Yankovic",No suitable video
7/7/1984,Don't Do Me,Randy Bell,No suitable video
6/23/1984,Panama,Van Halen,No suitable video
7/14/1984,Two Sides Of Love,Sammy Hagar,No suitable video
6/30/1984,Black Stations/White Stations,M + M,No suitable video
7/14/1984,When You Close Your Eyes,Night Ranger,No suitable video
7/14/1984,Lights Out,Peter Wolf,No suitable video
7/21/1984,Right By Your Side,Eurythmics,No suitable video
7/14/1984,You're The Best Thing,The Style Council,No suitable video
7/21/1984,If This Is It,Huey Lewis & The News,No suitable video
7/28/1984,Go Insane,Lindsey Buckingham,No suitable video
7/21/1984,Dynamite,Jermaine Jackson,No suitable video
7/21/1984,Cruel Summer,Bananarama,No suitable video
7/28/1984,Loverboy,Karen Kamon,No suitable video
8/4/1984,What The Big Girls Do,Van Stephenson,No suitable video
7/28/1984,You Were Made For Me,Irene Cara,No suitable video
7/28/1984,We're Not Gonna Take It,Twisted Sister,No suitable video
8/4/1984,Let's Go Crazy,Prince And The Revolution,No suitable video
7/28/1984,Straight From The Heart (Into Your Life),Coyote Sisters,No suitable video
8/4/1984,Beatstreet,Grand Master Melle Mel And The Furious Five With Mr Ness & Cowboy,No suitable video
8/4/1984,Drive,The Cars,No suitable video
8/11/1984,Cover Me,Bruce Springsteen,No suitable video
8/18/1984,Video,Jeff Lynne,No suitable video
8/11/1984,"The More You Live, The More You Love",A Flock Of Seagulls,No suitable video
8/11/1984,Caribbean Queen (No More Love On The Run),Billy Ocean,No suitable video
8/18/1984,Rain,Dragon,No suitable video
8/25/1984,Anywhere With You,Rubber Rodeo,No suitable video
9/1/1984,Shine Shine,Barry Gibb,No suitable video
9/1/1984,In The Name Of Love,Ralph MacDonald With Bill Withers,No suitable video
9/1/1984,On The Wings Of A Nightingale,The Everly Brothers,No suitable video
8/11/1984,(what) In The Name Of Love,Naked Eyes,No suitable video
9/8/1984,Pretty Mess,Vanity,No suitable video
9/8/1984,Body Rock,Maria Vidal,No suitable video
9/22/1984,Yes Or No,Go-Go's,No suitable video
9/22/1984,Don't Be My Enemy,Wang Chung,No suitable video
9/29/1984,It Ain't Enough,Corey Hart,No suitable video
9/15/1984,Blue Jean,David Bowie,No suitable video
9/29/1984,Slow Dancin',Peabo Bryson,No suitable video
9/29/1984,The Real End,Rickie Lee Jones,No suitable video
9/29/1984,Love Kills,Freddie Mercury,No suitable video
9/29/1984,Out Of Touch,Daryl Hall John Oates,No suitable video
9/29/1984,Teacher Teacher,38 Special,No suitable video
10/6/1984,We Are The Young,Dan Hartman,No suitable video
10/13/1984,Medley: Love Songs Are Back Again,Band Of Gold,No suitable video
10/6/1984,Penny Lover,Lionel Richie,No suitable video
10/20/1984,I Wanna Rock,Twisted Sister,No suitable video
10/27/1984,Hello Again,The Cars,No suitable video
10/20/1984,Walking On A Thin Line,Huey Lewis & The News,No suitable video
10/13/1984,I Need You Tonight,Peter Wolf,No suitable video
10/13/1984,Sea Of Love,The Honeydrippers,No suitable video
10/27/1984,Hot For Teacher,Van Halen,No suitable video
11/3/1984,Concealed Weapons,The J. Geils Band,No suitable video
11/10/1984,The Boys Of Summer,Don Henley,No suitable video
10/27/1984,We Belong,Pat Benatar,No suitable video
11/10/1984,Love Again,John Denver & Sylvie Vartan,No suitable video
11/24/1984,Sex Crime (Nineteen Eighty-Four),Eurythmics,No suitable video
11/17/1984,You're The Inspiration,Chicago,No suitable video
11/10/1984,Born In The USA,Bruce Springsteen,No suitable video
11/24/1984,Misled,Kool & The Gang,No suitable video
11/17/1984,Sunshine In The Shade,The Fixx,No suitable video
11/24/1984,Easy Lover,Philip Bailey With Phil Collins,No suitable video
12/1/1984,Operator,Midnight Star,No suitable video
12/8/1984,Don't Wait For Heroes,Dennis DeYoung,No suitable video
12/8/1984,I Want To Know What Love Is,Foreigner,No suitable video
12/8/1984,Tragedy,John Hunter,No suitable video
12/1/1984,Tonight,David Bowie,No suitable video
12/8/1984,The Heat Is On,Glenn Frey,No suitable video
12/15/1984,Method Of Modern Love,Daryl Hall John Oates,No suitable video
12/15/1984,Eat My Shorts,Rick Dees,No suitable video
12/15/1984,Treat Her Like A Lady,The Temptations,No suitable video
12/15/1984,Mistake No. 3,Culture Club,No suitable video
12/22/1984,Sugar Walls,Sheena Easton,No suitable video
12/22/1984,Money Changes Everything,Cyndi Lauper,No suitable video
12/22/1984,Mr. Telephone Man,New Edition,No suitable video
12/22/1984,Fools Like Me,Lorenzo Lamas,No suitable video
1/5/1985,Rockin' At Midnight,The Honeydrippers,No suitable video
1/5/1985,Yo Little Brother,Nolan Thomas,No suitable video
12/22/1984,Do They Know It's Christmas?,Band-Aid,No suitable video
12/22/1984,Careless Whisper,Wham! Featuring George Michael,No suitable video
1/19/1985,Ooh Ooh Song,Pat Benatar,No suitable video
1/19/1985,This Is My Night,Chaka Khan,No suitable video
1/19/1985,Private Dancer,Tina Turner,No suitable video
1/26/1985,Why Can't I Have You,The Cars,No suitable video
1/26/1985,Only The Young,Journey,No suitable video
2/2/1985,This Is Not America,David Bowie/Pat Metheny Group,No suitable video
2/9/1985,One Foot Back In Your Door,Roman Holliday,No suitable video
2/2/1985,Save A Prayer,Duran Duran,No suitable video
2/9/1985,Radioactive,The Firm,No suitable video
2/9/1985,Second Nature,Dan Hartman,No suitable video
2/16/1985,I'm On Fire,Bruce Springsteen,No suitable video
2/23/1985,Along Comes A Woman,Chicago,No suitable video
2/16/1985,New Attitude,Patti LaBelle,No suitable video
3/2/1985,You Send Me,The Manhattans,No suitable video
3/9/1985,Forever Man,Eric Clapton,No suitable video
3/16/1985,That Was Yesterday,Foreigner,No suitable video
3/9/1985,"Roxanne, Roxanne",UTFO,No suitable video
3/23/1985,Will The Wolf Survive,Los Lobos,No suitable video
3/16/1985,Don't Come Around Here No More,Tom Petty And The Heartbreakers,No suitable video
3/16/1985,Some Things Are Better Left Unsaid,Daryl Hall John Oates,No suitable video
3/23/1985,Fresh,Kool & The Gang,No suitable video
3/16/1985,Some Like It Hot,The Power Station,No suitable video
3/23/1985,Things Can Only Get Better,Howard Jones,No suitable video
3/23/1985,Suddenly,Billy Ocean,No suitable video
3/23/1985,We Are The World,USA For Africa,No suitable video
4/6/1985,Do You Wanna Get Away,Shannon,No suitable video
4/6/1985,Celebrate Youth,Rick Springfield,No suitable video
4/20/1985,Only Lonely,Bon Jovi,No suitable video
4/27/1985,Would I Lie To You?,Eurythmics,No suitable video
4/27/1985,OO-EE-Diddley-Bop,Peter Wolf,No suitable video
4/20/1985,The Search Is Over,Survivor,No suitable video
5/4/1985,(Come On) Shout,Alex Brown,No suitable video
4/20/1985,Show Some Respect,Tina Turner,No suitable video
4/27/1985,Through the Fire,Chaka Khan,No suitable video
5/4/1985,Alone Again,Dokken,No suitable video
5/4/1985,My Toot Toot,Jean Knight,No suitable video
5/11/1985,Ways To Be Wicked,Lone Justice,No suitable video
5/4/1985,Dangerous,Natalie Cole,No suitable video
5/11/1985,Hold Me,Menudo,No suitable video
5/4/1985,Black Cars,Gino Vannelli,No suitable video
5/11/1985,Everytime You Go Away,Paul Young,No suitable video
5/11/1985,You Give Good Love,Whitney Houston,No suitable video
5/25/1985,Sentimental Street,Night Ranger,No suitable video
5/18/1985,You're The Only Love,Paul Hyde & Payolas,No suitable video
5/18/1985,Little By Little,Robert Plant,No suitable video
5/25/1985,The Lady Of My Heart,Jack Wagner,No suitable video
5/25/1985,Rock Me Tonight,Freddie Jackson,No suitable video
5/18/1985,Find A Way,Amy Grant,No suitable video
6/1/1985,Possession Obsession,Daryl Hall John Oates,No suitable video
6/1/1985,Glory Days,Bruce Springsteen,No suitable video
6/8/1985,State Of the Heart,Rick Springfield,No suitable video
6/8/1985,Make It Better (Forget About Me),Tom Petty And The Heartbreakers,No suitable video
6/1/1985,You Spin Me Round (Like A Record),Dead Or Alive,No suitable video
6/15/1985,Frankie,Sister Sledge,No suitable video
7/6/1985,Cherish,Kool & The Gang,No suitable video
6/8/1985,Get It On (Bang A Gong),The Power Station,No suitable video
6/8/1985,Never Surrender,Corey Hart,No suitable video
6/22/1985,Like A Surgeon,"""Weird Al"" Yankovic",No suitable video
6/29/1985,The Power Of Love,Huey Lewis & The News,No suitable video
6/29/1985,See What Love Can Do,Eric Clapton,No suitable video
7/6/1985,Life In One Day,Howard Jones,No suitable video
6/29/1985,Summer Of '69,Bryan Adams,No suitable video
7/6/1985,Invincible (Theme From The Legend Of Billie Jean),Pat Benatar,No suitable video
7/13/1985,Summertime Girls,Y&T,No suitable video
7/13/1985,Smokin' In The Boys Room,Motley Crue,No suitable video
7/13/1985,Live Every Moment,REO Speedwagon,No suitable video
7/20/1985,Cry,Godley & Creme,No suitable video
7/13/1985,Take On Me,a-ha,No suitable video
7/27/1985,Black Kisses Never Make You Blue,Curtie & The Boom Box,No suitable video
7/20/1985,Don't Lose My Number,Phil Collins,No suitable video
7/27/1985,Spanish Eddie,Laura Branigan,No suitable video
8/3/1985,It's Getting Late,The Beach Boys,No suitable video
7/27/1985,No Lookin' Back,Michael McDonald,No suitable video
8/10/1985,Running Back,Urgent,No suitable video
8/10/1985,Fright Night,The J. Geils Band,No suitable video
8/17/1985,Wise Up,Amy Grant,No suitable video
8/17/1985,Saving All My Love For You,Whitney Houston,No suitable video
8/17/1985,Rebels,Tom Petty And The Heartbreakers,No suitable video
8/17/1985,I'll Be Around,What Is This,No suitable video
8/24/1985,Lovin' Every Minute Of It,Loverboy,No suitable video
8/24/1985,All Of Me For All Of You,9.9,No suitable video
8/24/1985,Looking Over My Shoulder,'Til Tuesday,No suitable video
8/24/1985,Four In The Morning (I Can't Take Anymore),Night Ranger,No suitable video
8/24/1985,Love Theme From St. Elmo's Fire (Instrumental),David Foster,No suitable video
8/31/1985,The Way You Do The Things You Do/My Girl,Daryl Hall John Oates,No suitable video
8/31/1985,Stand By Me,Maurice White,No suitable video
9/7/1985,Communication,The Power Station,No suitable video
9/7/1985,Master & Servant/(Set Me Free) Remotivate Me,Depeche Mode,No suitable video
9/7/1985,A Little Bit of Heaven,Natalie Cole,No suitable video
9/7/1985,Running Up That Hill,Kate Bush,No suitable video
9/7/1985,You Are My Lady,Freddie Jackson,No suitable video
9/7/1985,Miami Vice Theme,Jan Hammer,No suitable video
9/7/1985,And She Was,Talking Heads,No suitable video
8/31/1985,Dancing In The Street,David Bowie & Mick Jagger,No suitable video
9/7/1985,I'm Gonna Tear Your Playhouse Down,Paul Young,No suitable video
9/14/1985,Boy In The Box,Corey Hart,No suitable video
9/14/1985,One Night Love Affair,Bryan Adams,No suitable video
9/21/1985,Broken Wings,Mr. Mister,No suitable video
9/14/1985,I Miss You,Klymaxx,No suitable video
9/21/1985,Lover Come Back To Me,Dead Or Alive,No suitable video
9/21/1985,Hard Times For Lovers,Jennifer Holliday,No suitable video
9/21/1985,Eaten Alive,Diana Ross,No suitable video
9/21/1985,Born In East L.A.,Cheech & Chong,No suitable video
9/21/1985,Hurts To Be In Love,Gino Vannelli,No suitable video
9/28/1985,I'll Be Good,Rene & Angela,No suitable video
9/28/1985,Screams Of Passion,The Family,No suitable video
9/28/1985,Object Of My Desire,Starpoint,No suitable video
10/5/1985,Separate Lives,Phil Collins and Marilyn Martin,No suitable video
10/12/1985,To Live And Die In L.A.,Wang Chung,No suitable video
9/28/1985,Who's Zoomin' Who,Aretha Franklin,No suitable video
10/12/1985,You're In Love,Ratt,No suitable video
10/19/1985,"Tarzan Boy (From ""Teenage Mutant Ninja Turtles III"")",Baltimora,No suitable video
9/28/1985,Like To Get To Know You Well,Howard Jones,No suitable video
10/19/1985,Alive & Kicking,Simple Minds,No suitable video
10/26/1985,Charm The Snake,Christopher Cross,No suitable video
10/19/1985,Sleeping Bag,ZZ Top,No suitable video
11/9/1985,"Say You, Say Me",Lionel Richie,No suitable video
10/26/1985,You're A Friend Of Mine,Clarence Clemons & Jackson Browne,No suitable video
10/26/1985,Emergency,Kool & The Gang,No suitable video
11/2/1985,Tonight She Comes,The Cars,No suitable video
11/16/1985,Love Grammar,John Parr,No suitable video
11/9/1985,That's What Friends Are For,Dionne & Friends,No suitable video
11/16/1985,A Love Bizarre,Sheila E.,No suitable video
10/26/1985,Home Sweet Home,Motley Crue,No suitable video
11/9/1985,Goodbye,Night Ranger,No suitable video
11/23/1985,Everything Must Change,Paul Young,No suitable video
11/23/1985,Spies Like Us,Paul McCartney,No suitable video
11/23/1985,Sex As A Weapon,Pat Benatar,No suitable video
11/23/1985,Silent Running (On Dangerous Ground),Mike + The Mechanics,No suitable video
12/7/1985,Go,Asia,No suitable video
12/14/1985,Beat's So Lonely,Charlie Sexton,No suitable video
12/7/1985,One Vision,Queen,No suitable video
11/30/1985,"When The Going Gets Tough, The Tough Get Going",Billy Ocean,No suitable video
11/30/1985,Everything In My Heart,Corey Hart,No suitable video
11/30/1985,Leader Of The Pack,Twisted Sister,No suitable video
12/7/1985,How Will I Know,Whitney Houston,No suitable video
11/30/1985,I'm Your Man,Wham!,No suitable video
12/7/1985,Caravan Of Love,"Isley, Jasper, Isley",No suitable video
12/14/1985,Somewhere,Barbra Streisand,No suitable video
1/18/1986,This Could Be The Night,Loverboy,No suitable video
12/21/1985,Own The Night,Chaka Khan,No suitable video
12/21/1985,Kyrie,Mr. Mister,No suitable video
1/11/1986,The Super Bowl Shuffle,The Chicago Bears Shufflin' Crew,No suitable video
1/18/1986,What You Need,INXS,No suitable video
1/18/1986,Stages,ZZ Top,No suitable video
2/1/1986,I'm Not The One,The Cars,No suitable video
2/1/1986,Tender Love,Force M.D.'s,No suitable video
1/25/1986,No Easy Way Out,Robert Tepper,No suitable video
2/1/1986,Needles And Pins,Tom Petty & The Heartbreakers With Stevie Nicks,No suitable video
1/18/1986,Another Night,Aretha Franklin,No suitable video
1/25/1986,Live Is Life,Opus,No suitable video
2/8/1986,No Frills Love,Jennifer Holliday,No suitable video
2/1/1986,Calling America,Electric Light Orchestra,No suitable video
2/15/1986,Le Bel Age (The Best Years),Pat Benatar,No suitable video
2/8/1986,I Like You,Phyllis Nelson,No suitable video
2/8/1986,Let Me Be The One,Five Star,No suitable video
2/15/1986,It's All Right (Baby's Coming Back),Eurythmics,No suitable video
2/15/1986,One Sunny Day (From Quicksilver),"Ray Parker,Jr. & Helen Terry",No suitable video
2/22/1986,In My Dreams,Dokken,No suitable video
3/1/1986,So Far Away,Dire Straits,No suitable video
3/1/1986,Where Are You Now?,Jimmy Harnen With Synch,No suitable video
3/1/1986,West End Girls,Pet Shop Boys,No suitable video
3/8/1986,Feel It Again,Honeymoon Suite,No suitable video
3/8/1986,Bad Boy,Miami Sound Machine,No suitable video
3/8/1986,I Can't Wait,Nu Shooz,No suitable video
3/15/1986,A Good Heart,Feargal Sharkey,No suitable video
3/8/1986,If You Leave,Orchestral Manoeuvres In The Dark,No suitable video
3/8/1986,Great Gosh A'mighty (Down & Out In Bev. Hills Theme),Little Richard,No suitable video
3/22/1986,Restless,Starpoint,No suitable video
3/22/1986,All I Need Is A Miracle,Mike + The Mechanics,No suitable video
3/15/1986,Call Me,Dennis DeYoung,No suitable video
3/29/1986,Is It Love,Mr. Mister,No suitable video
3/29/1986,Rough Boy,ZZ Top,No suitable video
3/29/1986,Greatest Love Of All,Whitney Houston,No suitable video
4/5/1986,Tomorrow Doesn't Matter Tonight,Starship,No suitable video
4/12/1986,Hands Across America,Voices Of America,No suitable video
4/5/1986,Johnny Come Home,Fine Young Cannibals,No suitable video
3/29/1986,Absolute Beginners,David Bowie,No suitable video
4/19/1986,Under The Influence,Vanity,No suitable video
4/19/1986,There'll Be Sad Songs (To Make You Cry),Billy Ocean,No suitable video
4/12/1986,Somebody Somewhere,Platinum Blonde,No suitable video
4/12/1986,No One Is To Blame,Howard Jones,No suitable video
4/12/1986,Live To Tell,Madonna,No suitable video
4/19/1986,The Love Parade,The Dream Academy,No suitable video
5/3/1986,Digging Your Scene,The Blow Monkeys,No suitable video
5/3/1986,Like No Other Night,Thirty Eight Special,No suitable video
4/26/1986,A Different Corner,George Michael,No suitable video
5/10/1986,Sledgehammer,Peter Gabriel,No suitable video
5/17/1986,We Don't Have To Take Our Clothes Off,Jermaine Stewart,No suitable video
5/10/1986,Living On Video,Trans-X,No suitable video
5/31/1986,Take It Easy,Andy Taylor,No suitable video
6/7/1986,Jungle Boy,John Eddie,No suitable video
6/7/1986,One Way Love,TKA,No suitable video
5/17/1986,Peter Gunn,The Art Of Noise Featuring Duane Eddy,No suitable video
6/14/1986,Higher Love,Steve Winwood,No suitable video
5/24/1986,Female Intuition,Mai Tai,No suitable video
6/7/1986,"Glory Of Love (Theme From ""The Karate Kid Part II"")",Peter Cetera,No suitable video
6/21/1986,You Don't Have To Cry,Rene & Angela,No suitable video
6/14/1986,The Best Of Me,David Foster And Olivia Newton-John,No suitable video
6/21/1986,Baby Love,Regina,No suitable video
6/28/1986,If Anybody Had A Heart,John Waite,No suitable video
6/28/1986,Victory Line,Limited Warranty,No suitable video
6/21/1986,"Take My Breath Away (Love Theme From ""Top Gun"")",Berlin,No suitable video
6/28/1986,Rock'N'roll To The Rescue,The Beach Boys,No suitable video
6/28/1986,This Is The Time,Dennis DeYoung,No suitable video
6/28/1986,The Captain Of Her Heart,Double,No suitable video
6/28/1986,Taken In,Mike + The Mechanics,No suitable video
7/5/1986,Point Of No Return,Nu Shooz,No suitable video
7/12/1986,"Walk Like A Man (From ""A Fine Mess"")",Mary Jane Girls,No suitable video
7/5/1986,No Promises,Icehouse,No suitable video
7/12/1986,Love Of A Lifetime,Chaka Khan,No suitable video
7/19/1986,Dancing On The Ceiling,Lionel Richie,No suitable video
7/19/1986,Somebody Like You,Thirty Eight Special,No suitable video
7/12/1986,Two Of Hearts,Stacey Q,No suitable video
7/19/1986,Money$ Too Tight (To Mention),Simply Red,No suitable video
7/26/1986,Walk This Way,Run-D.M.C.,No suitable video
7/26/1986,All Cried Out,Lisa Lisa And Cult Jam With Full Force Featuring Paul Anthony & Bow Legged Lou,No suitable video
8/2/1986,Stuck With You,Huey Lewis & The News,No suitable video
8/2/1986,Ruthless People,Mick Jagger,No suitable video
8/2/1986,Dreamtime,Daryl Hall,No suitable video
8/9/1986,Am I Forgiven,Isle Of Man,No suitable video
7/26/1986,Love Zone,Billy Ocean,No suitable video
8/9/1986,Private Number,The Jets,No suitable video
8/23/1986,Angel In My Pocket,One To One,No suitable video
8/16/1986,I Didn't Mean To Turn You On,Robert Palmer,No suitable video
8/23/1986,"Earth Angel (From ""The Karate Kid Part II"")",New Edition,No suitable video
8/16/1986,Walk Away Renee,Southside Johnny & The Jukes,No suitable video
8/16/1986,Playing With The Boys,Kenny Loggins,No suitable video
8/23/1986,Heartbeat,Don Johnson,No suitable video
8/30/1986,"In Your Eyes (Theme From ""Say Anything"")",Peter Gabriel,No suitable video
8/30/1986,Typical Male,Tina Turner,No suitable video
9/6/1986,Wild Wild Life,Talking Heads,No suitable video
9/6/1986,You Give Love A Bad Name,Bon Jovi,No suitable video
9/6/1986,Emotion In Motion,Ric Ocasek,No suitable video
8/30/1986,True Colors,Cyndi Lauper,No suitable video
9/13/1986,Can't Wait Another Minute,Five Star,No suitable video
9/27/1986,Jumpin' Jack Flash,Aretha Franklin,No suitable video
9/13/1986,The Rain,Oran 'Juice' Jones,No suitable video
9/20/1986,I Feel The Magic,Belinda Carlisle,No suitable video
9/20/1986,Runaway,Luis Cardenas,No suitable video
9/20/1986,The Next Time I Fall,Peter Cetera With Amy Grant,No suitable video
9/27/1986,(Forever) Live And Die,Orchestral Manoeuvres In The Dark,No suitable video
9/20/1986,I Am By Your Side,Corey Hart,No suitable video
10/4/1986,To Be A Lover,Billy Idol,No suitable video
10/4/1986,Fall On Me,R.E.M.,No suitable video
10/4/1986,Love Will Conquer All,Lionel Richie,No suitable video
10/4/1986,Everybody Have Fun Tonight,Wang Chung,No suitable video
10/11/1986,Good Music,Joan Jett & the Blackhearts,No suitable video
10/18/1986,Foolish Pride,Daryl Hall,No suitable video
10/18/1986,More Than Physical,Bananarama,No suitable video
10/25/1986,When The Rain Comes Down,Andy Taylor,No suitable video
10/18/1986,Hip To Be Square,Huey Lewis & The News,No suitable video
10/11/1986,C'est La Vie,Robbie Nevil,No suitable video
10/11/1986,Don't Get Me Wrong,Pretenders,No suitable video
10/18/1986,You Know I Love You ... Don't You?,Howard Jones,No suitable video
11/1/1986,Goldmine,The Pointer Sisters,No suitable video
10/18/1986,Shake You Down,Gregory Abbott,No suitable video
11/1/1986,Falling In Love (Uh-Oh),Miami Sound Machine,No suitable video
11/1/1986,Victory,Kool & The Gang,No suitable video
10/25/1986,Don't Stand So Close To Me '86,The Police,No suitable video
11/1/1986,Touch Me (I Want Your Body),Samantha Fox,No suitable video
10/25/1986,Love Is Forever,Billy Ocean,No suitable video
11/1/1986,Notorious,Duran Duran,No suitable video
11/8/1986,Stay The Night,Benjamin Orr,No suitable video
11/15/1986,Will You Still Love Me?,Chicago,No suitable video
11/8/1986,Love In Siberia,Laban,No suitable video
11/15/1986,Thorn In My Side,Eurythmics,No suitable video
11/15/1986,You Got It All,The Jets,No suitable video
11/15/1986,Some People,Paul Young,No suitable video
11/22/1986,Two People,Tina Turner,No suitable video
12/6/1986,Ballerina Girl,Lionel Richie,No suitable video
11/22/1986,Keep Your Hands To Yourself,The Georgia Satellites,No suitable video
12/13/1986,Dancin' In My Sleep,Secret Ties,No suitable video
11/29/1986,The Best Man In The World,Ann Wilson,No suitable video
11/29/1986,Brand New Lover,Dead Or Alive,No suitable video
12/13/1986,This Is The World Calling,Bob Geldof,No suitable video
12/13/1986,Can't Help Falling In Love,Corey Hart,No suitable video
12/13/1986,Blame It On The Radio,John Parr,No suitable video
12/27/1986,(I Know) I'm Losing You,Uptown,No suitable video
12/20/1986,(You Gotta) Fight For Your Right (To Party!),Beastie Boys,No suitable video
1/24/1987,The Honeythief,Hipsway,No suitable video
1/10/1987,Shelter,Lone Justice,No suitable video
12/27/1986,Don't Leave Me This Way,The Communards,No suitable video
1/17/1987,Jacob's Ladder,Huey Lewis & The News,No suitable video
1/24/1987,Let's Go!,Wang Chung,No suitable video
1/24/1987,All I Want,Howard Jones,No suitable video
1/17/1987,Deep River Woman,Lionel Richie,No suitable video
1/31/1987,Skin Trade,Duran Duran,No suitable video
1/31/1987,Nothing's Gonna Stop Us Now,Starship,No suitable video
1/17/1987,Don't Dream It's Over,Crowded House,No suitable video
1/24/1987,Don't Need A Gun,Billy Idol,No suitable video
2/7/1987,What You Get Is What You See,Tina Turner,No suitable video
2/7/1987,Stone Love,Kool & The Gang,No suitable video
2/7/1987,My Baby,Pretenders,No suitable video
2/14/1987,Dominoes,Robbie Nevil,No suitable video
2/21/1987,I Got The Feelin' (It's Over),Gregory Abbott,No suitable video
2/14/1987,Lean On Me,Club Nouveau,No suitable video
2/14/1987,Nothing's Gonna Change My Love For You,Glenn Medeiros,No suitable video
2/21/1987,Showing Out (Get Fresh At The Weekend),Mel & Kim,No suitable video
2/14/1987,Ship Of Fools (Save Me From Tomorrow),World Party,No suitable video
2/28/1987,So Much For Love,The Venetians,No suitable video
2/14/1987,The Lady In Red,Chris de Burgh,No suitable video
2/21/1987,I Knew You Were Waiting (For Me),Aretha Franklin & George Michael,No suitable video
2/28/1987,Sexappeal,Georgio,No suitable video
2/28/1987,Come As You Are,Peter Wolf,No suitable video
2/28/1987,It's Tricky,Run-D.M.C.,No suitable video
2/28/1987,Never Enough,Patty Smyth,No suitable video
3/7/1987,Boy Toy,Tia,No suitable video
2/28/1987,The Right Thing,Simply Red,No suitable video
3/7/1987,Hold Me,Colin James Hay,No suitable video
3/7/1987,Looking For A New Love,Jody Watley,No suitable video
3/7/1987,Boom Boom (Let's Go Back To My Room),Paul Lekakis,No suitable video
3/14/1987,"Do Ya, Do Ya (Wanna Please Me)",Samantha Fox,No suitable video
3/28/1987,The Secret Of My Success,Night Ranger,No suitable video
3/28/1987,Se La,Lionel Richie,No suitable video
3/28/1987,Dancin' With My Mirror,Corey Hart,No suitable video
3/21/1987,Brass Monkey,Beastie Boys,No suitable video
4/11/1987,Don't Disturb This Groove,The System,No suitable video
4/11/1987,Should I See,Frozen Ghost,No suitable video
4/4/1987,I Know What I Like,Huey Lewis & The News,No suitable video
4/11/1987,Head To Toe,Lisa Lisa And Cult Jam,No suitable video
3/28/1987,Big Love,Fleetwood Mac,No suitable video
4/11/1987,Wanted Dead Or Alive,Bon Jovi,No suitable video
4/25/1987,Jammin' Me,Tom Petty And The Heartbreakers,No suitable video
4/18/1987,Black Dog,Newcity Rockers,No suitable video
4/25/1987,Dirty Water,Rock And Hyde,No suitable video
4/18/1987,Wild Horses,Gino Vannelli,No suitable video
4/25/1987,Why Can't This Night Go On Forever,Journey,No suitable video
4/25/1987,Something In My House,Dead Or Alive,No suitable video
5/16/1987,Right Next Door (Because Of Me),The Robert Cray Band,No suitable video
5/23/1987,Can't Get Started,Peter Wolf,No suitable video
5/16/1987,I Wanna Dance With Somebody (Who Loves Me),Whitney Houston,No suitable video
5/30/1987,"Girls, Girls, Girls",Motley Crue,No suitable video
5/16/1987,Flames Of Paradise,Jennifer Rush (Duet With Elton John),No suitable video
5/30/1987,Wot's It To Ya,Robbie Nevil,No suitable video
5/30/1987,Moonlighting (Theme),Al Jarreau,No suitable video
5/23/1987,Primitive Love Rites,Mondo Rock,No suitable video
6/6/1987,"Hypnotize Me (From ""Innerspace"")",Wang Chung,No suitable video
5/30/1987,Back In The High Life Again,Steve Winwood,No suitable video
6/13/1987,Want You For My Girlfriend,4 By Four,No suitable video
6/20/1987,That's Freedom,Tom Kimmel,No suitable video
6/6/1987,"I Want Your Sex (From ""Beverly Hills Cop II"")",George Michael,No suitable video
6/13/1987,I Still Haven't Found What I'm Looking For,U2,No suitable video
6/27/1987,Holiday,Kool & The Gang,No suitable video
7/4/1987,Shattered Glass,Laura Branigan,No suitable video
6/20/1987,Give To Live,Sammy Hagar,No suitable video
6/20/1987,Seven Wonders,Fleetwood Mac,No suitable video
6/6/1987,Mary's Prayer,Danny Wilson,No suitable video
7/25/1987,"Back To Paradise (From ""Revenge Of The Nerds II"")",Thirty Eight Special,No suitable video
7/18/1987,Doing It All For My Baby,Huey Lewis & The News,No suitable video
7/18/1987,"I Heard A Rumour (From ""Disorderlies"")",Bananarama,No suitable video
7/4/1987,Hearts Away,Night Ranger,No suitable video
8/1/1987,Lost In Emotion,Lisa Lisa And Cult Jam,No suitable video
7/18/1987,"Twistin' The Night Away (From ""Innerspace"")",Rod Stewart,No suitable video
8/8/1987,World Where You Live,Crowded House,No suitable video
8/1/1987,Watching Over You,Glenn Medeiros,No suitable video
8/15/1987,Heartache,Pepsi & Shirlie,No suitable video
8/15/1987,Breakout,Swing Out Sister,No suitable video
8/22/1987,Women,Def Leppard,No suitable video
8/22/1987,Into My Secret,Alisha,No suitable video
8/22/1987,Something Real (Inside Me/Inside You),Mr. Mister,No suitable video
8/22/1987,Silent Morning,Noel,No suitable video
8/29/1987,Little Lies,Fleetwood Mac,No suitable video
8/22/1987,No One In The World,Anita Baker,No suitable video
8/29/1987,You Are The Girl,The Cars,No suitable video
8/29/1987,I Don't Think That Man Should Sleep Alone,Ray Parker Jr.,No suitable video
9/12/1987,Love Is Contagious,Taja Sevelle,No suitable video
8/29/1987,Love Is A House,Force M.D.'s,No suitable video
8/29/1987,Tina Cherry,Georgio,No suitable video
9/19/1987,The One I Love,R.E.M.,No suitable video
9/19/1987,You Win Again,Bee Gees,No suitable video
9/26/1987,Should've Known Better,Richard Marx,No suitable video
9/26/1987,Crazy Crazy Nights,KISS,No suitable video
9/26/1987,Follow You,Glen Burtnick,No suitable video
9/26/1987,"Catch Me (I'm Falling) (From The Film ""Hiding Out"")",Pretty Poison,No suitable video
9/26/1987,Heaven Is A Place On Earth,Belinda Carlisle,No suitable video
10/3/1987,Love Will Find A Way,Yes,No suitable video
9/26/1987,(I've Had) The Time Of My Life,Bill Medley & Jennifer Warnes,No suitable video
9/12/1987,Where The Streets Have No Name,U2,No suitable video
10/10/1987,I Don't Mind At All,Bourgeois Tagg,No suitable video
10/10/1987,Nothing's Gonna Stop Me Now,Samantha Fox,No suitable video
10/10/1987,Tell It To My Heart(Dub),Taylor Dayne,No suitable video
10/17/1987,Crazy,Icehouse,No suitable video
10/10/1987,Animal,Def Leppard,No suitable video
10/17/1987,Special Way,Kool & The Gang,No suitable video
10/24/1987,Faith,George Michael,No suitable video
10/24/1987,American Dream,Simon F,No suitable video
10/17/1987,Crazy World,Big Trouble,No suitable video
10/24/1987,Need You Tonight,INXS,No suitable video
10/24/1987,True Faith,New Order,No suitable video
10/31/1987,System Of Survival,"Earth, Wind & Fire",No suitable video
10/24/1987,Got My Mind Set On You,George Harrison,No suitable video
10/24/1987,If You Let Me Stay,Terence Trent D'Arby,No suitable video
11/7/1987,"Hungry Eyes (From ""Dirty Dancing"")",Eric Carmen,No suitable video
10/31/1987,Sweet Rachel,Beau Coup,No suitable video
11/7/1987,I Live For Your Love,Natalie Cole,No suitable video
11/7/1987,Kick The Wall,Jimmy Davis & Junction,No suitable video
11/7/1987,(Baby Tell Me) Can You Dance,Shanice Wilson,No suitable video
11/14/1987,Don't Shed A Tear,Paul Carrack,No suitable video
11/7/1987,Candle In The Wind,Elton John,No suitable video
11/14/1987,Guaranteed For Life,Millions Like Us,No suitable video
10/24/1987,Is This Love,Whitesnake,No suitable video
11/14/1987,Strap Me In,The Cars,No suitable video
11/21/1987,The Way You Make Me Feel,Michael Jackson,No suitable video
11/14/1987,Someone To Love Me For Me,Lisa Lisa And Cult Jam Featuring Full Force,No suitable video
11/21/1987,I Can't Help It,Bananarama,No suitable video
12/5/1987,Say You Will,Foreigner,No suitable video
11/28/1987,Pump Up The Volume,M/A/R/R/S,No suitable video
12/5/1987,Reason To Live,KISS,No suitable video
11/21/1987,Push It,Salt-N-Pepa,No suitable video
11/28/1987,You're All I Need,Motley Crue,No suitable video
11/28/1987,Everywhere,Fleetwood Mac,No suitable video
12/5/1987,Lover's Lane,Georgio,No suitable video
12/5/1987,Tunnel Of Love,Bruce Springsteen,No suitable video
12/5/1987,In God's Country,U2,No suitable video
12/19/1987,Dear Mr. Jesus,Powersource (Solo...Sharon),No suitable video
12/19/1987,Twilight World,Swing Out Sister,No suitable video
12/19/1987,Never Gonna Give You Up,Rick Astley,No suitable video
12/19/1987,Rhythm Of Love,Yes,No suitable video
12/19/1987,I Need A Man,Eurythmics,No suitable video
12/19/1987,Lonely Won't Leave Me Alone,Glenn Medeiros,No suitable video
12/19/1987,Burning Like A Flame,Dokken,No suitable video
12/26/1987,"Live My Life (From The Film ""Hiding Out"")",Boy George,No suitable video
1/16/1988,I Get Weak,Belinda Carlisle,No suitable video
1/16/1988,Just Like Paradise,David Lee Roth,No suitable video
1/9/1988,Love Overboard,Gladys Knight And The Pips,No suitable video
1/16/1988,Wishing Well,Terence Trent D'Arby,No suitable video
1/16/1988,Father Figure,George Michael,No suitable video
1/23/1988,Endless Summer Nights,Richard Marx,No suitable video
1/23/1988,Never Knew Love Like This,Alexander O'Neal Featuring Cherrelle,No suitable video
1/23/1988,Coming Up You,The Cars,No suitable video
2/13/1988,Thinking Of You,"Earth, Wind & Fire",No suitable video
1/30/1988,It's The End Of The World As We Know It (And I Feel Fine),R.E.M.,No suitable video
2/6/1988,Rock Of Life,Rick Springfield,No suitable video
2/20/1988,Fishnet,Morris Day,No suitable video
2/13/1988,Devil Inside,INXS,No suitable video
2/20/1988,All Right Now,Pepsi & Shirlie,No suitable video
2/13/1988,I Wish I Had A Girl,Henry Lee Summer,No suitable video
2/27/1988,One Step Up,Bruce Springsteen,No suitable video
2/20/1988,Prove Your Love,Taylor Dayne,No suitable video
2/27/1988,Naughty Girls (Need Love Too),Samantha Fox,No suitable video
3/5/1988,Samantha (What You Gonna Do?),Cellarful Of Noise,No suitable video
2/27/1988,Winter Games,David Foster,No suitable video
2/27/1988,"Kiss And Tell (From ""Bright Lights, Big City"")",Bryan Ferry,No suitable video
3/5/1988,"Yes (From The Motion Picture ""Dirty Dancing"")",Merry Clayton,No suitable video
3/12/1988,She's Only 20,Tami Show,No suitable video
3/5/1988,I Want To Be Your Property,Blue Mercedes,No suitable video
3/12/1988,Strange But True,Times Two,No suitable video
3/19/1988,Say It Again,Jermaine Stewart,No suitable video
3/12/1988,Ritual,Dan Reed Network,No suitable video
3/19/1988,Shattered Dreams,Johnny Hates Jazz,No suitable video
3/19/1988,I Don't Want To Live Without You,Foreigner,No suitable video
4/2/1988,Family Man,Fleetwood Mac,No suitable video
3/19/1988,Love In The First Degree,Bananarama,No suitable video
4/16/1988,Circle In The Sand,Belinda Carlisle,No suitable video
4/9/1988,The Flame,Cheap Trick,No suitable video
3/19/1988,One Good Reason,Paul Carrack,No suitable video
4/2/1988,Jack The Lad,3 Man Island,No suitable video
4/9/1988,Nite And Day,Al B. Sure!,No suitable video
4/16/1988,Should I Say Yes?,Nu Shooz,No suitable video
4/16/1988,One More Try,George Michael,No suitable video
4/16/1988,Together Forever,Rick Astley,No suitable video
4/16/1988,Stand Up,David Lee Roth,No suitable video
4/16/1988,Tall Cool One,Robert Plant,No suitable video
5/7/1988,Route 66/Behind The Wheel,Depeche Mode,No suitable video
4/16/1988,Everything Your Heart Desires,Daryl Hall John Oates,No suitable video
4/23/1988,Pour Some Sugar On Me,Def Leppard,No suitable video
5/7/1988,Lost In You,Rod Stewart,No suitable video
4/23/1988,I Wasn't The One (Who Said Goodbye),Agnetha Faltskog/Peter Cetera,No suitable video
5/7/1988,Like The Weather,"10,000 Maniacs",No suitable video
4/30/1988,Alphabet St.,Prince,No suitable video
4/30/1988,Blue Monday 1988,New Order,No suitable video
5/14/1988,Something Just Ain't Right,Keith Sweat,No suitable video
5/14/1988,Tomorrow People,Ziggy Marley And The Melody Makers,No suitable video
5/14/1988,New Sensation,INXS,No suitable video
5/21/1988,Fat,"""Weird Al"" Yankovic",No suitable video
5/28/1988,Wishing I Was Lucky,Wet Wet Wet,No suitable video
6/4/1988,Fast Car,Tracy Chapman,No suitable video
5/28/1988,You Have Placed A Chill In My Heart,Eurythmics,No suitable video
5/28/1988,Little Walter,Tony Toni Tone,No suitable video
5/28/1988,Darlin' Danielle Don't,Henry Lee Summer,No suitable video
5/28/1988,Sign Your Name,Terence Trent D'Arby,No suitable video
5/28/1988,The Colour Of Love,Billy Ocean,No suitable video
6/4/1988,Rag Doll,Aerosmith,No suitable video
6/4/1988,I Don't Wanna Live Without Your Love,Chicago,No suitable video
6/11/1988,I'll Always Love You,Taylor Dayne,No suitable video
6/11/1988,In Your Soul,Corey Hart,No suitable video
6/18/1988,Theme From S-Express,S-Express,No suitable video
6/18/1988,Knocked Out,Paula Abdul,No suitable video
6/18/1988,Joy,Teddy Pendergrass,No suitable video
7/2/1988,If It Isn't Love,New Edition,No suitable video
6/25/1988,Forever Yours,Tony Terry,No suitable video
7/9/1988,Cecilia,Times Two,No suitable video
6/25/1988,Sweet Child O' Mine,Guns N' Roses,No suitable video
7/2/1988,Simply Irresistible,Robert Palmer,No suitable video
7/9/1988,I Don't Want To Be A Hero,Johnny Hates Jazz,No suitable video
7/9/1988,Too Much Ain't Enough Love,Jimmy Barnes,No suitable video
7/2/1988,All Fired Up,Pat Benatar,No suitable video
6/25/1988,I Hate Myself For Loving You,Joan Jett & the Blackhearts,No suitable video
7/9/1988,Missed Opportunity,Daryl Hall John Oates,No suitable video
7/9/1988,Better Be Home Soon,Crowded House,No suitable video
7/9/1988,Coming To America,The System,No suitable video
7/9/1988,Monkey,George Michael,No suitable video
7/16/1988,Heart Turns To Stone,Foreigner,No suitable video
7/23/1988,Another Part Of Me,Michael Jackson,No suitable video
7/16/1988,Perfect World,Huey Lewis & The News,No suitable video
7/23/1988,One Good Woman,Peter Cetera,No suitable video
7/16/1988,What's On Your Mind (Pure Energy),Information Society,No suitable video
7/30/1988,"Mary, Mary",Run-D.M.C.,No suitable video
7/30/1988,Chains Of Love,Erasure,No suitable video
7/30/1988,"Don't Worry, Be Happy (From ""Cocktail"")",Bobby McFerrin,No suitable video
8/6/1988,Lead Me On,Amy Grant,No suitable video
8/13/1988,Long And Lasting Love (Once In A Lifetime),Glenn Medeiros,No suitable video
8/6/1988,Off On Your Own (Girl),Al B. Sure!,No suitable video
8/13/1988,Jackie,Blue Zone U.K.,No suitable video
8/27/1988,Ship Of Fools,Robert Plant,No suitable video
8/13/1988,Never Tear Us Apart,INXS,No suitable video
8/20/1988,Another Lover,Giant Steps,No suitable video
8/20/1988,It Takes Two,Rob Base & D.J. E-Z Rock,No suitable video
9/3/1988,What's The Matter Here?,"10,000 Maniacs",No suitable video
9/3/1988,"Kokomo (From""Cocktail"" )",The Beach Boys,No suitable video
9/24/1988,I'm Not Your Man,Tommy Conwell And The Young Rumblers,No suitable video
9/10/1988,Dance Little Sister,Terence Trent D'Arby,No suitable video
9/3/1988,Groovy Kind Of Love,Phil Collins,No suitable video
9/17/1988,Hands On The Radio,Henry Lee Summer,No suitable video
9/3/1988,The Promise,When In Rome,No suitable video
9/24/1988,Don't Be Afraid Of The Dark,The Robert Cray Band,No suitable video
9/3/1988,Pretty Boys And Pretty Girls,Book Of Love,No suitable video
9/24/1988,Bad Medicine,Bon Jovi,No suitable video
10/1/1988,Talkin' Bout A Revolution,Tracy Chapman,No suitable video
10/1/1988,Tell That Girl To Shut Up,Transvision Vamp,No suitable video
10/1/1988,I Did It For Love,Night Ranger,No suitable video
10/1/1988,Desire,U2,No suitable video
10/1/1988,Finish What Ya Started,Van Halen,No suitable video
10/1/1988,Downtown Life,Daryl Hall John Oates,No suitable video
10/8/1988,Small World,Huey Lewis & The News,No suitable video
10/8/1988,Kissing A Fool,George Michael,No suitable video
10/8/1988,Reason To Try,Eric Carmen,No suitable video
10/15/1988,Jealous Guy,John Lennon & The Plastic Ono Band,No suitable video
10/15/1988,Live It Up,Gardner Cole,No suitable video
10/15/1988,"Yeah, Yeah, Yeah",Judson Spence,No suitable video
10/8/1988,Domino Dancing,Pet Shop Boys,No suitable video
10/29/1988,Little Liar,Joan Jett & the Blackhearts,No suitable video
10/22/1988,Got A New Love,Good Question,No suitable video
10/29/1988,Rock & Roll Strategy,Thirty Eight Special,No suitable video
10/15/1988,Peek-A-Boo,Siouxsie & The Banshees,No suitable video
11/5/1988,Don't Rush Me,Taylor Dayne,No suitable video
11/5/1988,It's Money That Matters,Randy Newman,No suitable video
11/12/1988,I'm Gonna Miss You,Kenny Loggins,No suitable video
11/5/1988,Nobody's Perfect,Mike + The Mechanics,No suitable video
10/22/1988,Dancing Under A Latin Moon,Candi,No suitable video
11/5/1988,Baby Can I Hold You,Tracy Chapman,No suitable video
11/5/1988,All This Time,Tiffany,No suitable video
11/12/1988,Smooth Criminal,Michael Jackson,No suitable video
11/12/1988,Back On Holiday,Robbie Nevil,No suitable video
11/12/1988,I Wanna Have Some Fun,Samantha Fox,No suitable video
11/19/1988,Killing Me Softly,Al B. Sure!,No suitable video
11/26/1988,"Love, Truth & Honesty",Bananarama,No suitable video
11/26/1988,The Only Way Is Up,Yazz And The Plastic Population,No suitable video
11/26/1988,What I Am,Edie Brickell & New Bohemians,No suitable video
11/19/1988,Armageddon It,Def Leppard,No suitable video
11/26/1988,Walking Away,Information Society,No suitable video
12/10/1988,It's No Secret,Kylie Minogue,No suitable video
12/10/1988,My Heart Can't Tell You No,Rod Stewart,No suitable video
11/19/1988,Two Hearts,Phil Collins,No suitable video
12/3/1988,As Long As You Follow,Fleetwood Mac,No suitable video
12/3/1988,Kiss,The Art Of Noise Featuring Tom Jones,No suitable video
12/17/1988,Posse On Broadway,Sir Mix-A-Lot,No suitable video
12/17/1988,"Wild Again (From ""Cocktail"")",Starship,No suitable video
12/17/1988,Angel Of Harlem,U2,No suitable video
12/17/1988,She Wants To Dance With Me,Rick Astley,No suitable video
12/17/1988,Doctorin' The Tardis,The Timelords,No suitable video
12/17/1988,Perfect,Fairground Attraction,No suitable video
1/7/1989,The Living Years,Mike + The Mechanics,No suitable video
12/24/1988,"Surrender To Me (From ""Tequila Sunrise"")",Ann Wilson & Robin Zander,No suitable video
1/7/1989,Way Cool Jr.,Ratt,No suitable video
1/14/1989,Let's Put The X In Sex,KISS,No suitable video
1/14/1989,Paradise City,Guns N' Roses,No suitable video
1/21/1989,You're Not Alone,Chicago,No suitable video
1/21/1989,Lost In Your Eyes,Debbie Gibson,No suitable video
1/28/1989,Feels So Good,Van Halen,No suitable video
1/21/1989,Stand,R.E.M.,No suitable video
1/21/1989,Give Me The Keys (And I'll Drive You Crazy),Huey Lewis & The News,No suitable video
1/28/1989,Into You,Giant Steps,No suitable video
1/21/1989,Orinoco Flow (Sail Away),Enya,No suitable video
1/28/1989,She Won't Talk To Me,Luther Vandross,No suitable video
1/28/1989,She Drives Me Crazy,Fine Young Cannibals,No suitable video
2/4/1989,Thinking Of You,SaFire,No suitable video
2/4/1989,Sincerely Yours,Sweet Sensation (With Romeo J.D.),No suitable video
2/11/1989,Second Chance,Thirty Eight Special,No suitable video
2/4/1989,Got It Made,"Crosby, Stills, Nash & Young",No suitable video
2/11/1989,End Of The Line,Traveling Wilburys,No suitable video
2/25/1989,"Birthday Suit (From ""Sing"")",Johnny Kemp,No suitable video
2/18/1989,Halleluiah Man,Love And Money,No suitable video
3/4/1989,Good Life,Inner City,No suitable video
2/25/1989,This Time,Kiara (Duet With Shanice Wilson),No suitable video
3/11/1989,Cult Of Personality,Living Colour,No suitable video
3/4/1989,"Wind Beneath My Wings (From ""Beaches"")",Bette Midler,No suitable video
3/18/1989,Somebody Like You,Robbie Nevil,No suitable video
3/18/1989,I Only Wanna Be With You,Samantha Fox,No suitable video
3/25/1989,Downtown,One 2 Many,No suitable video
2/25/1989,I Can't Face The Fact,Gina Go-Go,No suitable video
3/25/1989,Every Little Step,Bobby Brown,No suitable video
4/1/1989,Come Out Fighting,Easterhouse,No suitable video
4/1/1989,Electric Youth,Debbie Gibson,No suitable video
4/1/1989,When Love Comes To Town,U2 With B.B. King,No suitable video
4/1/1989,Baby Baby,Eighth Wonder,No suitable video
4/1/1989,Repetition,Information Society,No suitable video
3/18/1989,Everlasting Love,Howard Jones,No suitable video
4/8/1989,Circle,Edie Brickell & New Bohemians,No suitable video
4/15/1989,Giving Up On Love,Rick Astley,No suitable video
4/22/1989,Seeing Is Believing,Mike + The Mechanics,No suitable video
4/15/1989,Little Jackie Wants To Be A Star,Lisa Lisa And Cult Jam,No suitable video
4/22/1989,Round & Round,New Order,No suitable video
4/29/1989,I Won't Back Down,Tom Petty,No suitable video
5/6/1989,Anything Can Happen,Was (Not Was),No suitable video
5/20/1989,Moonlight On Water,Kevin Raleigh,No suitable video
5/13/1989,Send Me An Angel '89,Real Life,No suitable video
5/13/1989,Crazy About Her,Rod Stewart,No suitable video
5/6/1989,Good Thing,Fine Young Cannibals,No suitable video
5/6/1989,Satisfied,Richard Marx,No suitable video
5/20/1989,So Alive,Love And Rockets,No suitable video
5/13/1989,I Want It All,Queen,No suitable video
5/27/1989,Secret Rendezvous,Karyn White,No suitable video
5/27/1989,Joy And Pain,Rob Base & D.J. E-Z Rock,No suitable video
5/27/1989,Praying To A New God,Wang Chung,No suitable video
6/10/1989,Pop Song 89,R.E.M.,No suitable video
5/27/1989,Fire Woman,The Cult,No suitable video
5/6/1989,Be With You,The Bangles,No suitable video
6/3/1989,Headed For A Heartbreak,Winger,No suitable video
6/3/1989,You Are The One,TKA,No suitable video
6/24/1989,Comin' Down Tonight,Thirty Eight Special,No suitable video
6/17/1989,No More Rhyme,Debbie Gibson,No suitable video
6/10/1989,Youth Gone Wild,Skid Row,No suitable video
7/1/1989,"It Isn't, It Wasn't, It Ain't Never Gonna Be",Aretha Franklin/Whitney Houston,No suitable video
6/24/1989,Cold Hearted,Paula Abdul,No suitable video
6/24/1989,The End Of The Innocence,Don Henley,No suitable video
7/1/1989,All I Want Is You,U2,No suitable video
7/8/1989,18 And Life,Skid Row,No suitable video
6/17/1989,"Batdance (From ""Batman"")",Prince,No suitable video
7/8/1989,Love Has Taken Its Toll,Saraya,No suitable video
7/1/1989,The Prisoner,Howard Jones,No suitable video
7/1/1989,Come Home With Me Baby,Dead Or Alive,No suitable video
7/22/1989,Closer To Fine,Indigo Girls,No suitable video
7/29/1989,Bust A Move,Young M.C.,No suitable video
7/29/1989,You Better Dance,The Jets,No suitable video
7/29/1989,One,Bee Gees,No suitable video
7/29/1989,Runnin' Down A Dream,Tom Petty,No suitable video
8/5/1989,Hey Ladies,Beastie Boys,No suitable video
8/26/1989,Still Cruisin',The Beach Boys,No suitable video
8/12/1989,Don't Look Back,Fine Young Cannibals,No suitable video
7/29/1989,Nightrain,Guns N' Roses,No suitable video
9/2/1989,Mixed Emotions,The Rolling Stones,No suitable video
8/19/1989,Let Go,Sharon Bryant,No suitable video
9/2/1989,Dr. Feelgood,Motley Crue,No suitable video
8/26/1989,Partyman,Prince,No suitable video
9/9/1989,Talk To Myself,Christopher Williams,No suitable video
9/2/1989,Love Shack,The B-52s,No suitable video
9/9/1989,Me So Horny,The 2 Live Crew,No suitable video
9/9/1989,This One,Paul McCartney,No suitable video
9/9/1989,I Don't Want A Lover,Texas,No suitable video
9/16/1989,I Love The Bass,Bardeux,No suitable video
9/23/1989,Hungry,Winger,No suitable video
9/30/1989,Edie (Ciao Baby),The Cult,No suitable video
9/16/1989,Cover Girl,New Kids On The Block,No suitable video
9/23/1989,We Could Be Together,Debbie Gibson,No suitable video
10/7/1989,Licence To Chill,Billy Ocean,No suitable video
9/30/1989,The Angel Song,Great White,No suitable video
10/7/1989,"If You Asked Me To (From ""Licence To Kill"")",Patti LaBelle,No suitable video
10/21/1989,French Kiss,Lil Louis,No suitable video
10/14/1989,Pump Up The Jam,Technotronic Featuring Felly,No suitable video
10/21/1989,With Every Beat Of My Heart,Taylor Dayne,No suitable video
10/28/1989,Crossroads,Tracy Chapman,No suitable video
10/28/1989,I Live By The Groove,Paul Carrack,No suitable video
10/28/1989,Realistic,Shirley Lewis,No suitable video
11/11/1989,Back To The Bullet,Saraya,No suitable video
11/4/1989,I Think I Can Beat Mike Tyson,D.J. Jazzy Jeff & The Fresh Prince,No suitable video
10/7/1989,The Last Worthless Evening,Don Henley,No suitable video
11/11/1989,I'm Not The Man I Used To Be,Fine Young Cannibals,No suitable video
10/28/1989,How Am I Supposed To Live Without You,Michael Bolton,No suitable video
11/18/1989,Pretending,Eric Clapton,No suitable video
11/25/1989,Principal's Office,Young M.C.,No suitable video
11/25/1989,Steamy Windows,Tina Turner,No suitable video
11/11/1989,This One's For The Children,New Kids On The Block,No suitable video
11/18/1989,I'll Be Good To You,Quincy Jones Featuring Ray Charles & Chaka Khan,No suitable video
12/16/1989,C'mon And Get My Love,D-Mob Introducing Cathy Dennis,No suitable video
11/25/1989,Kickstart My Heart,Motley Crue,No suitable video
12/16/1989,Foolish Heart,Sharon Bryant,No suitable video
12/9/1989,Gimme Your Good Lovin',Diving For Pearls,No suitable video
12/9/1989,Electric Boogie,Marcia Griffiths,No suitable video
1/6/1990,Going Home,Kenny G,No suitable video
1/13/1990,Figure Of Eight,Paul McCartney,No suitable video
12/23/1989,Here And Now,Luther Vandross,No suitable video
1/13/1990,"Timeless Love (From ""Shocker"")",Saraya,No suitable video
1/20/1990,Summer Rain,Belinda Carlisle,No suitable video
1/27/1990,If U Were Mine,The U-Krew,No suitable video
2/3/1990,That's What I Like,Jive Bunny & The Mastermixers,No suitable video
2/17/1990,The Heart Of The Matter,Don Henley,No suitable video
2/3/1990,All Around The World,Lisa Stansfield,No suitable video
1/20/1990,"Whole Wide World (From ""True Love"")",A'me Lorain,No suitable video
2/17/1990,Got To Get,Leila K With Rob 'N' Raz,No suitable video
2/10/1990,Don't Wanna Fall In Love,Jane Child,No suitable video
2/24/1990,I'm Not Satisfied,Fine Young Cannibals,No suitable video
2/24/1990,Heartbeat,Seduction,No suitable video
2/24/1990,"Wild Women Do (From ""Pretty Woman"")",Natalie Cole,No suitable video
2/17/1990,Sending All My Love,Linear,No suitable video
1/27/1990,Love Will Lead You Back,Taylor Dayne,No suitable video
3/3/1990,A Face In The Crowd,Tom Petty,No suitable video
3/3/1990,Lambada,Kaoma,No suitable video
2/24/1990,Without You,Motley Crue,No suitable video
3/10/1990,Room At The Top,Adam Ant,No suitable video
3/10/1990,Time After Time,Timmy T.,No suitable video
3/17/1990,A Little Love,Corey Hart,No suitable video
3/17/1990,Nothing Compares 2 U,Sinead O'Connor,No suitable video
3/24/1990,You Can't Get Away,Shana,No suitable video
3/17/1990,The Humpty Dance,Digital Underground,No suitable video
3/24/1990,Cuts You Up,Peter Murphy,No suitable video
3/10/1990,The Secret Garden,Quincy Jones,No suitable video
3/24/1990,This Old Heart Of Mine,Rod Stewart With Ronald Isley,No suitable video
3/24/1990,I Come Off,Young M.C.,No suitable video
3/17/1990,Hold On,Wilson Phillips,No suitable video
3/24/1990,Hurting Kind (I've Got My Eyes On You),Robert Plant,No suitable video
3/31/1990,Moonlight On Water,Laura Branigan,No suitable video
3/31/1990,Getting Away With It,Electronic,No suitable video
4/7/1990,The Ballad Of Jayne,L.A. Guns,No suitable video
4/7/1990,Save Me,Fleetwood Mac,No suitable video
3/31/1990,"How 'Bout Us (From ""True Love"")",Grayson Hugh & Betty Wright,No suitable video
4/28/1990,Sittin' In The Lap Of Luxury,Louie Louie,No suitable video
4/7/1990,You Make Me Feel (Mighty Real),Jimmy Somerville,No suitable video
4/14/1990,Ooh La La (I Can't Get Over You),Perfect Gentlemen,No suitable video
4/21/1990,Deadbeat Club,The B-52s,No suitable video
4/14/1990,Get A Life,Soul II Soul,No suitable video
4/7/1990,"It Must Have Been Love (From ""Pretty Woman"")",Roxette,No suitable video
4/28/1990,Dare To Fall In Love,Brent Bourgeois,No suitable video
4/14/1990,Enjoy The Silence,Depeche Mode,No suitable video
4/28/1990,Girls Nite Out,Tyler Collins,No suitable video
4/28/1990,Notice Me,Nikki,No suitable video
4/28/1990,U Can't Touch This,M.C. Hammer,No suitable video
5/5/1990,"Cradle Of Love (From ""Ford Fairlane"")",Billy Idol,No suitable video
5/12/1990,Shake,Andrew Ridgeley,No suitable video
5/5/1990,I'll Be Your Shelter,Taylor Dayne,No suitable video
5/19/1990,Pure,Lightning Seeds,No suitable video
5/19/1990,She Ain't Worth It,Glenn Medeiros Featuring Bobby Brown,No suitable video
5/19/1990,"Doubleback (From ""Back To The Future Part III"")",ZZ Top,No suitable video
5/19/1990,Kiss This Thing Goodbye,Del Amitri,No suitable video
5/26/1990,You Can't Deny It,Lisa Stansfield,No suitable video
5/26/1990,"Tomorrow (A Better You, Better Me)",Quincy Jones With Tevin Campbell,No suitable video
6/2/1990,Don't Go Away Mad (Just Go Away),Motley Crue,No suitable video
6/2/1990,The Blues,Tony Toni Tone,No suitable video
6/16/1990,The Right Combination,Seiko & Donnie Wahlberg,No suitable video
6/23/1990,Talk To Me,Anita Baker,No suitable video
6/9/1990,Let Me Be Your Lover,The U-Krew,No suitable video
6/23/1990,The Emperor's New Clothes,Sinead O'Connor,No suitable video
6/30/1990,Release Me,Wilson Phillips,No suitable video
6/23/1990,What Are You Doing With A Fool Like Me,Joe Cocker,No suitable video
7/14/1990,Don't You Come Cryin',Linear,No suitable video
7/7/1990,(Can't Live Without Your) Love And Affection,Nelson,No suitable video
7/7/1990,Stranger To Love,St. Paul,No suitable video
7/14/1990,Oh Girl,Paul Young,No suitable video
7/21/1990,Banned In The U.S.A.,Luke Featuring The 2 Live Crew,No suitable video
6/30/1990,Have You Seen Her,M.C. Hammer,No suitable video
7/21/1990,All The Way,Calloway,No suitable video
7/21/1990,What Will I Do,Timmy T.,No suitable video
7/21/1990,Dirty Cash (Money Talks),The Adventures Of Stevie V,No suitable video
8/4/1990,Time For Letting Go,Jude Cole,No suitable video
8/4/1990,Heart Of Stone,Taylor Dayne,No suitable video
8/4/1990,Thieves In The Temple,Prince,No suitable video
8/4/1990,Something Happened On The Way To Heaven,Phil Collins,No suitable video
7/28/1990,Can't Get Enuff,Winger,No suitable video
8/4/1990,"My, My, My",Johnny Gill,No suitable video
8/4/1990,Everybody Everybody,Black Box,No suitable video
8/11/1990,Holding My Heart,Bang,No suitable video
8/11/1990,Policy Of Truth,Depeche Mode,No suitable video
8/11/1990,I Won't Give Up On You,TKA,No suitable video
8/18/1990,Look Into My Eyes,George LaMond,No suitable video
8/18/1990,I Wanna Get Back With You,Louie Louie,No suitable video
8/25/1990,Crazy,The Boys,No suitable video
9/1/1990,Undeniable,Ms. Adventures,No suitable video
8/18/1990,Joey,Concrete Blonde,No suitable video
9/1/1990,Feels Good,Tony Toni Tone,No suitable video
8/18/1990,This Is The Right Time,Lisa Stansfield,No suitable video
9/1/1990,Violence Of Summer (Love's Taking Over),Duran Duran,No suitable video
9/1/1990,Praying For Time,George Michael,No suitable video
9/1/1990,Second Chance,Tyler Collins,No suitable video
9/8/1990,Ooops Up,Snap!,No suitable video
9/8/1990,Ice Ice Baby,Vanilla Ice,No suitable video
9/8/1990,Suicide Blonde,INXS,No suitable video
9/8/1990,Same Ol' Situation (S.O.S.),Motley Crue,No suitable video
9/29/1990,Livin' In The Light,Caron Wheeler,No suitable video
9/15/1990,The Way You Do The Things You Do,UB40,No suitable video
9/29/1990,Pray,M.C. Hammer,No suitable video
9/15/1990,Love Takes Time,Mariah Carey,No suitable video
9/29/1990,So Close,Daryl Hall John Oates,No suitable video
10/13/1990,Impulsive,Wilson Phillips,No suitable video
9/22/1990,Soul Inspiration,Anita Baker,No suitable video
10/6/1990,Wiggle It,2 In A Room,No suitable video
10/6/1990,Think,Information Society,No suitable video
9/29/1990,The Boomin' System,LL Cool J,No suitable video
10/6/1990,From A Distance,Bette Midler,No suitable video
10/20/1990,Tick Tock,Vaughan Brothers,No suitable video
10/13/1990,Missunderstanding,Al B. Sure!,No suitable video
10/27/1990,Freedom,George Michael,No suitable video
11/3/1990,For You,The Outfield,No suitable video
10/27/1990,Wherever Would I Be,Cheap Trick,No suitable video
11/10/1990,Love Is A Killer,Vixen,No suitable video
10/27/1990,Biscuit's In The House,Biscuit,No suitable video
11/3/1990,New Power Generation,Prince,No suitable video
11/10/1990,Gentle,Dino,No suitable video
11/3/1990,Doin' The Do,Betty Boo,No suitable video
11/10/1990,New York Minute,Don Henley,No suitable video
11/17/1990,I'm Free,The Soup Dragons,No suitable video
11/17/1990,The Ghetto,Too $hort,No suitable video
11/17/1990,Gonna Make You Sweat (Everybody Dance Now),C+C Music Factory,No suitable video
11/24/1990,Candy,Iggy Pop With Kate Pierson,No suitable video
11/24/1990,Disappear,INXS,No suitable video
12/1/1990,Crash (Have Some Fun),TKA Featuring Michelle Visage,No suitable video
11/24/1990,World In My Eyes,Depeche Mode,No suitable video
12/8/1990,Moneytalks,AC/DC,No suitable video
12/1/1990,Around The Way Girl,LL Cool J,No suitable video
12/8/1990,Round And Round,Tevin Campbell,No suitable video
12/15/1990,Use It Up And Wear It Out,Pat & Mick,No suitable video
12/15/1990,Get Here,Oleta Adams,No suitable video
12/8/1990,I Don't Know Anybody Else,Black Box,No suitable video
12/22/1990,All The Man That I Need,Whitney Houston,No suitable video
12/8/1990,Where Does My Heart Beat Now,Celine Dion,No suitable video
12/22/1990,It Never Rains (In Southern California),Tony Toni Tone,No suitable video
12/22/1990,One More Try,Timmy T.,No suitable video
12/22/1990,This House,Tracie Spencer,No suitable video
1/5/1991,Remember My Name,House Of Lords,No suitable video
1/5/1991,Here Comes The Hammer,M.C. Hammer,No suitable video
1/5/1991,I've Been Waiting For You,Guys Next Door,No suitable video
1/5/1991,Signs,Tesla,No suitable video
1/5/1991,Don't Hold Back Your Love,Daryl Hall John Oates,No suitable video
1/26/1991,Night And Day,Bette Midler,No suitable video
1/26/1991,Chasin' The Wind,Chicago,No suitable video
1/19/1991,Waiting For That Day,George Michael,No suitable video
2/9/1991,"Just The Way It Is, Baby",The Rembrandts,No suitable video
2/9/1991,Give It Up,ZZ Top,No suitable video
2/2/1991,Mother's Pride,George Michael,No suitable video
2/16/1991,Temple Of Love,Harriet,No suitable video
2/9/1991,Sadeness Part 1,Enigma,No suitable video
2/23/1991,Baby Baby,Amy Grant,No suitable video
2/23/1991,I Like The Way (The Kissing Game),Hi-Five,No suitable video
3/2/1991,Here We Go,C+C Music Factory/F. Williams,No suitable video
3/9/1991,Oooh This I Need,Elisa Fiorillo,No suitable video
3/2/1991,Joyride,Roxette,No suitable video
3/9/1991,I Touch Myself,Divinyls,No suitable video
1/12/1991,I'll Do 4 U,Father M.C.,No suitable video
3/9/1991,Call It Rock N' Roll,Great White,No suitable video
3/9/1991,The Star Spangled Banner,Whitney Houston,No suitable video
3/16/1991,"Deep, Deep Trouble",The Simpsons Featuring Bart & Homer,No suitable video
3/9/1991,Written All Over Your Face,The Rude Boys,No suitable video
3/9/1991,Give Peace A Chance,The Peace Choir,No suitable video
3/9/1991,More Than Ever,Nelson,No suitable video
3/16/1991,Voices That Care,Voices That Care,No suitable video
3/16/1991,She Talks To Angels,The Black Crowes,No suitable video
3/30/1991,Love Me Forever Or Love Me Not,Trilogy,No suitable video
3/16/1991,Rhythm Of My Heart,Rod Stewart,No suitable video
3/30/1991,Going Through The Motions,Aftershock,No suitable video
3/30/1991,How Much Is Enough,The Fixx,No suitable video
3/30/1991,What Comes Naturally,Sheena Easton,No suitable video
3/23/1991,Wrap My Body Tight,Johnny Gill,No suitable video
3/23/1991,More Than Words,Extreme,No suitable video
4/6/1991,Bitter Tears,INXS,No suitable video
4/6/1991,I Don't Wanna Cry,Mariah Carey,No suitable video
3/30/1991,Walking In Memphis,Marc Cohn,No suitable video
4/6/1991,(If There Was) Any Other Way,Celine Dion,No suitable video
4/6/1991,Strike It Up,Black Box,No suitable video
3/23/1991,Silent Lucidity,Queensryche,No suitable video
4/6/1991,Losing My Religion,R.E.M.,No suitable video
4/6/1991,Word Of Mouth,Mike + The Mechanics,No suitable video
4/13/1991,Unbelievable,EMF,No suitable video
5/4/1991,We Want The Funk,Gerardo,No suitable video
4/20/1991,Come Again,Damn Yankees,No suitable video
4/27/1991,Couple Days Off,Huey Lewis & The News,No suitable video
4/13/1991,Miracle,Whitney Houston,No suitable video
4/13/1991,"Right Here, Right Now",Jesus Jones,No suitable video
5/11/1991,Over And Over,Timmy T.,No suitable video
4/13/1991,Whatever You Want,Tony Toni Tone,No suitable video
5/4/1991,Can I Call You My Girl,PC Quest,No suitable video
5/4/1991,Gypsy Woman (She's Homeless),Crystal Waters,No suitable video
5/11/1991,"Part Of Me, Part Of You",Glenn Frey,No suitable video
5/18/1991,Lily Was Here,David A. Stewart Introducing Candy Dulfer,No suitable video
5/25/1991,Kissing You,Keith Washington,No suitable video
6/1/1991,Dirty Love,Thunder,No suitable video
6/1/1991,P.A.S.S.I.O.N.,Rhythm Syndicate,No suitable video
6/8/1991,What A Price To Pay,Michael Damian,No suitable video
6/1/1991,Elevate My Mind,Stereo MC's,No suitable video
6/1/1991,Love Desire,Sandee,No suitable video
6/1/1991,The Dream Is Still Alive,Wilson Phillips,No suitable video
6/22/1991,I Can't Wait Another Minute,Hi-Five,No suitable video
6/22/1991,Let The Beat Hit 'Em,Lisa Lisa And Cult Jam,No suitable video
6/22/1991,Only Time Will Tell,Nelson,No suitable video
6/15/1991,Summertime,D.J. Jazzy Jeff & The Fresh Prince,No suitable video
6/22/1991,Move Right Out,Rick Astley,No suitable video
6/8/1991,It Ain't Over 'til It's Over,Lenny Kravitz,No suitable video
6/22/1991,3 A.M. Eternal,The KLF,No suitable video
6/29/1991,Learning To Fly,Tom Petty And The Heartbreakers,No suitable video
6/29/1991,With You,Tony Terry,No suitable video
6/29/1991,Now That We Found Love,Heavy D & The Boyz,No suitable video
7/6/1991,Just Like You,Robbie Nevil,No suitable video
7/6/1991,Pump It (Nice An' Hard),Icy Blu,No suitable video
7/6/1991,Monster,Fred Schneider,No suitable video
7/13/1991,The Sound Of Your Voice,38 Special,No suitable video
7/20/1991,Good Vibrations,Marky Mark & The Funky Bunch Featuring Loleatta Holloway,No suitable video
7/13/1991,Unforgettable,Natalie Cole,No suitable video
7/20/1991,Everybody Plays The Fool,Aaron Neville,No suitable video
7/20/1991,Something To Talk About,Bonnie Raitt,No suitable video
7/27/1991,I Adore Mi Amor,Color Me Badd,No suitable video
7/20/1991,It Hit Me Like A Hammer,Huey Lewis & The News,No suitable video
7/27/1991,Shiny Happy People,R.E.M.,No suitable video
7/27/1991,My Name Is Not Susan,Whitney Houston,No suitable video
8/3/1991,The One And Only,Chesney Hawkes,No suitable video
7/20/1991,Things That Make You Go Hmmmm. . .,C+C Music Factory,No suitable video
8/3/1991,The Truth,Tami Show,No suitable video
8/3/1991,That's The Way Love Goes,Young M.C.,No suitable video
8/10/1991,Silver Thunderbird,Marc Cohn,No suitable video
8/10/1991,Louder Than Love,TKA,No suitable video
8/24/1991,Tonite,DJ Quik,No suitable video
8/10/1991,If I Say,Kingofthehill,No suitable video
8/17/1991,After The Summer's Gone,PC Quest,No suitable video
8/17/1991,Kiss Them For Me,Siouxsie & The Banshees,No suitable video
8/31/1991,Everyotherday,Or-N-More (Featuring Father M.C.),No suitable video
8/24/1991,Real Real Real,Jesus Jones,No suitable video
8/24/1991,Enter Sandman,Metallica,No suitable video
9/7/1991,Never Stop,The Brand New Heavies Featuring N'Dea Davenport,No suitable video
9/7/1991,Hey Donna,Rhythm Syndicate,No suitable video
9/7/1991,I Wonder Why,Curtis Stigers,No suitable video
9/7/1991,O.P.P.,Naughty By Nature,No suitable video
9/14/1991,Keep Warm,Jinny,No suitable video
9/21/1991,Set The Night To Music,Roberta Flack With Maxi Priest,No suitable video
9/21/1991,Primal Scream,Motley Crue,No suitable video
9/21/1991,All About You,Pretty In Pink,No suitable video
9/28/1991,Cream,Prince And The N.P.G.,No suitable video
9/28/1991,Ballad Of Youth,Richie Sambora,No suitable video
9/28/1991,That's What Love Is For,Amy Grant,No suitable video
9/28/1991,Something Got Me Started,Simply Red,No suitable video
10/12/1991,Live For Loving You,Gloria Estefan,No suitable video
10/5/1991,Superman's Song,Crash Test Dummies,No suitable video
10/19/1991,Broken Arrow,Rod Stewart,No suitable video
10/12/1991,Top Of The World,Van Halen,No suitable video
10/19/1991,Tender Kisses,Tracie Spencer,No suitable video
10/19/1991,Set Adrift On Memory Bliss,P.M. Dawn,No suitable video
11/2/1991,Pop That Coochie,The 2 Live Crew,No suitable video
10/19/1991,Can't Truss It,Public Enemy,No suitable video
10/26/1991,Thinking Of You,Grandmaster Slice,No suitable video
10/26/1991,What Time Is Love?,The KLF,No suitable video
10/26/1991,For Your Mind,Robbie Nevil,No suitable video
10/19/1991,Fall At Your Feet,Crowded House,No suitable video
11/2/1991,Change,Lisa Stansfield,No suitable video
11/9/1991,Just A Touch Of Love,C+C Music Factory Presents Zelma Davis,No suitable video
11/9/1991,Wildside,Marky Mark & The Funky Bunch,No suitable video
11/9/1991,2 Legit 2 Quit,M.C. Hammer,No suitable video
11/2/1991,I Wanna Be Your Girl,Icy Blu,No suitable video
11/16/1991,Into The Great Wide Open,Tom Petty And The Heartbreakers,No suitable video
11/16/1991,Can't Let Go,Mariah Carey,No suitable video
11/23/1991,I Can't Make You Love Me,Bonnie Raitt,No suitable video
11/23/1991,Is It Good To You,Heavy D & The Boyz,No suitable video
12/7/1991,The Unforgiven,Metallica,No suitable video
12/7/1991,Smells Like Teen Spirit,Nirvana,No suitable video
12/14/1991,Move Any Mountain,The Shamen,No suitable video
12/14/1991,Insatiable,Prince And The N.P.G.,No suitable video
12/7/1991,Don't Let The Sun Go Down On Me,George Michael/Elton John,No suitable video
12/21/1991,Give It Away,Red Hot Chili Peppers,No suitable video
12/7/1991,Addams Groove,M.C. Hammer,No suitable video
12/21/1991,I'm Too Sexy,Right Said Fred,No suitable video
11/23/1991,Groovin',UB40,No suitable video
12/21/1991,Live And Let Die,Guns N' Roses,No suitable video
1/4/1992,Wasted Time,Skid Row,No suitable video
1/11/1992,There's No Other Way,Blur,No suitable video
1/11/1992,Be True To Yourself,2nd II None,No suitable video
1/18/1992,Butt Naked,Charm,No suitable video
1/25/1992,Cold Shower,Erin Cruise,No suitable video
1/18/1992,Blinded By Love,Rhythm Syndicate,No suitable video
1/18/1992,Paper Doll,P.M. Dawn,No suitable video
1/18/1992,Good For Me,Amy Grant,No suitable video
2/1/1992,Justified And Ancient,The KLF Featuring Tammy Wynette,No suitable video
2/1/1992,What Becomes Of The Brokenhearted,Paul Young,No suitable video
2/1/1992,Save The Best For Last,Vanessa Williams,No suitable video
2/8/1992,Boom! I Got Your Boyfriend,MC Luscious,No suitable video
2/8/1992,Everything's Gonna Be Alright,Naughty By Nature,No suitable video
2/15/1992,Hazard,Richard Marx,No suitable video
2/8/1992,Right Now,Van Halen,No suitable video
2/8/1992,Tears In Heaven,Eric Clapton,No suitable video
2/22/1992,Kissing The Wind,Nia Peeples,No suitable video
2/22/1992,Make It Happen,Mariah Carey,No suitable video
2/22/1992,Everything Changes,Kathy Troccoli,No suitable video
3/7/1992,All Woman,Lisa Stansfield,No suitable video
2/29/1992,Caribbean Blue,Enya,No suitable video
3/7/1992,Poor Georgie,MC Lyte,No suitable video
2/29/1992,You Think You Know Her,Cause And Effect,No suitable video
3/7/1992,You're All That Matters To Me,Curtis Stigers,No suitable video
3/7/1992,Peace Of Mind (Love Goes On),One 2 One,No suitable video
3/14/1992,Do Not Pass Me By,M.C. Hammer,No suitable video
3/14/1992,It's Over Now,L.A. Guns,No suitable video
3/14/1992,Live And Learn,Joe Public,No suitable video
2/22/1992,If You Go Away,NKOTB,No suitable video
3/21/1992,IOU,Arthur Baker Featuring Nikeeta,No suitable video
3/21/1992,Come As You Are,Nirvana,No suitable video
3/21/1992,It's Not A Love Thing,Geoffrey Williams,No suitable video
3/28/1992,Money Don't Matter 2 Night,Prince And The N.P.G.,No suitable video
3/21/1992,My Lovin' (You're Never Gonna Get It),En Vogue,No suitable video
4/4/1992,Maria,TKA,No suitable video
4/4/1992,If You Want It,2nd II None,No suitable video
3/28/1992,Nothing Else Matters,Metallica,No suitable video
4/11/1992,Baby Got Back,Sir Mix-A-Lot,No suitable video
4/11/1992,Lift Me Up,Howard Jones,No suitable video
4/11/1992,Tennessee,Arrested Development,No suitable video
4/4/1992,Under The Bridge,Red Hot Chili Peppers,No suitable video
4/11/1992,Let's Get Rocked,Def Leppard,No suitable video
4/18/1992,Helluva,Brotherhood Creed,No suitable video
4/18/1992,Not The Only One,Bonnie Raitt,No suitable video
4/25/1992,I Will Remember You,Amy Grant,No suitable video
4/25/1992,Love You All My Lifetime,Chaka Khan,No suitable video
4/25/1992,The Life Of Riley,Lightning Seeds,No suitable video
4/25/1992,If You Asked Me To,Celine Dion,No suitable video
4/25/1992,Your Song,Rod Stewart,No suitable video
5/2/1992,Innocent Child,Colourhaus,No suitable video
4/25/1992,Smells Like Nirvana,"""Weird Al"" Yankovic",No suitable video
5/2/1992,Anything At All,Mitch Malloy,No suitable video
5/9/1992,They Want EFX,Das EFX,No suitable video
5/2/1992,Do It To Me,Lionel Richie,No suitable video
5/2/1992,Hold On My Heart,Genesis,No suitable video
5/9/1992,Never Satisfied,Good 2 Go,No suitable video
5/9/1992,Take My Advice,Kym Sims,No suitable video
5/9/1992,T.L.C.,Linear,No suitable video
5/16/1992,Losing You,Mocca Soul,No suitable video
5/9/1992,Achy Breaky Heart,Billy Ray Cyrus,No suitable video
5/23/1992,Set Me Free,Clubland Featuring Zemya Hamilton,No suitable video
5/16/1992,Life Is A Highway,Tom Cochrane,No suitable video
5/30/1992,Bad Bad Boys,Midi Maxi & Efti,No suitable video
6/6/1992,Warm It Up,Kris Kross,No suitable video
6/13/1992,Take This Heart,Richard Marx,No suitable video
6/13/1992,Twilight Zone,2 Unlimited,No suitable video
6/13/1992,Too Funky,George Michael,No suitable video
6/6/1992,Giving Him Something He Can Feel,En Vogue,No suitable video
6/6/1992,Scenario,A Tribe Called Quest,No suitable video
6/20/1992,"You Remind Me (From ""Strictly Business"")",Mary J. Blige,No suitable video
6/27/1992,Faces Of Love,Nia Peeples,No suitable video
6/20/1992,Please Don't Go,K.W.S.,No suitable video
6/27/1992,Jump Around,House Of Pain,No suitable video
6/20/1992,Sleeping With The Lights On,Curtis Stigers,No suitable video
6/27/1992,Everybody's Free (To Feel Good),Rozalla,No suitable video
7/11/1992,Even Better Than The Real Thing,U2,No suitable video
7/4/1992,So What'cha Want,Beastie Boys,No suitable video
7/11/1992,Jam,Michael Jackson,No suitable video
7/18/1992,"End Of The Road (From ""Boomerang"")",Boyz II Men,No suitable video
7/18/1992,Wherever I May Roam,Metallica,No suitable video
7/25/1992,Sexy MF,Prince And The N.P.G.,No suitable video
8/8/1992,Galileo,Indigo Girls,No suitable video
7/25/1992,Jus Lyke Compton,DJ Quik,No suitable video
8/1/1992,Constant Craving,k.d. lang,No suitable video
8/8/1992,Lithium,Nirvana,No suitable video
8/1/1992,Nothing Broken But My Heart,Celine Dion,No suitable video
8/22/1992,1-4-All-4-1,East Coast Family,No suitable video
8/22/1992,Not Enough Time,INXS,No suitable video
8/15/1992,Keep It Comin' (Dance Till You Can't Dance No More!),C+C Music Factory,No suitable video
7/25/1992,Crossover,EPMD,No suitable video
8/29/1992,Right Now,Al B. Sure!,No suitable video
9/5/1992,"Yeah, Yeah, Yeah!",Voices,No suitable video
8/29/1992,Real Love,Mary J. Blige,No suitable video
9/5/1992,What About Your Friends,TLC,No suitable video
9/12/1992,"I'd Die Without You (From ""Boomerang"")",P.M. Dawn,No suitable video
9/5/1992,Walking On Broken Glass,Annie Lennox,No suitable video
9/19/1992,Get Ready For This,2 Unlimited,No suitable video
10/3/1992,The Message,Sofia Shinas,No suitable video
10/3/1992,Someone To Hold,Trey Lorenz,No suitable video
10/10/1992,Sesame's Treet,Smart E's,No suitable video
10/3/1992,How Do You Talk To An Angel,The Heights,No suitable video
10/10/1992,My Name Is Prince,Prince And The New Power Generation,No suitable video
11/14/1992,"It's Alright (From ""South Central"")",Classic Example,No suitable video
10/10/1992,Where You Goin' Now,Damn Yankees,No suitable video
10/10/1992,Could've Been Me,Billy Ray Cyrus,No suitable video
10/24/1992,Slow And Sexy,Shabba Ranks (Featuring Johnny Gill),No suitable video
10/24/1992,Keep The Faith,Bon Jovi,No suitable video
10/17/1992,Erotica,Madonna,No suitable video
11/14/1992,When She Cries,Restless Heart,No suitable video
10/31/1992,Drive,R.E.M.,No suitable video
11/28/1992,"In The Still Of The Nite (From ""The Jacksons"")",Boyz II Men,No suitable video
11/28/1992,It's Gonna Be A Lovely Day,The S.O.U.L. S.Y.S.T.E.M.,No suitable video
11/21/1992,Wicked,Ice Cube,No suitable video
12/5/1992,Quality Time,Hi-Five,No suitable video
12/5/1992,Everything's Gonna Be Alright,Father M.C.,No suitable video
12/12/1992,Sexual,Goddess,No suitable video
11/21/1992,Something Good,Utah Saints,No suitable video
12/12/1992,"Revolution (From ""Malcolm X"")",Arrested Development,No suitable video
11/14/1992,I Will Always Love You,Whitney Houston,No suitable video
12/5/1992,"Give It Up, Turn It Loose",En Vogue,No suitable video
12/19/1992,Mr. Wendal,Arrested Development,No suitable video
12/12/1992,Shamrocks And Shenanigans (Boom Shalock Lock Boom),House Of Pain,No suitable video
12/26/1992,Understand This Groove,Sound Factory,No suitable video
12/19/1992,Reminisce,Mary J. Blige,No suitable video
12/12/1992,Heal The World,Michael Jackson,No suitable video
1/9/1993,Dazzey Duks,Duice,No suitable video
1/2/1993,"All Alone On Christmas (From ""Home Alone 2"")",Darlene Love,No suitable video
1/2/1993,Right Here,SWV,No suitable video
1/9/1993,Ordinary World,Duran Duran,No suitable video
1/9/1993,Informer,Snow,No suitable video
1/30/1993,Gangsta Bitch,Apache,No suitable video
2/6/1993,Man On The Moon,R.E.M.,No suitable video
1/30/1993,Hip Hop Hooray,Naughty By Nature,No suitable video
1/23/1993,Little Bird,Annie Lennox,No suitable video
2/6/1993,Losin' Myself,Debbie Gibson,No suitable video
2/6/1993,I'm So Into You,SWV,No suitable video
1/23/1993,I'm Gonna Get You,Bizarre Inc,No suitable video
2/13/1993,Cat's In The Cradle,Ugly Kid Joe,No suitable video
2/20/1993,Beautiful Girl,INXS,No suitable video
2/13/1993,Supermodel (You Better Work),RuPaul,No suitable video
2/20/1993,Hope Of Deliverance,Paul McCartney,No suitable video
2/20/1993,Come In Out Of The Rain,Wendy Moten,No suitable video
3/6/1993,Candy Everybody Wants,"10,000 Maniacs",No suitable video
3/13/1993,Save Your Love,Bad Boys Blue,No suitable video
3/13/1993,She's Not Cryin' Anymore,Billy Ray Cyrus,No suitable video
3/20/1993,Love Me The Right Way,Rapination & Kym Mazelle,No suitable video
3/20/1993,Easy,Faith No More,No suitable video
3/20/1993,Looking Through Patient Eyes,P.M. Dawn,No suitable video
3/27/1993,Three Little Pigs,Green Jelly,No suitable video
3/27/1993,Connected,Stereo MC's,No suitable video
2/13/1993,Sweet Thing,Mary J. Blige,No suitable video
4/3/1993,Roll Wit Tha Flava,The Flavor Unit MC's,No suitable video
3/27/1993,I'll Never Get Over You (Getting Over Me),Expose,No suitable video
4/3/1993,The Morning Papers,Prince And The New Power Generation,No suitable video
4/3/1993,Show Me Love,Robin S.,No suitable video
4/3/1993,If I Could,Regina Belle,No suitable video
4/3/1993,Tonight,Def Leppard,No suitable video
4/17/1993,Alibis,Tracy Lawrence,No suitable video
4/17/1993,Come Undone,Duran Duran,No suitable video
4/24/1993,What's Up,4 Non Blondes,No suitable video
4/10/1993,Knockin' Da Boots,H-Town,No suitable video
4/24/1993,Weak,SWV,No suitable video
5/1/1993,La La Love,Bobby Ross Avila,No suitable video
5/1/1993,That's The Way Love Goes,Janet Jackson,No suitable video
5/1/1993,Regret,New Order,No suitable video
4/17/1993,"Silence Is Broken (From ""Nowhere To Run"")",Damn Yankees,No suitable video
5/1/1993,More And More,Captain Hollywood Project,No suitable video
5/1/1993,"Bad Boys (Theme From ""Cops"")",Inner Circle,No suitable video
5/29/1993,"Who's The Man? (From ""Who's The Man"")",House Of Pain,No suitable video
5/15/1993,Somebody To Love,George Michael & Queen,No suitable video
6/5/1993,Voice Of Freedom,Freedom Williams,No suitable video
5/1/1993,Passin' Me By,The Pharcyde,No suitable video
5/15/1993,Love No Limit,Mary J. Blige,No suitable video
6/12/1993,Lately,Jodeci,No suitable video
5/8/1993,I Love The Way You Love Me,John Michael Montgomery,No suitable video
6/5/1993,Walking In My Shoes,Depeche Mode,No suitable video
6/5/1993,Can't Get Enough Of Your Love,Taylor Dayne,No suitable video
6/12/1993,I'm Gonna Be (500 Miles),The Proclaimers,No suitable video
6/12/1993,If I Had No Loot,Tony Toni Tone,No suitable video
6/12/1993,Runaway Train,Soul Asylum,No suitable video
6/26/1993,It's On,Naughty By Nature,No suitable video
7/3/1993,U Don't Hear Me Tho',Rodney O & Joe Cooley,No suitable video
6/19/1993,Falling In Love,New Born,No suitable video
7/3/1993,"Get It Up (From ""Poetic Justice"")",TLC,No suitable video
6/26/1993,Run To You,Whitney Houston,No suitable video
6/19/1993,Dur Dur D'etre BeBe! (It's Tough To Be A Baby),Jordy,No suitable video
7/3/1993,What's Up Doc? (Can We Rock),Fu-Schnickens W/ Shaquille O'Neal,No suitable video
6/26/1993,Should've Been A Cowboy,Toby Keith,No suitable video
7/3/1993,Tell Me Why,Wynonna,No suitable video
7/10/1993,Ooh Child,Dino,No suitable video
7/3/1993,Killer/Papa Was A Rollin' Stone,George Michael,No suitable video
7/10/1993,Step It Up,Stereo MC's,No suitable video
7/17/1993,"It's For You (From ""The Meteor Man"")",Shanice,No suitable video
7/24/1993,Happy,Legacy Of Sound Featuring Meja,No suitable video
7/17/1993,Right Here (Human Nature)/Downtown,SWV,No suitable video
7/24/1993,Hey Jealousy,Gin Blossoms,No suitable video
7/17/1993,Ruffneck,MC Lyte,No suitable video
7/24/1993,The Ways Of The Wind,P.M. Dawn,No suitable video
7/31/1993,The Bonnie And Clyde Theme,Yo-Yo,No suitable video
7/31/1993,Lick U Up,H-Town,No suitable video
7/31/1993,In The Heart Of A Woman,Billy Ray Cyrus,No suitable video
8/7/1993,Boom! Shake The Room,Jazzy Jeff & The Fresh Prince,No suitable video
7/31/1993,Check Yo Self,Ice Cube Featuring Das EFX,No suitable video
8/21/1993,Gotta Get Mine,M.C. Breed,No suitable video
8/28/1993,Sunday Morning,"Earth, Wind & Fire",No suitable video
8/28/1993,Delicate,Terence Trent D'Arby,No suitable video
8/28/1993,What Is Love,Haddaway,No suitable video
9/4/1993,Come Inside,Intro,No suitable video
9/4/1993,Hopelessly,Rick Astley,No suitable video
8/7/1993,Sweat (A La La La La Long),Inner Circle,No suitable video
9/11/1993,Everybody Hurts,R.E.M.,No suitable video
9/18/1993,All That She Wants,Ace Of Base,No suitable video
9/18/1993,Pink Cashmere,Prince,No suitable video
9/18/1993,I'd Do Anything For Love (But I Won't Do That),Meat Loaf,No suitable video
10/2/1993,Send Me A Lover,Taylor Dayne,No suitable video
9/25/1993,Anniversary,Tony Toni Tone,No suitable video
9/25/1993,Let Me Ride,Dr. Dre,No suitable video
10/9/1993,Jessie,Joshua Kadison,No suitable video
9/11/1993,World (The Price Of Love),New Order,No suitable video
10/9/1993,Flow Joe,Fat Joe,No suitable video
10/9/1993,The Grand Tour,Aaron Neville,No suitable video
10/9/1993,Higher Ground,UB40,No suitable video
10/16/1993,Runaway Love,En Vogue Featuring FMOB,No suitable video
10/16/1993,Written On Ya Kitten,Naughty By Nature,No suitable video
10/23/1993,Linger,The Cranberries,No suitable video
10/23/1993,Why Must We Wait Until Tonight,Tina Turner,No suitable video
10/23/1993,Again,Janet Jackson,No suitable video
10/23/1993,We Getz Busy,Illegal,No suitable video
10/23/1993,I'm A Player,Too $hort,No suitable video
10/23/1993,Hero,Mariah Carey,No suitable video
10/30/1993,Both Sides Of The Story,Phil Collins,No suitable video
11/6/1993,Because The Night,"10,000 Maniacs",No suitable video
11/13/1993,Real Muthaphuckkin G's,Eazy-E,No suitable video
11/13/1993,Into Your Arms,The Lemonheads,No suitable video
11/27/1993,Cry For You,Jodeci,No suitable video
11/20/1993,Found Out About You,Gin Blossoms,No suitable video
11/27/1993,True Love,Elton John & Kiki Dee,No suitable video
11/13/1993,Freakit,Das EFX,No suitable video
12/4/1993,What's My Name?,Snoop Dogg,No suitable video
12/18/1993,Rock With You,Inner Circle,No suitable video
12/25/1993,Rubberband Girl,Kate Bush,No suitable video
11/27/1993,All For Love,Bryan Adams/Rod Stewart/Sting,No suitable video
12/11/1993,Miss You In A Heartbeat,Def Leppard,No suitable video
12/25/1993,Understanding,Xscape,No suitable video
12/25/1993,Life (Everybody Needs Somebody To Love),Haddaway,No suitable video
12/4/1993,Amazing,Aerosmith,No suitable video
1/29/1994,Gin And Juice,Snoop Doggy Dogg,No suitable video
1/22/1994,One On One,To Be Continued...,No suitable video
1/29/1994,Zunga Zeng,K7,No suitable video
1/8/1994,Dunkie Butt (Please Please Please),12 Gauge,No suitable video
1/15/1994,(Lay Your Head On My) Pillow,Tony Toni Tone,No suitable video
12/25/1993,"I Love Music (From ""Carlito's Way"")",Rozalla,No suitable video
1/22/1994,Now And Forever,Richard Marx,No suitable video
2/5/1994,Laid,James,No suitable video
12/25/1993,Mary Jane's Last Dance,Tom Petty And The Heartbreakers,No suitable video
1/29/1994,Everyday,Phil Collins,No suitable video
1/29/1994,Loser,Beck,No suitable video
2/12/1994,Big Time Sensuality,Bjork,No suitable video
1/22/1994,Dirty Dawg,NKOTB,No suitable video
2/12/1994,It's All Good,M.C. Hammer,No suitable video
1/29/1994,Mmm Mmm Mmm Mmm,Crash Test Dummies,No suitable video
2/12/1994,"A Deeper Love (From ""Sister Act 2"")",Aretha Franklin,No suitable video
2/19/1994,"Family Affair (From ""Addams Family Values"")",Shabba Ranks Featuring Patra And Terri & Monica,No suitable video
2/12/1994,Krazy,Blackgirl,No suitable video
2/12/1994,Mother,Danzig,No suitable video
2/19/1994,God,Tori Amos,No suitable video
2/19/1994,Money In The Ghetto,Too $hort,No suitable video
3/12/1994,Comin' On Strong,Sudden Change,No suitable video
2/26/1994,Tryin' To Get Over You,Vince Gill,No suitable video
2/26/1994,I'm Outstanding,Shaquille O'Neal,No suitable video
3/5/1994,Mass Appeal,Gang Starr,No suitable video
2/26/1994,"You Don't Love Me (No, No, No)",Dawn Penn,No suitable video
2/26/1994,Come To My Window,Melissa Etheridge,No suitable video
3/12/1994,I Like To Move It,Reel 2 Real Featuring The Mad Stuntman,No suitable video
3/12/1994,Love Sneakin' Up On You,Bonnie Raitt,No suitable video
2/26/1994,Sweet Lullaby,Deep Forest,No suitable video
3/19/1994,Somethin' To Ride To (Fonky Expedition),The Conscious Daughters,No suitable video
3/19/1994,You,Candlebox,No suitable video
3/26/1994,Got Me Waiting,Heavy D & The Boyz,No suitable video
4/2/1994,Neon Moonlight,Rosco Martinez,No suitable video
4/9/1994,Papa'z Song,2Pac Duet With Mopreme,No suitable video
3/26/1994,Pumps And A Bump,M.C. Hammer,No suitable video
4/2/1994,Dreams,The Cranberries,No suitable video
4/16/1994,"Play My Funk (From ""Sugar Hill"")",Simple E,No suitable video
3/19/1994,Dream On Dreamer,The Brand New Heavies,No suitable video
4/16/1994,"The Right Time (From ""Four Weddings And A Funeral"")",I To I,No suitable video
4/16/1994,"Gonna Love You Right (From ""Sugar Hill"")",After 7,No suitable video
4/16/1994,"My Sharona (From ""Reality Bites"")",The Knack,No suitable video
4/23/1994,Bizarre Love Triangle,FRENTE!,No suitable video
5/7/1994,"Stay (I Missed You) (From ""Reality Bites"")",Lisa Loeb & Nine Stories,No suitable video
4/16/1994,Part Time Lover/I'm Still In Love With You,H-Town/Al B. Sure!,No suitable video
5/14/1994,Willing To Forgive,Aretha Franklin,No suitable video
5/14/1994,Leavin',Tony Toni Tone,No suitable video
5/14/1994,(She's) Some Kind Of Wonderful,Huey Lewis & The News,No suitable video
5/21/1994,"(Meet) The Flintstones (From ""The Flintstones"")",The B.C. 52's,No suitable video
5/21/1994,"Crooklyn (From ""Crooklyn"")",The Crooklyn Dodgers,No suitable video
4/30/1994,Always,Erasure,No suitable video
5/21/1994,Sending My Love,Zhane,No suitable video
6/4/1994,Funkdafied,Da Brat,No suitable video
5/21/1994,"Can You Feel The Love Tonight (From ""The Lion King"")",Elton John,No suitable video
5/28/1994,100% Pure Love,Crystal Waters,No suitable video
6/4/1994,Fantastic Voyage,Coolio,No suitable video
6/4/1994,Selling The Drama,Live,No suitable video
6/11/1994,Backwater,Meat Puppets,No suitable video
6/18/1994,What's Up,DJ Miko,No suitable video
6/25/1994,Girls & Boys,Blur,No suitable video
6/18/1994,Cleopatra's Cat,Spin Doctors,No suitable video
7/2/1994,Nappy Heads,Fugees,No suitable video
7/9/1994,Tell Me Where It Hurts,Kathy Troccoli,No suitable video
7/2/1994,Funky Y-2-C,The Puppies,No suitable video
7/2/1994,Nuttin' But Love,Heavy D & The Boyz,No suitable video
7/2/1994,The Right Kinda Lover,Patti LaBelle,No suitable video
7/9/1994,Afternoons & Coffeespoons,Crash Test Dummies,No suitable video
7/9/1994,Love Is All Around,Wet Wet Wet,No suitable video
6/25/1994,Booti Call,BLACKstreet,No suitable video
7/16/1994,Give It Up,Public Enemy,No suitable video
7/16/1994,Captain Save A Hoe,E-40,No suitable video
7/23/1994,Weekend Love,Queen Latifah,No suitable video
7/23/1994,This D.J.,Warren G,No suitable video
7/30/1994,On Point,House Of Pain,No suitable video
7/30/1994,Happiness,Billy Lawrence,No suitable video
7/30/1994,Bop Gun (One Nation),Ice Cube Featuring George Clinton,No suitable video
8/6/1994,You,Bonnie Raitt,No suitable video
7/30/1994,Infatuation,Jamie Foxx,No suitable video
8/13/1994,Lucky One,Amy Grant,No suitable video
7/30/1994,Do You Wanna Get Funky,C+C Music Factory,No suitable video
8/13/1994,Flava In Ya Ear,Craig Mack,No suitable video
8/6/1994,I'm The Only One,Melissa Etheridge,No suitable video
9/3/1994,Games People Play,Inner Circle,No suitable video
8/27/1994,But It's Alright,Huey Lewis & The News,No suitable video
8/20/1994,The Lion Sleeps Tonight (Wimoweh),The Tokens,No suitable video
8/27/1994,Far Behind,Candlebox,No suitable video
9/3/1994,Fade Into You,Mazzy Star,No suitable video
8/27/1994,"Circle Of Life (From ""The Lion King"")",Elton John,No suitable video
9/3/1994,Body & Soul,Anita Baker,No suitable video
9/10/1994,Short Dick Man,20 Fingers Featuring Gillette,No suitable video
9/10/1994,Am I Wrong,Love Spit Love,No suitable video
9/17/1994,"Here Comes The Hotstepper (From ""Ready To Wear"")",Ini Kamoze,No suitable video
9/24/1994,"Turn The Beat Around (From ""The Specialist"")",Gloria Estefan,No suitable video
9/24/1994,"What's The Frequency, Kenneth?",R.E.M.,No suitable video
10/1/1994,Always,Bon Jovi,No suitable video
10/15/1994,You Don't Know Nothin',For Real,No suitable video
10/8/1994,"U Will Know (From ""Jason's Lyric"")",B.M.U. (Black Men United),No suitable video
10/15/1994,9th Wonder (Slicker This Year),Digable Planets,No suitable video
10/8/1994,7 Seconds,Youssou N'Dour & Neneh Cherry,No suitable video
10/15/1994,Fa All Y'all,Da Brat,No suitable video
10/22/1994,Breakdown,Fu-Schnickens,No suitable video
11/5/1994,Be Happy,Mary J. Blige,No suitable video
10/29/1994,Get Over It,Eagles,No suitable video
11/12/1994,The Rhythm Of The Night,Corona,No suitable video
11/5/1994,Hit By Love,CeCe Peniston,No suitable video
11/19/1994,"Spin The Bottle (From ""Reality Bites"")",The Juliana Hatfield 3,No suitable video
11/5/1994,Black Coffee,Heavy D & The Boyz,No suitable video
11/19/1994,Tremor Christ/Spin The Black Circle,Pearl Jam,No suitable video
11/26/1994,Every Day Of The Week,Jade,No suitable video
12/3/1994,I Miss You,N2U,No suitable video
12/17/1994,You Suck,The Murmurs,No suitable video
11/26/1994,Behind Bars,Slick Rick,No suitable video
11/26/1994,House Of Love,Amy Grant With Vince Gill,No suitable video
12/17/1994,Till You Love Me,Reba McEntire,No suitable video
12/3/1994,You Don't Know How It Feels,Tom Petty,No suitable video
12/3/1994,Missing You,Steve Perry,No suitable video
12/10/1994,Doll Parts,Hole,No suitable video
12/24/1994,Bad Reputation,Freedy Johnston,No suitable video
1/14/1995,Age Ain't Nothing But A Number,Aaliyah,No suitable video
12/31/1994,Strong Enough,Sheryl Crow,No suitable video
1/14/1995,Whoomp! (There It Went),"Tag Team, Mickey, Minnie, And Goofy",No suitable video
1/14/1995,Big Poppa/Warning,The Notorious B.I.G.,No suitable video
2/18/1995,"You Got It (From ""Boys On The Side"")",Bonnie Raitt,No suitable video
1/21/1995,Bang And Blame,R.E.M.,No suitable video
1/21/1995,Cocktales,Too $hort,No suitable video
2/18/1995,If You Think You're Lonely Now,K-Ci Hailey,No suitable video
2/11/1995,Freak Like Me,Adina Howard,No suitable video
2/25/1995,1-Luv,E-40 (Featuring Leviti),No suitable video
2/25/1995,Brooklyn Zoo,Ol' Dirty Bastard,No suitable video
2/25/1995,Can't Wait,Redman,No suitable video
2/4/1995,Take You There,Pete Rock & C.L. Smooth,No suitable video
2/25/1995,Foe Tha Love Of $,Bone Thugs-N-Harmony Featuring Eazy-E,No suitable video
2/25/1995,I Live My Life For You,Firehouse,No suitable video
3/4/1995,Mr. Personality,Gillette,No suitable video
2/11/1995,Move It Like This,K7,No suitable video
3/11/1995,People Don't Believe,Scarface Feat. Ice Cube,No suitable video
3/11/1995,"No More ""I Love You's""",Annie Lennox,No suitable video
3/25/1995,Connection,Elastica,No suitable video
3/25/1995,Run-Around,Blues Traveler,No suitable video
3/11/1995,Cotton Eye Joe,Rednex,No suitable video
4/1/1995,Safe + Sound,DJ Quik,No suitable video
4/1/1995,Wonderful,Adam Ant,No suitable video
3/25/1995,Lick It,Roula,No suitable video
4/15/1995,Give It 2 You,Da Brat,No suitable video
4/8/1995,I'm Goin' Down,Mary J. Blige,No suitable video
4/15/1995,Have You Ever Really Loved A Woman?,Bryan Adams,No suitable video
4/22/1995,"Freedom (From ""Panther"")",Various Artists,No suitable video
4/15/1995,Craziest,Naughty By Nature,No suitable video
4/22/1995,Baby It's You,The Beatles,No suitable video
3/25/1995,"Ask Of You (From ""Higher Learning"")",Raphael Saadiq,No suitable video
4/22/1995,Emotions,H-Town,No suitable video
4/22/1995,Universal Heart-Beat,Juliana Hatfield,No suitable video
4/29/1995,Strange Currencies,R.E.M.,No suitable video
4/29/1995,I Wish,Skee-Lo,No suitable video
5/13/1995,December,Collective Soul,No suitable video
4/29/1995,Don't Take It Personal (Just One Of Dem Days),Monica,No suitable video
4/29/1995,It's Good To Be King,Tom Petty,No suitable video
5/6/1995,Freak Me Baby,"Dis `N' Dat Feat. 95 South,69 Boyz & K-Nock",No suitable video
5/6/1995,I'll Be There For You/You're All I Need To Get By,Method Man Featuring Mary J. Blige,No suitable video
5/20/1995,Just Roll,Fabu,No suitable video
5/27/1995,I Kissed A Girl,Jill Sobule,No suitable video
5/13/1995,When You Say Nothing At All,Alison Krauss + Union Station,No suitable video
5/13/1995,Baby Baby,Corona,No suitable video
5/27/1995,Sick Of Myself,Matthew Sweet,No suitable video
6/3/1995,I Like It (I Wanna Be Where You Are),Grand Puba,No suitable video
6/3/1995,Leave Virginia Alone,Rod Stewart,No suitable video
6/3/1995,I Saw You Dancing,Yaki-Da,No suitable video
5/27/1995,Any Man Of Mine/Whose Bed Have Your Boots Been Under?,Shania Twain,No suitable video
6/10/1995,Feel Me Flow,Naughty By Nature,No suitable video
6/17/1995,Big Yellow Taxi,Amy Grant,No suitable video
6/17/1995,I Love You/You Bring Me Joy,Mary J. Blige,No suitable video
6/10/1995,This Ain't A Love Song,Bon Jovi,No suitable video
6/17/1995,I Can Love You Like That,All-4-One,No suitable video
6/24/1995,Fire,Subway,No suitable video
6/24/1995,Feels So Good,Xscape,No suitable video
6/24/1995,One More Chance/Stay With Me,The Notorious B.I.G.,No suitable video
7/1/1995,You Used To Love Me,Faith Evans,No suitable video
6/24/1995,Sprinkle Me,E-40 (Featuring Suga T),No suitable video
7/1/1995,Good,Better Than Ezra,No suitable video
7/1/1995,Misery,Soul Asylum,No suitable video
7/8/1995,Can't Cry Anymore,Sheryl Crow,No suitable video
6/17/1995,Scream/Childhood,Michael Jackson & Janet Jackson,No suitable video
7/15/1995,Glaciers Of Ice/Criminology,Chef Raekwon,No suitable video
7/29/1995,Listen Me Tic (Woyoi),Ini Kamoze,No suitable video
7/22/1995,Bizarre Love Triangle,New Order,No suitable video
8/5/1995,Warm Summer Daze,Vybe,No suitable video
8/5/1995,We Must Be In Love,Pure Soul,No suitable video
8/12/1995,Walking To Jerusalem,Tracy Byrd,No suitable video
8/12/1995,Back For Good,Take That,No suitable video
9/9/1995,Sentimental,Deborah Cox,No suitable video
8/26/1995,Tell Me,Groove Theory,No suitable video
9/2/1995,Send Me On My Way,Rusted Root,No suitable video
9/2/1995,Macarena (Bayside Boys Mix),Los Del Rio,No suitable video
9/9/1995,MC's Act Like They Don't Know,KRS-One,No suitable video
9/23/1995,Real Hip Hop,Das EFX,No suitable video
8/26/1995,1st Of Tha Month,Bone Thugs-N-Harmony,No suitable video
9/23/1995,Lie To Me/Something For The Pain,Bon Jovi,No suitable video
9/30/1995,Fantasy,Mariah Carey,No suitable video
9/30/1995,Boom Boom Boom,The Outhere Brothers,No suitable video
10/7/1995,Girlstown,Super Cat,No suitable video
10/7/1995,Hook,Blues Traveler,No suitable video
10/14/1995,Name,Goo Goo Dolls,No suitable video
10/14/1995,The Hearts Filthy Lesson,David Bowie,No suitable video
10/14/1995,Who Can I Run To,Xscape,No suitable video
10/14/1995,Incarcerated Scarfaces/Ice Cream,Raekwon,No suitable video
10/21/1995,Runnin',The Pharcyde,No suitable video
9/23/1995,Do You Sleep?,Lisa Loeb & Nine Stories,No suitable video
9/23/1995,Downtown Venus,P.M. Dawn,No suitable video
10/21/1995,Automatic Lover (Call For Love),Real McCoy,No suitable video
10/21/1995,Before You Walk Out Of My Life/Like This And Like That,Monica,No suitable video
10/21/1995,Ain't Nuthin' But A She Thing,Salt-N-Pepa,No suitable video
10/28/1995,"(You Make Me Feel Like) A Natural Woman (From ""New York Undercover"")",Mary J. Blige,No suitable video
11/4/1995,Sexual Healing,Max-A-Million,No suitable video
10/28/1995,We've Got It Goin' On,Backstreet Boys,No suitable video
10/28/1995,Dreaming Of You,Selena,No suitable video
10/28/1995,"A Girl Like You (From ""Empire Records"")",Edwyn Collins,No suitable video
11/4/1995,Cruisin',D'Angelo,No suitable video
11/11/1995,I Will Remember You (Live),Sarah McLachlan,No suitable video
11/11/1995,Beautiful Life,Ace Of Base,No suitable video
11/18/1995,The World I Know,Collective Soul,No suitable video
11/25/1995,Rosealia,Better Than Ezra,No suitable video
11/25/1995,Rock Steady,Bonnie Raitt With Bryan Adams,No suitable video
11/25/1995,Funny How Time Flies,Intro,No suitable video
12/2/1995,Fast Life,Kool G Rap,No suitable video
11/18/1995,Throw Your Hands Up,L.V.,No suitable video
12/2/1995,One Sweet Day,Mariah Carey & Boyz II Men,No suitable video
12/9/1995,Friends Of P.,The Rentals,No suitable video
12/9/1995,"Natural One (From ""Kids"")",Folk Implosion,No suitable video
12/9/1995,Soon As I Get Home,Faith Evans,No suitable video
12/9/1995,East 1999,Bone Thugs-N-Harmony,No suitable video
12/16/1995,Just A Girl,No Doubt,No suitable video
12/23/1995,It Matters To Me,Faith Hill,No suitable video
12/23/1995,Sometimes I Miss You So Much (Dedicated To The Christ Consciousness),P.M. Dawn,No suitable video
12/23/1995,Gold,Prince,No suitable video
12/23/1995,Just Tah Let U Know,Eazy-E,No suitable video
1/13/1996,Celebration/Take Your Chance,Fun Factory,No suitable video
12/30/1995,You Put A Move On My Heart,Quincy Jones Introducing Tamia,No suitable video
1/20/1996,Caught A Lite Sneeze,Tori Amos,No suitable video
1/20/1996,Energy,Devone,No suitable video
1/20/1996,Stayin' Alive,N-Trance,No suitable video
1/27/1996,Everybody Be Somebody,Ruffneck Featuring Yavahn,No suitable video
1/27/1996,Wonderwall,Oasis,No suitable video
1/27/1996,"Not Gon' Cry (From ""Waiting To Exhale"")",Mary J. Blige,No suitable video
2/3/1996,Who Do U Love,Deborah Cox,No suitable video
2/10/1996,"Insensitive (From ""Bed Of Roses"")",Jann Arden,No suitable video
2/10/1996,Get Money,Junior M.A.F.I.A. Featuring The Notorious B.I.G.,No suitable video
2/10/1996,Keep Tryin',Groove Theory,No suitable video
2/10/1996,Follow You Down/Til I Hear It From You,Gin Blossoms,No suitable video
2/17/1996,"A Thin Line Between Love & Hate (From ""A Thin Line..."")",H-Town,No suitable video
2/24/1996,Lucky Love,Ace Of Base,No suitable video
2/17/1996,Microphone Master,Das EFX (Featuring Mobb Deep),No suitable video
3/9/1996,"1, 2, 3, 4 (Sumpin' New)",Coolio,No suitable video
3/2/1996,Lady,D'Angelo,No suitable video
3/9/1996,Physical Funk,Domino,No suitable video
3/9/1996,Do You Want To/Can't Hang,Xscape Featuring MC Lyte,No suitable video
2/24/1996,Jesus To A Child,George Michael,No suitable video
2/24/1996,Take A Look,J'Son,No suitable video
2/10/1996,1979,The Smashing Pumpkins,No suitable video
3/9/1996,Doin It,LL Cool J,No suitable video
3/16/1996,"Keep On, Keepin' On (From ""Sunset Park"")",MC Lyte Featuring Xscape,No suitable video
3/16/1996,Scent Of Attraction,Patra Duet With Aaron Hall,No suitable video
3/16/1996,Ever Since You Went Away,Art N' Soul,No suitable video
3/16/1996,Stairway To Heaven,Pure Soul,No suitable video
4/6/1996,'Round We Go,Big Sister,No suitable video
3/23/1996,Renee,Lost Boyz,No suitable video
3/30/1996,Amish Paradise,"""Weird Al"" Yankovic",No suitable video
4/6/1996,Counting Blue Cars,Dishwalla,No suitable video
3/30/1996,Soul Food,Goodie Mob,No suitable video
3/23/1996,Can't Get You Off My Mind,Lenny Kravitz,No suitable video
4/6/1996,Shadowboxin',Genius/GZA Featuring Method Man,No suitable video
4/6/1996,Give Me One Reason,Tracy Chapman,No suitable video
4/13/1996,Don't Wanna Lose You,Lionel Richie,No suitable video
4/6/1996,Always Be My Baby,Mariah Carey,No suitable video
4/13/1996,Drop,The Pharcyde,No suitable video
4/20/1996,Chains,Tina Arena,No suitable video
4/20/1996,You're The One,SWV,No suitable video
4/27/1996,Old Man & Me (When I Get To Heaven),Hootie & The Blowfish,No suitable video
4/20/1996,Slow Jams,Quincy Jones Feat. Babyface & Tamia With Portrai,No suitable video
3/23/1996,"Count On Me (From ""Waiting To Exhale"")",Whitney Houston & CeCe Winans,No suitable video
4/20/1996,Love Don't Live Here Anymore,Madonna,No suitable video
4/27/1996,Tres Delinquentes,Delinquent Habits,No suitable video
4/27/1996,Live And Die For Hip Hop,Kris Kross,No suitable video
4/27/1996,Mr. Ice Cream Man,Master P,No suitable video
4/27/1996,No More Games,Skin Deep Featuring Li'l Kim Of Junior M.A.F.I.A.,No suitable video
5/11/1996,"Theme From Mission: Impossible (From ""Mission: Impossible"")",Adam Clayton & Larry Mullen,No suitable video
5/11/1996,The 13th,The Cure,No suitable video
5/11/1996,Children,Robert Miles,No suitable video
5/25/1996,I'll Never Stop Loving You,J'Son,No suitable video
5/11/1996,Tha Crossroads,Bone Thugs-N-Harmony,No suitable video
6/1/1996,"It's All The Way Live (Now) (From ""Eddie"")",Coolio,No suitable video
6/1/1996,Only You,112 Featuring The Notorious B.I.G.,No suitable video
6/22/1996,Macarena,Los Del Mar,No suitable video
6/8/1996,Why I Love You So Much/Ain't Nobody,Monica,No suitable video
6/15/1996,How Do U Want It/California Love,2Pac Featuring K-Ci And JoJo,No suitable video
5/18/1996,"Hoop In Yo Face (From ""Sunset Park"")",69 Boyz Featuring Quad City DJ's,No suitable video
5/11/1996,Fastlove,George Michael,No suitable video
6/8/1996,They Don't Care About Us,Michael Jackson,No suitable video
6/29/1996,That Girl,Maxi Priest Featuring Shaggy,No suitable video
7/6/1996,In The Hood,Donell Jones,No suitable video
6/22/1996,Twisted,Keith Sweat,No suitable video
6/22/1996,Blue,LeAnn Rimes,No suitable video
7/13/1996,It's A Party,Busta Rhymes Featuring Zhane,No suitable video
7/6/1996,Macarena,Los Del Rio,No suitable video
6/29/1996,"Someday (From ""The Hunchback Of Notre Dame"")",All-4-One,No suitable video
7/13/1996,Tucker's Town,Hootie & The Blowfish,No suitable video
7/20/1996,Waiting For Wednesday,Lisa Loeb & Nine Stories,No suitable video
6/22/1996,I Love You Always Forever,Donna Lewis,No suitable video
7/20/1996,Paparazzi,Xzibit,No suitable video
7/27/1996,"Wishes (From ""Kazaam"")",Nathan Morris,No suitable video
7/27/1996,Do You Miss Me,Jocelyn Enriquez,No suitable video
7/27/1996,Stupid Girl,Garbage,No suitable video
8/3/1996,Tell Me (I'll Be Around),Shades,No suitable video
7/27/1996,You Learn/You Oughta Know,Alanis Morissette,No suitable video
8/10/1996,Just Because I Love You,Lina Santiago,No suitable video
8/10/1996,"Touch Myself (From ""Fled"")",T-Boz,No suitable video
8/3/1996,"So Many Ways (From ""High School High"")",The Braxtons,No suitable video
8/10/1996,Ready To Go,Republica,No suitable video
8/17/1996,Ascension (Don't Ever Wonder),Maxwell,No suitable video
8/3/1996,"Why Does It Hurt So Bad (From ""Waiting To Exhale"")",Whitney Houston,No suitable video
8/17/1996,"Wu-Wear: The Garment Renaissance (From ""High School High"")",RZA Feat. Method Man & Cappadonna,No suitable video
8/17/1996,It's All Coming Back To Me Now,Celine Dion,No suitable video
8/24/1996,"Missing You (From ""Set It Off"")","Brandy, Tamia, Gladys Knight & Chaka Khan",No suitable video
9/21/1996,Let's Get The Mood Right,Johnny Gill,No suitable video
9/7/1996,Mouth,Merril Bainbridge,No suitable video
8/31/1996,Hit Me Off,New Edition,No suitable video
8/17/1996,As Long As It Matters,Gin Blossoms,No suitable video
8/31/1996,Let's Make A Night To Remember,Bryan Adams,No suitable video
8/31/1996,Guys Do It All The Time,Mindy McCready,No suitable video
9/14/1996,Steelo,702,No suitable video
9/28/1996,Birmingham,Amanda Marshall,No suitable video
9/14/1996,Jump On It,Sir Mix-A-Lot,No suitable video
9/28/1996,At Night I Pray,Wild Orchid,No suitable video
9/21/1996,If It Makes You Happy,Sheryl Crow,No suitable video
10/5/1996,Me And Those Dreamin' Eyes Of Mine,D'Angelo,No suitable video
10/5/1996,Strawberry Wine,Deana Carter,No suitable video
10/19/1996,"Get Ready, Here It Comes (It's The Choo-Choo)",Southsyde B.O.I.Z.,No suitable video
10/5/1996,Nobody,Keith Sweat Featuring Athena Cage,No suitable video
10/19/1996,I Luv U Baby,The Original,No suitable video
10/5/1996,Missing You,Tina Turner,No suitable video
10/12/1996,Sittin' On Top Of The World,Da Brat,No suitable video
10/26/1996,When You Love A Woman,Journey,No suitable video
10/26/1996,Dance Into The Light,Phil Collins,No suitable video
11/9/1996,Don't Let Go (Love),En Vogue,No suitable video
11/9/1996,Street Dreams,Nas,No suitable video
11/9/1996,Hero Of The Day,Metallica,No suitable video
11/9/1996,Devil's Haircut,Beck,No suitable video
11/9/1996,No Time,Lil' Kim Featuring Puff Daddy,No suitable video
11/16/1996,Little Bitty,Alan Jackson,No suitable video
11/16/1996,The Moment,Kenny G,No suitable video
11/23/1996,Every Light In The House,Trace Adkins,No suitable video
11/23/1996,"I Finally Found Someone (From ""The Mirror Has Two Faces"")",Barbra Streisand & Bryan Adams,No suitable video
11/23/1996,When You're Gone/Free To Decide,The Cranberries,No suitable video
11/30/1996,Cold Rock A Party,MC Lyte,No suitable video
11/30/1996,Barely Breathing,Duncan Sheik,No suitable video
11/30/1996,ATLiens,OutKast,No suitable video
12/21/1996,Naked Eye,Luscious Jackson,No suitable video
12/7/1996,I Like It,The Blackout Allstars,No suitable video
12/21/1996,Desperately Wanting,Better Than Ezra,No suitable video
12/21/1996,Macarena Christmas,Los Del Rio,No suitable video
1/18/1997,It's All About U,SWV,No suitable video
1/11/1997,Tears,The Isley Brothers,No suitable video
1/25/1997,Can't Nobody Hold Me Down,Puff Daddy (Featuring Mase),No suitable video
1/25/1997,Don't Stop Movin',Livin' Joy,No suitable video
12/28/1996,"I Believe In You And Me (From ""The Preacher's Wife"")",Whitney Houston,No suitable video
1/25/1997,"Another You, Another Me",Brady Seals,No suitable video
1/25/1997,Wannabe,Spice Girls,No suitable video
2/1/1997,"Watch Me Do My Thing (From ""All That"")",Immature Featuring Smooth And Ed From Good Burger,No suitable video
2/1/1997,Things'll Never Change/Rapper's Ball,E-40 Featuring Bo-Rock,No suitable video
2/1/1997,My Baby Mama,QT,No suitable video
2/8/1997,We Danced Anyway,Deana Carter,No suitable video
2/1/1997,Runnin',"2Pac, Notorious B.I.G., Radio, Dramacydal & Stretch",No suitable video
2/15/1997,It's In Your Eyes,Phil Collins,No suitable video
2/1/1997,Let Me Clear My Throat,DJ Kool,No suitable video
2/15/1997,Get It Together,702,No suitable video
2/22/1997,The Freshmen,The Verve Pipe,No suitable video
2/22/1997,Say... If You Feel Alright,Crystal Waters,No suitable video
2/22/1997,"Don't Cry For Me Argentina (From ""Evita"")",Madonna,No suitable video
3/1/1997,Talk To Me,Wild Orchid,No suitable video
3/8/1997,Big Daddy,Hev-D,No suitable video
3/22/1997,Ghetto Love,Da Brat Featuring T-Boz,No suitable video
3/22/1997,Silent All These Years,Tori Amos,No suitable video
3/29/1997,Everyday Is A Winding Road,Sheryl Crow,No suitable video
3/29/1997,Sho Nuff,Tela Featuring Eightball & MJG,No suitable video
3/29/1997,For You,Kenny Lattimore,No suitable video
4/5/1997,A Little Bit Of Ecstasy,Jocelyn Enriquez,No suitable video
3/29/1997,Insomnia,Faithless,No suitable video
4/12/1997,Come On,Billy Lawrence Featuring MC Lyte,No suitable video
4/19/1997,My Baby Daddy,B-Rock & The Bizz,No suitable video
4/26/1997,Bitch,Meredith Brooks,No suitable video
4/26/1997,Staring At The Sun,U2,No suitable video
4/26/1997,Stop The Gunfight,"Trapp Featuring 2pac, Notorious B.I.G.",No suitable video
5/3/1997,Can U Feel It,3rd Party,No suitable video
5/3/1997,MMMBop,Hanson,No suitable video
4/26/1997,Full Of Smoke,Christion,No suitable video
5/3/1997,6 Underground,Sneaker Pimps,No suitable video
5/10/1997,ESPN Presents The Jock Jam,Various Artists,No suitable video
5/10/1997,Blood On The Dance Floor,Michael Jackson,No suitable video
5/10/1997,Thinking Of You,Tony Toni Tone,No suitable video
5/17/1997,Sometimes,The Brand New Heavies,No suitable video
5/24/1997,Say You'll Be There,Spice Girls,No suitable video
5/17/1997,"If I Could Change (From ""I'm Bout It"")",The Lemonheads,No suitable video
5/24/1997,"The World Tonight (From ""Fathers' Day"")",Paul McCartney,No suitable video
5/31/1997,The New Pollution,Beck,No suitable video
5/31/1997,"The Perfect Drug (From ""Lost Highway"")",Nine Inch Nails,No suitable video
6/14/1997,We Trying To Stay Alive,Wyclef Jean Featuring Refugee Allstars,No suitable video
5/24/1997,If U Stay Ready,Suga Free,No suitable video
5/31/1997,"No One But You (From ""Baps"")",Veronica (Featuring Craig Mack),No suitable video
6/7/1997,Alone,Bee Gees,No suitable video
6/14/1997,Butterfly Kisses,Raybon Bros.,No suitable video
6/21/1997,Smile,Scarface Featuring 2Pac & Johnny P,No suitable video
7/5/1997,Summertime Summertime,Corina,No suitable video
7/5/1997,Semi-Charmed Life,Third Eye Blind,No suitable video
6/14/1997,I'll Be Missing You,Puff Daddy & Faith Evans Featuring 112,No suitable video
7/5/1997,Things Just Ain't The Same,Deborah Cox,No suitable video
7/12/1997,Not Tonight,"Lil' Kim Feat. Da Brat, Left Eye, Missy Elliott & Angie Mar",No suitable video
6/21/1997,How Do I Live,LeAnn Rimes,No suitable video
7/12/1997,More Than This,"10,000 Maniacs",No suitable video
7/12/1997,Sunny Came Home,Shawn Colvin,No suitable video
6/21/1997,"How Do I Live (From ""Con Air"")",Trisha Yearwood,No suitable video
7/12/1997,Everything You Want,Ray J,No suitable video
7/19/1997,Whatever,En Vogue,No suitable video
7/19/1997,Four Leaf Clover,Abra Moore,No suitable video
6/28/1997,Quit Playing Games (With My Heart),Backstreet Boys,No suitable video
7/26/1997,Someone,SWV (Featuring Puff Daddy),No suitable video
7/19/1997,Up Jumps Da Boogie,Magoo And Timbaland,No suitable video
8/2/1997,Fix,BLACKstreet With Special Guests Ol' Dirty Bastard & Slash,No suitable video
8/9/1997,Down For Yours,Nastyboy Klick Featuring Roger Troutman,No suitable video
7/26/1997,I Can Love You,Mary J. Blige,No suitable video
8/9/1997,"Never, Never Gonna Give You Up",Lisa Stansfield,No suitable video
8/16/1997,"All I Want (From ""GOOD Burger"")",702,No suitable video
7/19/1997,When You Talk About Love,Patti LaBelle,No suitable video
7/26/1997,[Freak] And U Know It,Adina Howard,No suitable video
7/19/1997,Take It To The Streets,Rampage Featuring Billy Lawrence,No suitable video
8/30/1997,Piece Of My Heart,Shaggy (Featuring Marsha),No suitable video
8/23/1997,You Make Me Wanna...,Usher,No suitable video
8/30/1997,As We Lay,Dana,No suitable video
9/6/1997,Building A Mystery,Sarah McLachlan,No suitable video
9/6/1997,I Miss My Homies,Master P Featuring Pimp C And The Shocker,No suitable video
9/6/1997,In A Dream,Rockell,No suitable video
9/20/1997,Avenues,Refugee Camp All Stars Featuring Pras (With Ky-mani),No suitable video
9/20/1997,The Way That You Talk,Jagged Edge Featuring Da Brat & JD,No suitable video
9/13/1997,Honey,Mariah Carey,No suitable video
9/27/1997,Love Is Alive,3rd Party,No suitable video
9/13/1997,You Light Up My Life,LeAnn Rimes,No suitable video
10/4/1997,Please,The Kinleys,No suitable video
10/11/1997,"A Smile Like Yours (From ""A Smile Like Yours"")",Natalie Cole,No suitable video
10/4/1997,Last Night's Letter,K-Ci & JoJo,No suitable video
9/27/1997,Everything,Mary J. Blige,No suitable video
10/11/1997,"Too Gone, Too Long",En Vogue,No suitable video
10/11/1997,Love Gets Me Every Time,Shania Twain,No suitable video
10/11/1997,Spin Spin Sugar,Sneaker Pimps,No suitable video
10/4/1997,The One I Gave My Heart To,Aaliyah,No suitable video
10/4/1997,Criminal,Fiona Apple,No suitable video
10/11/1997,Alright,Jamiroquai,No suitable video
10/18/1997,One More Night,Amber,No suitable video
10/18/1997,If I Could Teach The World,Bone Thugs-N-Harmony,No suitable video
10/11/1997,They Like It Slow,H-Town,No suitable video
10/25/1997,"Pushin' Inside You (From ""How Bout It"")",Sons Of Funk,No suitable video
11/1/1997,Feel So Good,Mase,No suitable video
10/18/1997,Sock It 2 Me,"Missy ""Misdemeanor"" Elliott Featuring Da Brat",No suitable video
11/1/1997,Dream,Forest For The Trees,No suitable video
11/1/1997,I'm Not A Player,Big Punisher,No suitable video
11/1/1997,I Do,Lisa Loeb,No suitable video
11/8/1997,Breaking All The Rules,She Moves,No suitable video
11/8/1997,At The Beginning,Richard Marx & Donna Lewis,No suitable video
11/8/1997,I Don't Ever Want To See You Again,Uncle Sam,No suitable video
11/15/1997,DJ Keep Playin' (Get Your Music On),Yvette Michele,No suitable video
11/22/1997,Brian Wilson,Barenaked Ladies,No suitable video
11/29/1997,Get It Wet,Twista,No suitable video
11/15/1997,Deja Vu [Uptown Baby],Lord Tariq & Peter Gunz,No suitable video
11/8/1997,The Joint,EPMD,No suitable video
11/15/1997,Mourn You Til I Join You,Naughty By Nature,No suitable video
11/29/1997,The Memory Remains,Metallica,No suitable video
12/6/1997,Been Around The World,Puff Daddy & The Family (Feat. The Notorious B.I.G. & Mase),No suitable video
11/29/1997,"No, No, No",Destiny's Child,No suitable video
12/13/1997,What If,Reba McEntire,No suitable video
12/6/1997,How's It Going To Be,Third Eye Blind,No suitable video
12/6/1997,Home,Depeche Mode,No suitable video
12/13/1997,Tuck Me In,Kimberly Scott,No suitable video
12/13/1997,Still Waters (Run Deep),Bee Gees,No suitable video
1/3/1998,Only If...,Enya,No suitable video
12/20/1997,Smack My Bitch Up,The Prodigy,No suitable video
1/10/1998,Burn,Militia,No suitable video
1/3/1998,What If I Said,Anita Cochran (Duet With Steve Wariner),No suitable video
1/10/1998,"Young, Sad And Blue",Lysette,No suitable video
12/27/1997,Roxanne `97 - Puff Daddy Remix,Sting & The Police,No suitable video
12/27/1997,Love Of My Life,Sammy Kershaw,No suitable video
1/31/1998,Tubthumping,Chucklebutt,No suitable video
1/10/1998,Grandma Got Run Over By A Reindeer,Elmo & Patsy,No suitable video
1/24/1998,Much Better,Club 69 Featuring Suzanne Palmer,No suitable video
1/24/1998,Nice & Slow,Usher,No suitable video
1/31/1998,I Can Love You Better,Dixie Chicks,No suitable video
1/31/1998,I Know Where It's At,All Saints,No suitable video
1/31/1998,Make Em' Say Uhh!,"Master P Feat. Fiend, Silkk The Shocker, Mia X & Mystikal",No suitable video
1/31/1998,Jealousy,Kim Sanders,No suitable video
2/7/1998,Love You Down,INOJ/LATHUN,No suitable video
1/10/1998,Dangerous,Busta Rhymes,No suitable video
2/21/1998,Nothin' Move But The Money,Mic Geronimo Featuring DMX & Black Rob,No suitable video
2/14/1998,Life In Mono,Mono,No suitable video
2/14/1998,Too Much,Spice Girls,No suitable video
2/14/1998,The Day That She Left Tulsa (In A Chevy),Wade Hayes,No suitable video
2/28/1998,The Note,Daryle Singletary,No suitable video
2/21/1998,Are You Jimmy Ray?,Jimmy Ray,No suitable video
2/14/1998,You're Still The One,Shania Twain,No suitable video
2/28/1998,What Would Happen,Meredith Brooks,No suitable video
2/28/1998,Gettin' Jiggy Wit It,Will Smith,No suitable video
2/7/1998,If You Think I'm Jiggy,The Lox,No suitable video
3/14/1998,Reality,Elusion,No suitable video
3/7/1998,The Party Continues,JD Featuring Da Brat,No suitable video
3/14/1998,Who Am I,Beenie Man,No suitable video
3/14/1998,It's All About Me,Mya & Sisqo,No suitable video
3/7/1998,I Want You Back,'N Sync,No suitable video
3/21/1998,Do For Love,2Pac Featuring Eric Williams,No suitable video
3/21/1998,Victory,Puff Daddy & The Family Featuring The Notorious B.I.G. & Busta Rh,No suitable video
3/14/1998,My Heart Will Go On,Deja Vu,No suitable video
3/21/1998,Just Be Straight With Me,"Silkk The Shocker Featuring Master P, Destiny's Child, O'Dell, Mo",No suitable video
3/21/1998,It's Your Love,She Moves,No suitable video
3/28/1998,Gotta Be...Movin' On Up,PRINCE BE & Ky-Mani,No suitable video
3/28/1998,Rain,SWV,No suitable video
3/28/1998,Cheers 2 U,Playa,No suitable video
3/28/1998,Raise The Roof,Luke Featuring No Good But So Good,No suitable video
3/28/1998,Gitty Up,Salt-N-Pepa,No suitable video
4/4/1998,The Unforgiven II,Metallica,No suitable video
4/18/1998,Recover Your Soul,Elton John,No suitable video
3/28/1998,All My Life,K-Ci & JoJo,No suitable video
4/18/1998,Everybody [Backstreet's Back],Backstreet Boys,No suitable video
4/25/1998,Out Of My Bones,Randy Travis,No suitable video
4/25/1998,Do Your Thing,7 Mile,No suitable video
4/18/1998,Looking Through Your Eyes,LeAnn Rimes,No suitable video
5/2/1998,Let's Forget About It,Lisa Loeb,No suitable video
5/2/1998,The Arms Of The One Who Loves You,Xscape,No suitable video
5/2/1998,Ding-A-Ling,Hi-Town DJs,No suitable video
5/2/1998,Clock Strikes,Timbaland & Magoo,No suitable video
5/9/1998,My All,Mariah Carey,No suitable video
5/9/1998,Turn It Up [Remix]/Fire It Up,Busta Rhymes,No suitable video
5/9/1998,That's Why I'm Here,Kenny Chesney,No suitable video
5/23/1998,I Get Lonely,Janet Featuring BLACKstreet,No suitable video
5/16/1998,There's Your Trouble,Dixie Chicks,No suitable video
5/9/1998,I Do [Cherish You],Mark Wills,No suitable video
5/30/1998,The Boy Is Mine,Brandy & Monica,No suitable video
5/23/1998,"Have Fun, Go Mad",Blair,No suitable video
5/23/1998,Now That I Found You,Terri Clark,No suitable video
5/30/1998,Hooked On A Feeling (Ooga-Chaka),Baby Talk,No suitable video
5/30/1998,Know What You Mean,Sister 7,No suitable video
6/27/1998,Come With Me,Puff Daddy Featuring Jimmy Page,No suitable video
6/20/1998,Stop,Spice Girls,No suitable video
6/13/1998,Still Not A Player,Big Punisher Featuring Joe,No suitable video
7/4/1998,Can't We Try,Rockell [Duet With Collage],No suitable video
7/4/1998,Ooh La La,Rod Stewart,No suitable video
7/4/1998,Money Ain't A Thang,JD Featuring Jay-Z,No suitable video
7/4/1998,Ava Adore,The Smashing Pumpkins,No suitable video
7/4/1998,If You Ever Have Forever In Mind,Vince Gill,No suitable video
7/11/1998,The Actual,All City,No suitable video
7/18/1998,Landslide,Fleetwood Mac,No suitable video
7/18/1998,Cruel Summer,Ace Of Base,No suitable video
8/1/1998,Boom Bye Yae,Reiss Featuring Special Guest Michie Mee,No suitable video
7/25/1998,Never Ever,All Saints,No suitable video
7/25/1998,Lookin' At Me,Mase Featuring Puff Daddy,No suitable video
8/1/1998,Intergalactic,Beastie Boys,No suitable video
8/8/1998,Delicious,Pure Sugar,No suitable video
8/8/1998,Daydreamin',Tatyana Ali,No suitable video
8/1/1998,What U See Is What U Get,Xzibit,No suitable video
8/1/1998,What The World Needs Now Is Love,Dionne Warwick And The Hip-Hop Nation United,No suitable video
8/1/1998,Cover You In Kisses,John Michael Montgomery,No suitable video
8/8/1998,Movin' On,Mya Featuring Silkk The Shocker,No suitable video
8/15/1998,Goodbye To My Homies,"Master P Featuring Silkk The Shocker, Sons Of Funk And Mo B. Dick",No suitable video
8/15/1998,Stop Being Greedy,DMX,No suitable video
8/15/1998,The First Night,Monica,No suitable video
8/15/1998,Gotta Be,Jagged Edge,No suitable video
9/12/1998,SuperThug (What What),Noreaga,No suitable video
9/19/1998,Yesterday,Debelah Morgan,No suitable video
9/26/1998,Invasion Of The Flat Booty B*****s,Too $hort,No suitable video
8/29/1998,If You Could Read My Mind,"Stars On 54: Ultra Nate, Amber, Jocelyn Enriquez",No suitable video
9/5/1998,Wide Open Spaces,Dixie Chicks,No suitable video
9/26/1998,I Had No Right,P.M. Dawn,No suitable video
9/5/1998,Still A G Thang,Snoop Dogg,No suitable video
9/12/1998,Find A Way,A Tribe Called Quest,No suitable video
9/26/1998,I'll Be,Edwin McCain,No suitable video
10/3/1998,Nobody's Supposed To Be Here,Deborah Cox,No suitable video
9/19/1998,'98 Thug Paradise,"Tragedy, Capone, Infinite",No suitable video
10/3/1998,Because Of You,98 Degrees,No suitable video
10/10/1998,Everything's Gonna Be Alright,Sweetbox,No suitable video
10/10/1998,For You I Will,Aaron Tippin,No suitable video
10/17/1998,If I Lost You,Travis Tritt,No suitable video
10/24/1998,Love Me,112 Featuring Mase,No suitable video
10/24/1998,My Little Secret,Xscape,No suitable video
10/31/1998,Whenever You're Near Me,Ace Of Base,No suitable video
10/17/1998,All The Places (I Will Kiss You),Aaron Hall,No suitable video
10/31/1998,Pushin' Weight,Ice Cube Featuring Mr. Short Khop,No suitable video
10/31/1998,Let Me Return The Favor,Andrea Martin,No suitable video
11/7/1998,Can't Get Enough,Willie Max Featuring Raphael Saadiq,No suitable video
10/10/1998,A Little Past Little Rock,Lee Ann Womack,No suitable video
11/14/1998,Love Like This,Faith Evans,No suitable video
11/14/1998,Daysleeper,R.E.M.,No suitable video
11/14/1998,Doo Wop (That Thing),Lauryn Hill,No suitable video
11/21/1998,...Baby One More Time,Britney Spears,No suitable video
12/5/1998,When You Believe,Whitney Houston & Mariah Carey,No suitable video
12/5/1998,Inside Out,Eve 6,No suitable video
12/5/1998,Here We Come,"Timbaland Featuring Missy ""Misdemeanor"" Elliott & Magoo",No suitable video
12/5/1998,Jump Jive An' Wail,The Brian Setzer Orchestra,No suitable video
12/5/1998,Pretty Fly (For A White Guy),The Offspring,No suitable video
12/5/1998,Miami,Will Smith,No suitable video
12/5/1998,(God Must Have Spent) A Little More Time On You,'N Sync,No suitable video
12/5/1998,Celebrity Skin,Hole,No suitable video
12/5/1998,Tearin' Up My Heart,'N Sync,No suitable video
12/5/1998,Have You Ever?,Brandy,No suitable video
12/5/1998,Are You That Somebody?,Aaliyah,No suitable video
12/5/1998,Iris,Goo Goo Dolls,No suitable video
12/5/1998,Hands,Jewel,No suitable video
12/5/1998,Real World,matchbox 20,No suitable video
12/5/1998,Let Me Let Go,Faith Hill,No suitable video
12/5/1998,Don't Laugh At Me,Mark Wills,No suitable video
12/5/1998,I'll Never Break Your Heart,Backstreet Boys,No suitable video
12/12/1998,Stand Beside Me,Jo Dee Messina,No suitable video
12/19/1998,"Luv Me, Luv Me",Shaggy Featuring Janet,No suitable video
12/5/1998,Jumper,Third Eye Blind,No suitable video
12/5/1998,Thank U,Alanis Morissette,No suitable video
12/26/1998,Heartbreak Hotel,Whitney Houston Feat. Faith Evans & Kelly Price,No suitable video
12/26/1998,It's All Been Done,Barenaked Ladies,No suitable video
1/30/1999,Taking Everything,Gerald Levert,No suitable video
12/26/1998,Back 2 Good,matchbox 20,No suitable video
12/26/1998,Goodbye,Spice Girls,No suitable video
1/9/1999,Ex-Factor,Lauryn Hill,No suitable video
1/30/1999,Watch For The Hook,"Cool Breeze Featuring OutKast, Goodie Mob & Witchdoctor",No suitable video
1/23/1999,That Don't Impress Me Much,Shania Twain,No suitable video
1/30/1999,Woof,Snoop Dogg Featuring Mystikal And Fiend,No suitable video
2/6/1999,How Forever Feels,Kenny Chesney,No suitable video
1/23/1999,You Were Mine,Dixie Chicks,No suitable video
2/6/1999,Unsent,Alanis Morissette,No suitable video
1/30/1999,All I Have To Give,Backstreet Boys,No suitable video
2/20/1999,You,Jesse Powell,No suitable video
2/20/1999,Ordinary Life,Chad Brock,No suitable video
2/27/1999,My Name Is,Eminem,No suitable video
2/13/1999,Crush,Dave Matthews Band,No suitable video
2/27/1999,Malibu,Hole,No suitable video
2/27/1999,Blue Monday,Orgy,No suitable video
3/13/1999,I'm Not Ready,Keith Sweat,No suitable video
2/27/1999,Stay The Same,Joey McIntyre,No suitable video
3/13/1999,What's It Gonna Be?!,Busta Rhymes Featuring Janet,No suitable video
3/13/1999,At The Stars,Better Than Ezra,No suitable video
3/20/1999,Anywhere,112 Featuring Lil'z,No suitable video
3/20/1999,Georgy Porgy,Eric Benet Featuring Faith Evans,No suitable video
3/20/1999,My First Night With You,Mya,No suitable video
3/27/1999,The Hardest Thing,98 Degrees,No suitable video
4/3/1999,What'd You Come Here For?,Trina & Tamara,No suitable video
3/27/1999,When I Close My Eyes,Shanice,No suitable video
4/17/1999,Can't Get Enough,Patty Loveless,No suitable video
4/3/1999,Get Involved,Raphael Saadiq & Q-Tip,No suitable video
3/27/1999,Hillbilly Shoes,Montgomery Gentry,No suitable video
4/3/1999,Give It To You,Jordan Knight,No suitable video
4/10/1999,Why Don't You Get A Job?,The Offspring,No suitable video
4/17/1999,Man! I Feel Like A Woman!,Shania Twain,No suitable video
4/24/1999,Write This Down,George Strait,No suitable video
4/24/1999,I Drive Myself Crazy,'N Sync,No suitable video
4/24/1999,I Want It That Way,Backstreet Boys,No suitable video
4/24/1999,My Own Worst Enemy,Lit,No suitable video
5/1/1999,I'm Leaving,Aaron Tippin,No suitable video
5/15/1999,No Pigeons,Sporty Thievz Featuring Mr. Woods,No suitable video
5/15/1999,She's A Bitch,"Missy ""Misdemeanor"" Elliott",No suitable video
5/15/1999,Maybe Not Tonight,Sammy Kershaw & Lorrie Morgan,No suitable video
5/1/1999,Where My Girls At?,702,No suitable video
5/15/1999,Single White Female,Chely Wright,No suitable video
6/5/1999,Scar Tissue,Red Hot Chili Peppers,No suitable video
5/22/1999,All Star,Smash Mouth,No suitable video
5/22/1999,Stranger In My Mirror,Randy Travis,No suitable video
4/24/1999,Almost Doesn't Count,Brandy,No suitable video
5/29/1999,God Must Have Spent A Little More Time On You,Alabama Featuring 'N Sync,No suitable video
6/19/1999,Slave To The Habit,Shane Minor,No suitable video
5/22/1999,Sometimes,Britney Spears,No suitable video
6/19/1999,She's So High,Tal Bachman,No suitable video
6/19/1999,Who Needs Pictures,Brad Paisley,No suitable video
6/26/1999,I Could Not Ask For More,Edwin McCain,No suitable video
6/26/1999,Jigga My N****,JAY-Z,No suitable video
7/3/1999,What Ya Want,EVE & Nokio,No suitable video
6/26/1999,The Secret Of Life,Faith Hill,No suitable video
7/3/1999,Jamboree,Naughty By Nature Featuring Zhane,No suitable video
7/3/1999,Out Of My Head,Fastball,No suitable video
7/3/1999,Spend My Life With You,Eric Benet Featuring Tamia,No suitable video
7/3/1999,Everyone Falls In Love,Tanto Metro & Devonte,No suitable video
7/3/1999,You'll Be In My Heart,Phil Collins,No suitable video
7/3/1999,Someday,Sugar Ray,No suitable video
7/10/1999,Little Man,Alan Jackson,No suitable video
7/17/1999,What's My Age Again?,Blink-182,No suitable video
7/17/1999,Vivrant Thing,Q-Tip,No suitable video
7/17/1999,Sexual (Li Da Di),Amber,No suitable video
7/24/1999,All N My Grill,"Missy ""Misdemeanor"" Elliott Featuring Big Boi & Nicole",No suitable video
7/10/1999,Never Gonna Let You Go,Faith Evans,No suitable video
7/31/1999,Lonely And Gone,Montgomery Gentry,No suitable video
7/24/1999,Sunshine,Coko,No suitable video
8/21/1999,Lightning Does The Work,Chad Brock,No suitable video
7/31/1999,It's Your Thing,Mercedes Featuring Master P,No suitable video
7/24/1999,Ready To Run,Dixie Chicks,No suitable video
8/21/1999,Meeting In My Bedroom,Silk,No suitable video
7/31/1999,Nookie,Limp Bizkit,No suitable video
7/24/1999,All That I Can Say,Mary J. Blige,No suitable video
7/17/1999,American Woman,Lenny Kravitz,No suitable video
8/21/1999,Better Than Me,Terry Dexter,No suitable video
9/11/1999,Higher,Creed,No suitable video
9/11/1999,Bliss,Tori Amos,No suitable video
8/28/1999,Back At One,Brian McKnight,No suitable video
9/11/1999,Candy,Mandy Moore,No suitable video
9/11/1999,We Can't Be Friends,Deborah Cox With R.L.,No suitable video
9/18/1999,(You Drive Me) Crazy,Britney Spears,No suitable video
9/4/1999,Heartbreaker,Mariah Carey Featuring Jay-Z,No suitable video
9/25/1999,Bug A Boo,Destiny's Child,No suitable video
9/25/1999,Satisfy You,Puff Daddy Featuring R. Kelly,No suitable video
9/11/1999,Lost In You,Garth Brooks as Chris Gaines,No suitable video
10/9/1999,B-Please,Snoop Dogg Featuring Xzibit & Nate Dogg,No suitable video
10/16/1999,I Wanna Love You Forever,Jessica Simpson,No suitable video
10/16/1999,When I Said I Do,Clint Black,No suitable video
10/2/1999,15 Minutes,Marc Nelson,No suitable video
10/9/1999,Meet Virginia,Train,No suitable video
10/23/1999,U Don't Know Me (Like U Used To),Brandy,No suitable video
10/23/1999,He Didn't Have To Be,Brad Paisley,No suitable video
10/23/1999,I Knew I Loved You,Savage Garden,No suitable video
10/30/1999,Will 2K,Will Smith Featuring K-Ci,No suitable video
10/16/1999,Learn To Fly,Foo Fighters,No suitable video
10/30/1999,What Do You Say,Reba,No suitable video
10/30/1999,Cowboy,Kid Rock,No suitable video
10/16/1999,Big Deal,LeAnn Rimes,No suitable video
10/30/1999,"4, 5, 6",Sole Featuring JT Money & Kandi,No suitable video
10/30/1999,Then The Morning Comes,Smash Mouth,No suitable video
11/6/1999,24/7,Kevon Edmonds,No suitable video
11/6/1999,Hanginaround,Counting Crows,No suitable video
11/6/1999,Breathe,Faith Hill,No suitable video
11/13/1999,Pop A Top,Alan Jackson,No suitable video
11/13/1999,Step To This,Master P Featuring D.I.G.,No suitable video
11/13/1999,A Man Ain't Made Of Stone,Randy Travis,No suitable video
11/20/1999,She Thinks My Tractor's Sexy,Kenny Chesney,No suitable video
11/13/1999,That's The Way It Is,Celine Dion,No suitable video
11/27/1999,Cowboy Take Me Away,Dixie Chicks,No suitable video
11/27/1999,What A Girl Wants,Christina Aguilera,No suitable video
11/27/1999,Hot Boyz,"Missy ""Misdemeanor"" Elliott Featuring NAS, EVE & Q-Tip",No suitable video
12/4/1999,You Can Do It,Ice Cube Featuring Mack 10 & Ms. Toi,No suitable video
12/4/1999,Re-arranged,Limp Bizkit,No suitable video
12/4/1999,N 2 Gether Now,Limp Bizkit Featuring Method Man,No suitable video
11/20/1999,Got To Get It,Sisqo Featuring Make It Hot,No suitable video
12/4/1999,"Live, Laugh, Love",Clay Walker,No suitable video
12/4/1999,Tha Block Is Hot,Lil' Wayne Featuring Juvenile & B.G.,No suitable video
12/11/1999,Blue (Da Ba Dee),Eiffel 65,No suitable video
12/4/1999,All The Small Things,Blink-182,No suitable video
12/25/1999,The Great Beyond,R.E.M.,No suitable video
12/11/1999,He Can't Love U,Jagged Edge,No suitable video
12/11/1999,Thank God I Found You,Mariah Carey Featuring Joe & 98 Degrees,No suitable video
12/11/1999,Notorious B.I.G.,The Notorious B.I.G. Featuring Puff Daddy & Lil' Kim,No suitable video
1/1/2000,I Wanna Know,Joe,No suitable video
1/8/2000,Love Is Blind,Eve Featuring Faith Evans,No suitable video
1/8/2000,The Best Man I Can Be,"Ginuwine, R.L., Tyrese, Case",No suitable video
1/15/2000,Back At One,Mark Wills,No suitable video
1/22/2000,Everything You Want,Vertical Horizon,No suitable video
1/22/2000,Never Let You Go,Third Eye Blind,No suitable video
1/29/2000,"Tricky, Tricky",Lou Bega,No suitable video
1/22/2000,Untitled (How Does It Feel),D'Angelo,No suitable video
1/22/2000,Breathe And Stop,Q-Tip,No suitable video
1/29/2000,Because You Love Me,Jo Dee Messina,No suitable video
2/12/2000,Maria Maria,Santana Featuring The Product G&B,No suitable video
1/29/2000,Thong Song,Sisqo,No suitable video
2/12/2000,Otherside,Red Hot Chili Peppers,No suitable video
1/29/2000,From The Bottom Of My Broken Heart,Britney Spears,No suitable video
2/12/2000,Freakin' It,Will Smith,No suitable video
2/19/2000,I Learned From The Best,Whitney Houston,No suitable video
2/12/2000,Best Friend,Puff Daddy Featuring Mario Winans & Hezekiah Walker & The Love Fe,No suitable video
2/19/2000,Only God Knows Why,Kid Rock,No suitable video
2/19/2000,American Pie,Madonna,No suitable video
2/19/2000,I Try,Macy Gray,No suitable video
3/4/2000,U Don't Love Me,Kumbia Kings Featuring A.B. Quintanilla,No suitable video
2/26/2000,That's What I'm Looking For,Da Brat,No suitable video
2/26/2000,You Sang To Me,Marc Anthony,No suitable video
3/4/2000,There You Go,P!nk,No suitable video
2/19/2000,I Need A Hot Girl,Hot Boys,No suitable video
3/4/2000,Daddy Won't Sell The Farm,Montgomery Gentry,No suitable video
3/4/2000,Get Up,Amel Larrieux,No suitable video
3/11/2000,Buy Me A Rose,Kenny Rogers With Alison Krauss & Billy Dean,No suitable video
3/25/2000,I Belong To You,Lenny Kravitz,No suitable video
3/18/2000,Couldn't Last A Moment,Collin Raye,No suitable video
4/1/2000,Swear It Again,Westlife,No suitable video
3/18/2000,Goodbye Earl,Dixie Chicks,No suitable video
4/8/2000,Kryptonite,3 Doors Down,No suitable video
3/25/2000,I Wish,Carl Thomas,No suitable video
4/1/2000,Real Live Woman,Trisha Yearwood,No suitable video
4/8/2000,Purest Of Pain (A Puro Dolor),Son By Four,No suitable video
3/11/2000,The Way You Love Me,Faith Hill,No suitable video
4/8/2000,Crash And Burn,Savage Garden,No suitable video
4/15/2000,Graduation (Friends Forever),Vitamin C,No suitable video
4/15/2000,Give Me You,Mary J. Blige,No suitable video
4/22/2000,Oops!...I Did It Again,Britney Spears,No suitable video
4/22/2000,It's So Hard,Big Punisher Featuring Donell Jones,No suitable video
4/29/2000,(Hot S**t) Country Grammar,Nelly,No suitable video
4/15/2000,I Turn To You,Christina Aguilera,No suitable video
4/15/2000,Best Of Me,Mya Featuring Jadakiss,No suitable video
4/29/2000,Back Here,BBMak,No suitable video
4/22/2000,Where I Wanna Be,Donell Jones,No suitable video
5/6/2000,Let's Get Married,Jagged Edge,No suitable video
5/13/2000,Me Neither,Brad Paisley,No suitable video
5/13/2000,I Disappear,Metallica,No suitable video
5/13/2000,Love Sets You Free,Kelly Price & Friends,No suitable video
5/13/2000,"Jumpin', Jumpin'",Destiny's Child,No suitable video
6/3/2000,What'Chu Like,Da Brat Featuring Tyrese,No suitable video
5/27/2000,I Need You,LeAnn Rimes,No suitable video
6/17/2000,Riddle,En Vogue,No suitable video
5/20/2000,Dance Tonight,Lucy Pearl,No suitable video
6/17/2000,One Voice,Billy Gilman,No suitable video
6/24/2000,Crybaby,Mariah Carey Featuring Snoop Dogg,No suitable video
7/1/2000,Simple Kind Of Life,No Doubt,No suitable video
7/8/2000,Sour Girl,Stone Temple Pilots,No suitable video
7/15/2000,Got It All,Eve & Jadakiss,No suitable video
6/24/2000,That's The Way,Jo Dee Messina,No suitable video
7/8/2000,Dancing Queen,A*Teens,No suitable video
7/15/2000,As We Lay,Kelly Price,No suitable video
7/8/2000,Wonderful,Everclear,No suitable video
6/24/2000,Take That,"Torrey Carter Featuring Missy ""Misdemeanor"" Elliott",No suitable video
7/15/2000,No Matter What They Say,Lil' Kim,No suitable video
8/12/2000,It's My Life,Bon Jovi,No suitable video
8/5/2000,Don't Think I'm Not,Kandi,No suitable video
8/5/2000,The Light,Common,No suitable video
7/29/2000,Californication,Red Hot Chili Peppers,No suitable video
8/12/2000,Hey Papi,Jay-Z Featuring Memphis Bleek & Amil,No suitable video
7/29/2000,Just Be A Man About It,Toni Braxton,No suitable video
7/22/2000,Who Let The Dogs Out,Baha Men,No suitable video
8/12/2000,Lucky,Britney Spears,No suitable video
8/12/2000,Ta Da,Lil' Mo,No suitable video
8/19/2000,Case Of The Ex (Whatcha Gonna Do),Mya,No suitable video
8/26/2000,Open My Heart,Yolanda Adams,No suitable video
8/12/2000,Let's Make Love,Faith Hill With Tim McGraw,No suitable video
8/26/2000,You're A God,Vertical Horizon,No suitable video
8/12/2000,Most Girls,P!nk,No suitable video
9/2/2000,Feels Like Love,Vince Gill,No suitable video
8/26/2000,Kiss This,Aaron Tippin,No suitable video
8/19/2000,Give Me Just One Night (Una Noche),98 Degrees,No suitable video
9/2/2000,Kernkraft 400,Zombie Nation,No suitable video
8/19/2000,Bounce With Me,Lil Bow Wow Featuring Xscape,No suitable video
9/9/2000,Pinch Me,Barenaked Ladies,No suitable video
9/9/2000,Gotta Tell You,Samantha Mumba,No suitable video
9/2/2000,Deep Inside Of You,Third Eye Blind,No suitable video
9/9/2000,Pull Over,Trina,No suitable video
9/9/2000,Can't Fight The Moonlight,LeAnn Rimes,No suitable video
10/7/2000,Without You,Dixie Chicks,No suitable video
9/23/2000,Summer Rain,Carl Thomas,No suitable video
9/30/2000,He Loves U Not,Dream,No suitable video
10/7/2000,E.I.,Nelly,No suitable video
10/7/2000,911,Wyclef Jean Featuring Mary J. Blige,No suitable video
10/14/2000,Just Friends (Sunny),Musiq,No suitable video
10/21/2000,My Love Goes On And On,Chris Cagle,No suitable video
10/21/2000,Loser,3 Doors Down,No suitable video
9/23/2000,You Should've Told Me,Kelly Price,No suitable video
10/21/2000,I Lost It,Kenny Chesney,No suitable video
10/21/2000,If You're Gone,matchbox twenty,No suitable video
10/14/2000,We Danced,Brad Paisley,No suitable video
10/28/2000,Toca's Miracle,Fragma,No suitable video
10/14/2000,Shape Of My Heart,Backstreet Boys,No suitable video
10/28/2000,Hemorrhage (In My Hands),Fuel,No suitable video
10/28/2000,Sleepwalker,The Wallflowers,No suitable video
11/4/2000,www.memory,Alan Jackson,No suitable video
11/4/2000,My First Love,Avant Featuring KeKe Wyatt,No suitable video
11/4/2000,Crazy For This Girl,Evan And Jaron,No suitable video
11/18/2000,Souljas,Master P,No suitable video
11/4/2000,Stan,Eminem Featuring Dido,No suitable video
11/4/2000,It Wasn't Me,"Shaggy Feat. Ricardo ""RikRok"" Ducent",No suitable video
11/11/2000,Oklahoma,Billy Gilman,No suitable video
11/11/2000,Do You,Funkmaster Flex Featuring DMX,No suitable video
11/11/2000,Rollin',Limp Bizkit,No suitable video
11/25/2000,Original Prankster,The Offspring,No suitable video
11/25/2000,How Many Licks?,Lil' Kim Featuring Sisqo,No suitable video
11/25/2000,Emotional,Carl Thomas,No suitable video
12/9/2000,It's Over Now,112,No suitable video
12/2/2000,Stronger,Britney Spears,No suitable video
11/18/2000,Again,Lenny Kravitz,No suitable video
12/9/2000,Crazy,K-Ci & JoJo,No suitable video
12/9/2000,Don't Tell Me,Madonna,No suitable video
12/16/2000,Project Chick,Cash Money Millionaires,No suitable video
12/9/2000,My Everything,98 Degrees,No suitable video
12/23/2000,Oh No,Mos Def & Pharoahe Monch Featuring Nate Dogg,No suitable video
12/23/2000,Mamacita,Public Announcement,No suitable video
12/23/2000,Promise,Jagged Edge,No suitable video
1/6/2001,Butterfly,Crazy Town,No suitable video
12/23/2000,Liquid Dreams,O-Town,No suitable video
12/30/2000,Thank You In Advance,Boyz II Men,No suitable video
12/30/2000,Angel,Shaggy Featuring Rayvon,No suitable video
1/6/2001,Cha-Cha Slide,Mr. C The Slide Man,No suitable video
1/6/2001,Lady (Hear Me Tonight),Modjo,No suitable video
12/30/2000,I Know,Sunday,No suitable video
1/6/2001,Stutter,Joe Featuring Mystikal,No suitable video
1/27/2001,Who I Am,Jessica Andrews,No suitable video
1/27/2001,Breathless,The Corrs,No suitable video
1/27/2001,Outside,Aaron Lewis Of Staind With Fred Durst,No suitable video
1/27/2001,Georgia,Carolyn Dawn Johnson,No suitable video
2/3/2001,Free,Mya,No suitable video
2/10/2001,One Step Closer,Linkin Park,No suitable video
2/17/2001,The Call,Backstreet Boys,No suitable video
2/17/2001,Thank You For Loving Me,Bon Jovi,No suitable video
2/3/2001,Snoop Dogg,Snoop Dogg,No suitable video
2/17/2001,Love,Musiq Soulchild,No suitable video
2/10/2001,Around The World (La La La La La),ATC,No suitable video
2/24/2001,Ride Wit Me,Nelly Featuring City Spud,No suitable video
3/3/2001,Best I Ever Had (Grey Sky Morning),Vertical Horizon,No suitable video
3/10/2001,Yellow,Coldplay,No suitable video
3/3/2001,"So Fresh, So Clean",OutKast,No suitable video
3/10/2001,Don't Happen Twice,Kenny Chesney,No suitable video
3/3/2001,It's A Great Day To Be Alive,Travis Tritt,No suitable video
3/17/2001,Survivor,Destiny's Child,No suitable video
3/17/2001,She Misses Him,Tim Rushlow,No suitable video
3/24/2001,What Would You Do?,City High,No suitable video
3/31/2001,Request Line,The Black Eyed Peas Featuring Macy Gray,No suitable video
3/24/2001,Lay Low,"Snoop Dogg Featuring Master P, Nate Dogg, Butch Cassidy & Tha Eastsidaz",No suitable video
4/7/2001,She Couldn't Change Me,Montgomery Gentry,No suitable video
3/31/2001,Superwoman Pt. II,Lil' Mo Featuring Fabolous,No suitable video
4/7/2001,La Bomba,Azul Azul,No suitable video
4/7/2001,Too Little Too Late,Barenaked Ladies,No suitable video
4/14/2001,Puppy Love,Lil Bow Wow Featuring Jagged Edge,No suitable video
4/14/2001,It's Been Awhile,Staind,No suitable video
3/31/2001,Video,India.Arie,No suitable video
3/24/2001,Get Ur Freak On,"Missy ""Misdemeanor"" Elliott",No suitable video
4/14/2001,Peaches & Cream,112,No suitable video
4/28/2001,Let Me Blow Ya Mind,Eve Featuring Gwen Stefani,No suitable video
4/28/2001,"Like, Wow!",Leslie Carter,No suitable video
4/28/2001,Two People Fell In Love,Brad Paisley,No suitable video
4/28/2001,My Way,Limp Bizkit,No suitable video
4/28/2001,When Somebody Loves You,Alan Jackson,No suitable video
4/28/2001,Rose Bouquet,Phil Vassar,No suitable video
5/5/2001,Angel,Lionel Richie,No suitable video
5/12/2001,There She Goes,Babyface,No suitable video
5/5/2001,Mad Season,matchbox twenty,No suitable video
5/5/2001,Hit 'Em Up Style (Oops!),Blu Cantrell,No suitable video
5/26/2001,Imitation Of Life,R.E.M.,No suitable video
5/19/2001,My Baby,Lil' Romeo,No suitable video
5/26/2001,More Than That,Backstreet Boys,No suitable video
6/2/2001,Pop,'N Sync,No suitable video
6/2/2001,We Need A Resolution,Aaliyah Featuring Timbaland,No suitable video
6/2/2001,What I Really Meant To Say,Cyndi Thomson,No suitable video
6/2/2001,Where The Party At,Jagged Edge With Nelly,No suitable video
6/2/2001,When It's Over,Sugar Ray,No suitable video
6/16/2001,Fallin',Alicia Keys,No suitable video
6/2/2001,Music,Erick Sermon Featuring Marvin Gaye,No suitable video
6/16/2001,U Remind Me,Usher,No suitable video
6/9/2001,Fill Me In,Craig David,No suitable video
6/9/2001,Here's To The Night,Eve 6,No suitable video
6/30/2001,What It Is,Violator Featuring Busta Rhymes,No suitable video
6/16/2001,She's All I Got,Jimmy Cozier,No suitable video
7/7/2001,I'm Real,Jennifer Lopez Featuring Ja Rule,No suitable video
6/30/2001,Just In Case,Jaheim,No suitable video
7/14/2001,Just A Baby Boy,Snoop Dogg Featuring Tyrese & Mr. Tan,No suitable video
7/14/2001,One Minute Man,"Missy ""Misdemeanor"" Elliott",No suitable video
7/14/2001,Only Time,Enya,No suitable video
7/21/2001,Take You Out,Luther Vandross,No suitable video
7/21/2001,Can't Deny It,Fabolous Featuring Nate Dogg,No suitable video
7/28/2001,Family Affair,Mary J. Blige,No suitable video
7/14/2001,Area Codes,Ludacris Featuring Nate Dogg,No suitable video
7/28/2001,Be Like That,3 Doors Down,No suitable video
8/25/2001,Bia' Bia',"Lil Jon & The East Side Boyz Featuring Ludacris, Too Short, Big Kap & Chyna Whyte",No suitable video
8/11/2001,Crawling,Linkin Park,No suitable video
8/4/2001,I'll Fly With You (L'amour Toujours),Gigi D'Agostino,No suitable video
7/28/2001,Bad Boy For Life,"P. Diddy, Black Rob & Mark Curry",No suitable video
8/18/2001,Turn Off The Light,Nelly Furtado,No suitable video
8/25/2001,Girl Next Door,Musiq Soulchild Featuring Ayana,No suitable video
7/14/2001,Contagious,The Isley Brothers Featuring Ronald Isley,No suitable video
9/8/2001,So Complicated,Carolyn Dawn Johnson,No suitable video
9/1/2001,Everywhere,Michelle Branch,No suitable video
9/8/2001,Lifetime,Maxwell,No suitable video
9/22/2001,U Got It Bad,Usher,No suitable video
9/22/2001,Gone,'N Sync,No suitable video
9/22/2001,Shine,"Lil' Wayne Featuring Baby, Mack 10 & Mickey",No suitable video
9/22/2001,What If,Babyface,No suitable video
10/6/2001,You Gets No Love,Faith Evans,No suitable video
9/29/2001,Emotion,Destiny's Child,No suitable video
10/13/2001,I Wanna Talk About Me,Toby Keith,No suitable video
10/6/2001,What's Going On,All Star Tribute,No suitable video
10/13/2001,Caramel,City High Featuring Eve,No suitable video
10/20/2001,Fade,Staind,No suitable video
10/13/2001,Who We Be,DMX,No suitable video
10/20/2001,I'm A Slave 4 U,Britney Spears,No suitable video
10/20/2001,Drowning,Backstreet Boys,No suitable video
10/27/2001,Diddy,P. Diddy Featuring The Neptunes,No suitable video
10/27/2001,"Whenever, Wherever",Shakira,No suitable video
11/3/2001,Alive,P.O.D.,No suitable video
10/27/2001,A Woman's Worth,Alicia Keys,No suitable video
11/3/2001,In The End,Linkin Park,No suitable video
11/10/2001,Wherever You Will Go,The Calling,No suitable video
11/17/2001,Wrapped Around,Brad Paisley,No suitable video
11/10/2001,Roll Out (My Business),Ludacris,No suitable video
10/20/2001,Where The Stars And Stripes And The Eagle Fly,Aaron Tippin,No suitable video
11/17/2001,Goodbye,Jagged Edge,No suitable video
11/17/2001,Always On Time,Ja Rule Featuring Ashanti,No suitable video
12/1/2001,Don't You Forget It,Glenn Lewis,No suitable video
11/24/2001,Son Of A Gun,"Janet Featuring Missy Elliott, P. Diddy & Carly Simon",No suitable video
12/1/2001,Good Morning Beautiful,Steve Holy,No suitable video
12/15/2001,Take Away,"Missy ""Misdemeanor"" Elliott Featuring Ginuwine & Tweet",No suitable video
12/8/2001,Hey Baby,No Doubt Featuring Bounty Killer,No suitable video
12/15/2001,No More Drama,Mary J. Blige,No suitable video
12/29/2001,God Bless America,Daniel Rodriguez,No suitable video
12/29/2001,Never Too Far/Hero Medley,Mariah Carey,No suitable video
12/8/2001,7 Days,Craig David,No suitable video
12/29/2001,Ooohhhwee,Master P Featuring Weebie,No suitable video
12/15/2001,Freedom,Paul McCartney,No suitable video
1/19/2002,Burn,Mobb Deep Featuring Vita & Noyd,No suitable video
1/5/2002,Chop Suey,System Of A Down,No suitable video
1/5/2002,Nothing In This World,KeKe Wyatt Featuring Avant,No suitable video
1/26/2002,What About Us?,Brandy,No suitable video
1/26/2002,I Love You,Faith Evans,No suitable video
2/9/2002,Girlfriend,'N Sync Featuring Nelly,No suitable video
1/26/2002,Can't Get You Out Of My Head,Kylie Minogue,No suitable video
2/2/2002,More Than A Woman,Aaliyah,No suitable video
2/9/2002,Oops (Oh My),Tweet,No suitable video
2/9/2002,U Don't Have To Call,Usher,No suitable video
2/16/2002,Rapture (Tastes So Sweet),iio,No suitable video
2/9/2002,"I Breathe In, I Breathe Out",Chris Cagle,No suitable video
2/9/2002,Youth Of The Nation,P.O.D.,No suitable video
2/23/2002,What If She's An Angel,Tommy Shane Steiner,No suitable video
2/23/2002,Anything,Jaheim Featuring Next,No suitable video
3/2/2002,Crawling In The Dark,Hoobastank,No suitable video
2/23/2002,All You Wanted,Michelle Branch,No suitable video
3/2/2002,For You,Staind,No suitable video
3/2/2002,Insatiable,Darren Hayes,No suitable video
3/9/2002,Knoc,"Knoc-Turn'Al With Dr. Dre & Missy ""Misdemeanor"" Elliott",No suitable video
3/2/2002,Pass The Courvoisier Part II,Busta Rhymes Featuring P. Diddy & Pharrell,No suitable video
3/9/2002,Don't Let Me Get Me,P!nk,No suitable video
3/16/2002,I Should Be Sleeping,Emerson Drive,No suitable video
3/16/2002,This Woman's Work,Maxwell,No suitable video
3/16/2002,The Middle,Jimmy Eat World,No suitable video
3/23/2002,Give It To Her,Tanto Metro & Devonte,No suitable video
3/23/2002,Here Is Gone,Goo Goo Dolls,No suitable video
3/23/2002,halfcrazy,Musiq,No suitable video
3/16/2002,Drive (For Daddy Gene),Alan Jackson,No suitable video
3/23/2002,Makin' Good Love,Avant,No suitable video
3/23/2002,Wish I Didn't Miss You,Angie Stone,No suitable video
3/30/2002,Feels Good (Don't Worry Bout A Thing),Naughty By Nature Featuring 3LW,No suitable video
4/6/2002,Closet Freak,Cee-Lo,No suitable video
4/20/2002,Oh Boy,Cam'Ron Featuring Juelz Santana,No suitable video
3/30/2002,Rainy Dayz,Mary J. Blige Featuring Ja Rule,No suitable video
4/27/2002,I'm Gonna Be Alright,Jennifer Lopez Featuring Nas,No suitable video
4/27/2002,Overprotected,Britney Spears,No suitable video
4/20/2002,Addictive,Truth Hurts Featuring Rakim,No suitable video
4/20/2002,One Mic,Nas,No suitable video
4/20/2002,Hella Good,No Doubt,No suitable video
4/27/2002,You Know That I Love You,Donell Jones,No suitable video
4/27/2002,Take A Message,Remy Shand,No suitable video
4/27/2002,Be Here,Raphael Saadiq Featuring D'Angelo,No suitable video
5/4/2002,Don't Say Goodbye,Paulina Rubio,No suitable video
5/25/2002,"My Neck, My Back",Khia Featuring DSD,No suitable video
5/11/2002,I Don't Want You To Go,Carolyn Dawn Johnson,No suitable video
5/4/2002,Full Moon,Brandy,No suitable video
5/11/2002,Without Me,Eminem,No suitable video
5/25/2002,Grindin',Clipse,No suitable video
5/4/2002,Toxicity,System Of A Down,No suitable video
5/11/2002,Someone To Love You,Ruff Endz,No suitable video
5/25/2002,Quitame Ese Hombre,Pilar Montenegro,No suitable video
5/4/2002,I'm Gonna Miss Her (The Fishin' Song),Brad Paisley,No suitable video
5/25/2002,Walking Away,Craig David,No suitable video
5/25/2002,Just A Friend 2002,Mario,No suitable video
6/1/2002,The Impossible,Joe Nichols,No suitable video
6/1/2002,Heaven,DJ Sammy & Yanou Featuring Do,No suitable video
5/18/2002,Guess Who's Back,Scarface Featuring Jay-Z & Beanie Sigel,No suitable video
6/1/2002,No Such Thing,John Mayer,No suitable video
6/1/2002,When You Lie Next To Me,Kellie Coffey,No suitable video
6/29/2002,Tonight I Wanna Be Your Man,Andy Griggs,No suitable video
6/22/2002,Long Time Gone,Dixie Chicks,No suitable video
6/8/2002,I Need A Girl (Part Two),"P. Diddy & Ginuwine Featuring Loon, Mario Winans & Tammy Ruggeri",No suitable video
7/6/2002,Just Like A Pill,P!nk,No suitable video
7/6/2002,Way Of Life,Lil Wayne,No suitable video
6/8/2002,"Courtesy Of The Red, White And Blue (The Angry American)",Toby Keith,No suitable video
7/6/2002,Ten Rounds With Jose Cuervo,Tracy Byrd,No suitable video
7/13/2002,Gangsta Lovin',Eve Featuring Alicia Keys,No suitable video
7/20/2002,Tainted,Slum Village Featuring Dwele,No suitable video
6/8/2002,Day + Night,Isyss Featuring Jadakiss,No suitable video
7/13/2002,Papa Don't Preach,Kelly Osbourne,No suitable video
7/20/2002,Po' Folks,Nappy Roots Featuring Anthony Hamilton,No suitable video
8/17/2002,Blue Jeans,Yasmeen Featuring Ghostface Killah,No suitable video
7/20/2002,Hate To Say I Told You So,The Hives,No suitable video
7/13/2002,A Little Less Conversation,Elvis Presley vs JXL,No suitable video
8/17/2002,Burnin' Up,"Faith Evans Featuring Missy ""Misdemeanor"" Elliott",No suitable video
8/3/2002,Flake,Jack Johnson,No suitable video
8/10/2002,Don't Mess With My Man,Nivea Featuring Brian & Brandon Casey,No suitable video
7/13/2002,Two Wrongs,Wyclef Jean Featuring Claudette Ortiz,No suitable video
8/17/2002,Somebody Like You,Keith Urban,No suitable video
8/17/2002,Aerials,System Of A Down,No suitable video
8/17/2002,Trade It All,Fabolous Featuring P. Diddy & Jagged Edge,No suitable video
8/24/2002,Whatchulookinat,Whitney Houston,No suitable video
8/31/2002,Hey Ma,"Cam'Ron Featuring Juelz Santana, Freekey Zekey & Toya",No suitable video
8/31/2002,Underneath It All,No Doubt Featuring Lady Saw,No suitable video
8/24/2002,I Care 4 U,Aaliyah,No suitable video
8/31/2002,Cry,Faith Hill,No suitable video
9/7/2002,Like I Love You,Justin Timberlake,No suitable video
9/7/2002,Objection (Tango),Shakira,No suitable video
9/14/2002,Steve McQueen,Sheryl Crow,No suitable video
9/14/2002,I'd Rather,Luther Vandross,No suitable video
9/14/2002,When The Last Time,Clipse,No suitable video
9/21/2002,A Moment Like This,Kelly Clarkson,No suitable video
9/14/2002,Work It,"Missy ""Misdemeanor"" Elliott",No suitable video
9/14/2002,Sk8er Boi,Avril Lavigne,No suitable video
9/14/2002,Put Me Down,Donell Jones,No suitable video
9/21/2002,Dirrty,Christina Aguilera Featuring Redman,No suitable video
9/28/2002,Prayer,Disturbed,No suitable video
9/21/2002,Landslide,Dixie Chicks,No suitable video
9/28/2002,"Don't Say No, Just Say Yes",Avant,No suitable video
9/28/2002,My Town,Montgomery Gentry,No suitable video
9/28/2002,Little Things,India.Arie,No suitable video
10/5/2002,Are We Cuttin',Pastor Troy Featuring Ms. Jade,No suitable video
10/12/2002,Jenny From The Block,Jennifer Lopez Featuring Styles & Jadakiss,No suitable video
10/5/2002,Who's Your Daddy?,Toby Keith,No suitable video
10/5/2002,The Game Of Love,Santana Featuring Michelle Branch,No suitable video
10/12/2002,She Hates Me,Puddle Of Mudd,No suitable video
10/19/2002,React,Erick Sermon Featuring Redman,No suitable video
10/26/2002,Single For The Rest Of My Life,Isyss,No suitable video
10/19/2002,I'm Gonna Getcha Good!,Shania Twain,No suitable video
10/26/2002,He Is,Heather Headley,No suitable video
10/26/2002,Girl Talk,TLC,No suitable video
11/9/2002,Forgive,Rebecca Lynn Howard,No suitable video
11/9/2002,From Tha Chuuuch To Da Palace,Snoop Dogg,No suitable video
11/2/2002,Something,Lasgo,No suitable video
11/9/2002,The Zephyr Song,Red Hot Chili Peppers,No suitable video
11/9/2002,Air Force Ones,"Nelly Featuring Kyjuan, Ali & Murphy Lee",No suitable video
11/16/2002,One Of Those Days,Whitney Houston,No suitable video
11/16/2002,Family Portrait,P!nk,No suitable video
11/2/2002,Your Body Is A Wonderland,John Mayer,No suitable video
11/30/2002,The Red,Chevelle,No suitable video
11/23/2002,Beautiful,Christina Aguilera,No suitable video
11/23/2002,Cochise,Audioslave,No suitable video
11/23/2002,When I'm Gone,3 Doors Down,No suitable video
11/30/2002,Picture,Kid Rock Featuring Sheryl Crow Or Allison Moorer,No suitable video
11/30/2002,Miss You,Aaliyah,No suitable video
11/30/2002,"Bump, Bump, Bump",B2K & P. Diddy,No suitable video
12/14/2002,Lifestyles Of The Rich And Famous,Good Charlotte,No suitable video
11/30/2002,Wanksta,50 Cent,No suitable video
12/7/2002,The Baby,Blake Shelton,No suitable video
11/30/2002,Satisfaction,Eve,No suitable video
12/21/2002,Made You Look,Nas,No suitable video
12/28/2002,No One Knows,Queens Of The Stone Age,No suitable video
12/21/2002,Cry Me A River,Justin Timberlake,No suitable video
12/28/2002,Gossip Folks,"Missy ""Misdemeanor"" Elliott Featuring Ludacris",No suitable video
1/4/2003,Blowin' Me Up (With Her Love),JC Chasez,No suitable video
1/4/2003,All The Things She Said,t.A.T.u.,No suitable video
1/4/2003,Tell Me (What's Goin' On),Smilez & Southstar,No suitable video
1/11/2003,In Da Club,50 Cent,No suitable video
12/28/2002,All I Have,Jennifer Lopez Featuring LL Cool J,No suitable video
12/28/2002,Mesmerize,Ja Rule Featuring Ashanti,No suitable video
1/18/2003,I Wish You'd Stay,Brad Paisley,No suitable video
1/11/2003,No Letting Go,Wayne Wonder,No suitable video
1/25/2003,Brokenheartsville,Joe Nichols,No suitable video
2/1/2003,Can't Stop Loving You,Phil Collins,No suitable video
2/1/2003,Travelin' Soldier,Dixie Chicks,No suitable video
2/8/2003,Beautiful,Snoop Dogg Featuring Pharrell & Uncle Charlie Wilson,No suitable video
2/8/2003,That'd Be Alright,Alan Jackson,No suitable video
2/8/2003,Can't Stop,Red Hot Chili Peppers,No suitable video
2/22/2003,Big Star,Kenny Chesney,No suitable video
2/8/2003,The Jump Off,Lil' Kim Featuring Mr. Cheeks,No suitable video
3/1/2003,Breathe,Blu Cantrell Featuring Sean Paul,No suitable video
2/15/2003,Emotional Rollercoaster,Vivian Green,No suitable video
3/1/2003,Like A Stone,Audioslave,No suitable video
2/15/2003,I'd Do Anything,Simple Plan,No suitable video
3/8/2003,That Girl,Marques Houston,No suitable video
3/8/2003,Times Like These,Foo Fighters,No suitable video
3/15/2003,Bring Me To Life,Evanescence Featuring Paul McCoy,No suitable video
3/8/2003,Can't Let You Go,Fabolous Featuring Mike Shorey & Lil' Mo,No suitable video
3/15/2003,Somewhere I Belong,Linkin Park,No suitable video
3/22/2003,4 Ever,Lil' Mo Featuring Fabolous,No suitable video
3/29/2003,Running,No Doubt,No suitable video
3/29/2003,Girl All The Bad Guys Want,Bowling For Soup,No suitable video
3/22/2003,21 Questions,50 Cent Featuring Nate Dogg,No suitable video
3/22/2003,Rock Your Body,Justin Timberlake,No suitable video
3/29/2003,What A Beautiful Day,Chris Cagle,No suitable video
3/22/2003,Speed,Montgomery Gentry,No suitable video
4/5/2003,American Life,Madonna,No suitable video
4/5/2003,Still Ballin,2Pac Featuring Trick Daddy,No suitable video
4/12/2003,Beware Of The Boys (Mundian To Bach Ke),Panjabi MC Featuring Jay-Z,No suitable video
4/12/2003,Don't Wanna Try,Frankie J,No suitable video
4/12/2003,Fighter,Christina Aguilera,No suitable video
4/26/2003,In Love Wit Chu,Da Brat Featuring Cherish,No suitable video
4/26/2003,So Gone,Monica,No suitable video
4/26/2003,Magic Stick,Lil' Kim Featuring 50 Cent,No suitable video
4/26/2003,Price To Play,Staind,No suitable video
5/3/2003,I Wish I Wasn't,Heather Headley,No suitable video
5/3/2003,Beer For My Horses,Toby Keith Duet With Willie Nelson,No suitable video
5/3/2003,Roll Wit M.V.P. (We Be Like! The La La Song),Stagga Lee,No suitable video
4/26/2003,Try It On My Own,Whitney Houston,No suitable video
5/10/2003,Send The Pain Below,Chevelle,No suitable video
5/10/2003,P***ycat,"Missy ""Misdemeanor"" Elliott",No suitable video
5/3/2003,I'm Glad,Jennifer Lopez,No suitable video
5/3/2003,God Bless The U.S.A.,American Idol Finalists,No suitable video
5/24/2003,Seven Nation Army,The White Stripes,No suitable video
5/10/2003,Rock Wit U (Awww Baby),Ashanti,No suitable video
5/24/2003,Crazy In Love,Beyonce Featuring Jay Z,No suitable video
5/31/2003,Almost Home,Craig Morgan,No suitable video
5/31/2003,Are You Happy Now?,Michelle Branch,No suitable video
5/31/2003,Red Dirt Road,Brooks & Dunn,No suitable video
6/7/2003,Act A Fool,Ludacris,No suitable video
6/7/2003,Make Me A Song,Kiley Dean,No suitable video
6/7/2003,Like Glue,Sean Paul,No suitable video
6/7/2003,Flipside,Freeway Featuring Peedi Crakk,No suitable video
6/14/2003,Into You,Fabolous Featuring Tamia Or Ashanti,No suitable video
6/14/2003,Celebrity,Brad Paisley,No suitable video
6/14/2003,Come Over,Aaliyah,No suitable video
6/14/2003,Frontin',Pharrell Featuring Jay-Z,No suitable video
6/28/2003,Addicted,Simple Plan,No suitable video
6/21/2003,"Swing, Swing",The All-American Rejects,No suitable video
6/14/2003,Where Is The Love?,The Black Eyed Peas,No suitable video
6/28/2003,Feel Good Time,P!nk Featuring William Orbit,No suitable video
6/28/2003,Flying Without Wings,Ruben Studdard,No suitable video
7/5/2003,Love At 1st Sight,Mary J. Blige Featuring Method Man,No suitable video
6/28/2003,This Is The Night,Clay Aiken,No suitable video
6/28/2003,My Love Is Like... Wo,Mya,No suitable video
6/28/2003,It's Five O'Clock Somewhere,Alan Jackson & Jimmy Buffett,No suitable video
8/2/2003,So Far Away,Staind,No suitable video
8/2/2003,Can't Hold Us Down,Christina Aguilera Featuring Lil' Kim,No suitable video
8/2/2003,Senorita,Justin Timberlake,No suitable video
7/19/2003,Then They Do,Trace Adkins,No suitable video
8/9/2003,Damn!,YoungBloodZ Featuring Lil Jon,No suitable video
8/9/2003,Na Na Na,112 Featuring Super Cat,No suitable video
8/2/2003,Officially Missing You,Tamia,No suitable video
8/16/2003,Show Me How To Live,Audioslave,No suitable video
8/16/2003,She Only Smokes When She Drinks,Joe Nichols,No suitable video
8/16/2003,So Yesterday,Hilary Duff,No suitable video
8/23/2003,Never (Past Tense),The Roc Project Featuring Tina Arena,No suitable video
8/23/2003,Lovin' All Night,Patty Loveless,No suitable video
8/16/2003,Baby Boy,Beyonce Featuring Sean Paul,No suitable video
8/23/2003,Tough Little Boys,Gary Allan,No suitable video
8/23/2003,Suga Suga,Baby Bash Featuring Frankie J,No suitable video
8/23/2003,Walk A Little Straighter,Billy Currington,No suitable video
8/30/2003,Bigger Than My Body,John Mayer,No suitable video
8/30/2003,Heaven,Live,No suitable video
8/30/2003,Here Without You,3 Doors Down,No suitable video
9/6/2003,Ooh!,Mary J. Blige,No suitable video
8/30/2003,Rain On Me,Ashanti,No suitable video
8/30/2003,Wave On Wave,Pat Green,No suitable video
9/6/2003,Stand Up,Ludacris Featuring Shawnna,No suitable video
9/20/2003,Holidae In,Chingy Featuring Ludacris & Snoop Dogg,No suitable video
9/27/2003,The Way You Move,OutKast Featuring Sleepy Brown,No suitable video
9/20/2003,Low,Kelly Clarkson,No suitable video
9/6/2003,Walked Outta Heaven,Jagged Edge,No suitable video
10/4/2003,Read Your Mind,Avant,No suitable video
10/4/2003,Sympathy For The Devil (Remixes),The Rolling Stones,No suitable video
10/18/2003,Another Postcard (Chimps),Barenaked Ladies,No suitable video
10/11/2003,Stacy's Mom,Fountains Of Wayne,No suitable video
10/18/2003,Hot & Wet,112 Featuring Ludacris,No suitable video
10/18/2003,Trouble,P!nk,No suitable video
10/11/2003,I Can Only Imagine,MercyMe,No suitable video
10/18/2003,Party To Damascus,Wyclef Jean Featuring Missy Elliott,No suitable video
10/25/2003,Fallen,Sarah McLachlan,No suitable video
10/18/2003,Runnin (Dying To Live),Tupac Featuring The Notorious B.I.G.,No suitable video
11/1/2003,Hell Yeah,Montgomery Gentry,No suitable video
11/1/2003,Perfect,Simple Plan,No suitable video
10/25/2003,The First Cut Is The Deepest,Sheryl Crow,No suitable video
11/1/2003,Stunt 101,G Unit,No suitable video
11/1/2003,It's My Life,No Doubt,No suitable video
11/8/2003,Breathe,Michelle Branch,No suitable video
11/22/2003,Invisible,Clay Aiken,No suitable video
11/29/2003,(I Hate) Everything About You,Three Days Grace,No suitable video
11/8/2003,There Goes My Life,Kenny Chesney,No suitable video
11/29/2003,Fallen,Mya,No suitable video
12/6/2003,F**k It (I Don't Want You Back),Eamon,No suitable video
11/29/2003,I Need You Now,Smokie Norful,No suitable video
11/8/2003,Forthenight,Musiq,No suitable video
12/6/2003,One More Chance,Michael Jackson,No suitable video
12/13/2003,Long Black Train,Josh Turner,No suitable video
12/13/2003,Remember When,Alan Jackson,No suitable video
12/20/2003,Little Moments,Brad Paisley,No suitable video
12/13/2003,Not Today,Mary J. Blige Featuring Eve,No suitable video
12/20/2003,Hotel,Cassidy Featuring R. Kelly,No suitable video
1/10/2004,Yeah!,Usher Featuring Lil Jon & Ludacris,No suitable video
12/27/2003,You,Ryan Duarte,No suitable video
1/10/2004,The Set Up,Obie Trice Featuring Nate Dogg,No suitable video
1/24/2004,Perfect,Sara Evans,No suitable video
1/3/2004,Megalomaniac,Incubus,No suitable video
1/24/2004,Hot Mama,Trace Adkins,No suitable video
2/7/2004,Falls On Me,Fuel,No suitable video
1/17/2004,Tipsy,J-Kwon,No suitable video
1/3/2004,Sorry 2004,Ruben Studdard,No suitable video
2/14/2004,Hold On,Good Charlotte,No suitable video
2/7/2004,One Day At A Time,Tupac With Eminem Featuring The Outlawz,No suitable video
2/21/2004,I Don't Wanna Know,Mario Winans Featuring Enya & P. Diddy,No suitable video
2/21/2004,Just A Little While,Janet Jackson,No suitable video
2/28/2004,Come Clean,Hilary Duff,No suitable video
3/6/2004,Behind Blue Eyes,Limp Bizkit,No suitable video
2/21/2004,When The Sun Goes Down,Kenny Chesney & Uncle Kracker,No suitable video
2/28/2004,Wild West Show,Big & Rich,No suitable video
3/13/2004,Ride Wit U,Joe Featuring G-Unit,No suitable video
3/13/2004,Burn,Usher,No suitable video
3/20/2004,My Band,D12,No suitable video
3/6/2004,If I Ain't Got You,Alicia Keys,No suitable video
3/20/2004,You Raise Me Up,Josh Groban,No suitable video
3/20/2004,I Miss You,Blink-182,No suitable video
4/3/2004,Don't Tell Me,Avril Lavigne,No suitable video
3/20/2004,Letters From Home,John Michael Montgomery,No suitable video
3/13/2004,Maps,Yeah Yeah Yeahs,No suitable video
4/10/2004,Redneck Woman,Gretchen Wilson,No suitable video
4/3/2004,Meant To Live,Switchfoot,No suitable video
4/24/2004,Tear It Up,"Yung Wun Featuring DMX, Lil' Flip & David Banner",No suitable video
4/17/2004,Simple Life,Carolyn Dawn Johnson,No suitable video
5/1/2004,Whiskey Girl,Toby Keith,No suitable video
4/17/2004,Got It Twisted,Mobb Deep,No suitable video
4/3/2004,Baby I Love U,Jennifer Lopez,No suitable video
5/1/2004,Move Ya Body,Nina Sky Featuring Jabba,No suitable video
5/1/2004,Last Train Home,Lostprophets,No suitable video
5/1/2004,What's It Like,Jagged Edge,No suitable video
5/8/2004,Get No Better,Cassidy Featuring Mashonda,No suitable video
4/17/2004,If You Ever Stop Loving Me,Montgomery Gentry,No suitable video
5/8/2004,It Only Hurts When I'm Breathing,Shania Twain,No suitable video
5/1/2004,Just For You,Lionel Richie,No suitable video
5/15/2004,Slither,Velvet Revolver,No suitable video
5/15/2004,Heaven,Los Lonely Boys,No suitable video
6/5/2004,Welcome Back,Mase,No suitable video
5/22/2004,Selfish,Slum Village Featuring Kanye West & John Legend,No suitable video
5/29/2004,Float On,Modest Mouse,No suitable video
5/15/2004,Ch-Check It Out,Beastie Boys,No suitable video
5/22/2004,Turn Me On,Kevin Lyttle Featuring Spragga Benz,No suitable video
6/26/2004,So Sexy,Twista Featuring R. Kelly,No suitable video
6/19/2004,Whiskey Lullaby,Brad Paisley Featuring Alison Krauss,No suitable video
6/26/2004,I Got A Feelin',Billy Currington,No suitable video
6/12/2004,Live Like You Were Dying,Tim McGraw,No suitable video
7/3/2004,I Want To Live,Josh Gracin,No suitable video
7/3/2004,Away From The Sun,3 Doors Down,No suitable video
6/12/2004,I Go Back,Kenny Chesney,No suitable video
7/3/2004,Take Me Out,Franz Ferdinand,No suitable video
7/17/2004,Why?,Jadakiss Featuring Anthony Hamilton,No suitable video
7/17/2004,No Problem,Lil Scrappy,No suitable video
7/17/2004,Break Down Here,Julie Roberts,No suitable video
7/31/2004,Shake That Sh**,Shawnna Featuring Ludacris,No suitable video
7/24/2004,Breaking The Habit,Linkin Park,No suitable video
7/31/2004,Save A Horse (Ride A Cowboy),Big & Rich,No suitable video
7/31/2004,My Happy Ending,Avril Lavigne,No suitable video
7/31/2004,On The Way Down,Ryan Cabrera,No suitable video
8/21/2004,Call My Name,Prince,No suitable video
8/21/2004,You're My Everything,Anita Baker,No suitable video
8/7/2004,Too Much Of A Good Thing,Alan Jackson,No suitable video
8/7/2004,Here For The Party,Gretchen Wilson,No suitable video
8/14/2004,I Hate Everything,George Strait,No suitable video
8/28/2004,Stays In Mexico,Toby Keith,No suitable video
8/21/2004,Feels Like Today,Rascal Flatts,No suitable video
8/28/2004,Who Is She 2 U,Brandy,No suitable video
8/28/2004,"Breathe, Stretch, Shake",Mase Featuring P. Diddy,No suitable video
8/21/2004,Knuck If You Buck,Crime Mob Featuring Lil Scrappy,No suitable video
9/4/2004,Charlene,Anthony Hamilton,No suitable video
8/21/2004,If Nobody Believed In You,Joe Nichols,No suitable video
9/4/2004,Somebody Told Me,The Killers,No suitable video
9/11/2004,My Boo,Usher And Alicia Keys,No suitable video
9/18/2004,You & Me,J-Kwon Featuring Sadiyyah,No suitable video
9/11/2004,1985,Bowling For Soup,No suitable video
9/11/2004,Car Wash,Christina Aguilera Featuring Missy Elliott,No suitable video
9/25/2004,Tilt Ya Head Back,Nelly & Christina Aguilera,No suitable video
9/25/2004,Lose My Breath,Destiny's Child,No suitable video
9/18/2004,Dangerously In Love,Beyonce,No suitable video
9/25/2004,Fall To Pieces,Velvet Revolver,No suitable video
10/2/2004,Shadow,Ashlee Simpson,No suitable video
10/2/2004,Go D.J.,Lil Wayne,No suitable video
10/2/2004,Drop It Like It's Hot,Snoop Dogg Featuring Pharrell,No suitable video
10/2/2004,Used To Love U,John Legend,No suitable video
10/9/2004,Vertigo,U2,No suitable video
10/9/2004,Whatever U Want,Christina Milian Featuring Joe Budden,No suitable video
10/16/2004,Over And Over,Nelly Featuring Tim McGraw,No suitable video
10/23/2004,Take Me Home,Terror Squad,No suitable video
10/30/2004,"I Smoke, I Drank",Body Head Bangerz Featuring YoungBloodz,No suitable video
10/23/2004,Big Chips,R. Kelly & Jay-Z,No suitable video
10/16/2004,White Houses,Vanessa Carlton,No suitable video
10/16/2004,What You Waiting For?,Gwen Stefani,No suitable video
10/16/2004,Real Big,Mannie Fresh,No suitable video
10/16/2004,Shorty Wanna Ride,Young Buck,No suitable video
10/23/2004,Let Me Love You,Mario,No suitable video
11/6/2004,Party For Two,Shania Twain With Billy Currington Or Mark McGrath,No suitable video
11/6/2004,(Reach Up For The) Sunrise,Duran Duran,No suitable video
11/6/2004,Daughters,John Mayer,No suitable video
10/30/2004,"1, 2 Step",Ciara Featuring Missy Elliott,No suitable video
11/20/2004,Vitamin R (Leading Us Along),Chevelle,No suitable video
11/13/2004,Nothin 'Bout Love Makes Sense,LeAnn Rimes,No suitable video
11/13/2004,So Sexy Chapter II (Like This),Twista Featuring R. Kelly,No suitable video
11/20/2004,Bridging The Gap,Nas Featuring Olu Dara,No suitable video
11/13/2004,Welcome To My Life,Simple Plan,No suitable video
11/27/2004,Karma,Alicia Keys,No suitable video
11/20/2004,Encore,"Eminem, Dr. Dre & 50 Cent",No suitable video
11/27/2004,I Changed My Mind,Keyshia Cole Featuring Shyne,No suitable video
11/20/2004,New York,Ja Rule Featuring Fat Joe & Jadakiss,No suitable video
11/20/2004,Only U,Ashanti,No suitable video
11/27/2004,Give A Little Bit,Goo Goo Dolls,No suitable video
11/27/2004,You're The One,Guerilla Black Featuring Mario Winans,No suitable video
11/27/2004,Boulevard Of Broken Dreams,Green Day,No suitable video
12/4/2004,Monday Morning Church,Alan Jackson,No suitable video
12/4/2004,Mud On The Tires,Brad Paisley,No suitable video
12/11/2004,Beautiful Soul,Jesse McCartney,No suitable video
12/11/2004,True,Ryan Cabrera,No suitable video
12/11/2004,Nobody's Home,Avril Lavigne,No suitable video
12/11/2004,When I Think About Cheatin',Gretchen Wilson,No suitable video
12/25/2004,Okay,Nivea Featuring Lil Jon & YoungBloodZ,No suitable video
1/1/2005,Holy Water,Big & Rich,No suitable video
12/18/2004,He Gets That From Me,Reba McEntire,No suitable video
12/11/2004,Caught Up,Usher,No suitable video
1/1/2005,A Rose By Any Other Name,Teena Marie Featuring Gerald Levert,No suitable video
1/1/2005,Mockingbird,Eminem,No suitable video
1/15/2005,I'll Be Around,Daryl Hall John Oates,No suitable video
1/22/2005,Nothin' To Lose,Josh Gracin,No suitable video
1/8/2005,Let's Get Blown,Snoop Dogg,No suitable video
1/8/2005,Ordinary People,John Legend,No suitable video
12/25/2004,Rich Girl,Gwen Stefani Featuring Eve,No suitable video
1/22/2005,Baby,Fabolous Featuring Mike Shorey,No suitable video
1/22/2005,U Don't Know Me,T.I.,No suitable video
1/29/2005,Obsession (No Es Amor),Frankie J Featuring Baby Bash,No suitable video
1/22/2005,Truth Is,Fantasia,No suitable video
1/29/2005,It's Like That,Mariah Carey,No suitable video
2/5/2005,Candy Shop,50 Cent Featuring Olivia,No suitable video
2/12/2005,Scars,Papa Roach,No suitable video
2/5/2005,Let Me Go,3 Doors Down,No suitable video
2/12/2005,Anything But Mine,Kenny Chesney,No suitable video
2/5/2005,Gone,Montgomery Gentry,No suitable video
2/12/2005,I Just Wanna Live,Good Charlotte,No suitable video
2/12/2005,Home,Three Days Grace,No suitable video
2/12/2005,Somewhere Only We Know,Keane,No suitable video
2/12/2005,Mr. Brightside,The Killers,No suitable video
2/12/2005,You And Me,Lifehouse,No suitable video
2/12/2005,La La,Ashlee Simpson,No suitable video
2/12/2005,Goin' Crazy,Natalie,No suitable video
2/12/2005,I'm Not Okay (I Promise),My Chemical Romance,No suitable video
2/12/2005,If Heaven,Andy Griggs,No suitable video
2/19/2005,My Give A Damn's Busted,Jo Dee Messina,No suitable video
2/19/2005,Almost,Bowling For Soup,No suitable video
2/12/2005,Hate It Or Love It,The Game Featuring 50 Cent,No suitable video
2/19/2005,Signs,Snoop Dogg Featuring Charlie Wilson & Justin Timberlake,No suitable video
2/19/2005,Landed,Ben Folds,No suitable video
2/19/2005,Lonely No More,Rob Thomas,No suitable video
2/26/2005,Honkytonk U,Toby Keith,No suitable video
2/26/2005,Baby I'm Back,Baby Bash Featuring Akon,No suitable video
2/26/2005,Jerk It Out,Caesars,No suitable video
2/26/2005,We Will Become Silhouettes,The Postal Service,No suitable video
2/26/2005,What's A Guy Gotta Do,Joe Nichols,No suitable video
3/5/2005,Slow Down,Bobby Valentino,No suitable video
3/5/2005,"Sitting, Waiting, Wishing",Jack Johnson,No suitable video
3/12/2005,God's Will,Martina McBride,No suitable video
3/5/2005,Shut Up,Simple Plan,No suitable video
3/19/2005,How Could You,Mario,No suitable video
4/2/2005,Bitches Ain't S**t,Ben Folds,No suitable video
3/5/2005,U Already Know,112 Featuring Foxy Brown,No suitable video
3/19/2005,The Widow,The Mars Volta,No suitable video
3/26/2005,Be Yourself,Audioslave,No suitable video
3/26/2005,Drugs Or Jesus,Tim McGraw,No suitable video
3/26/2005,Oh,Ciara Featuring Ludacris,No suitable video
3/19/2005,Still Tippin',Mike Jones Featuring Slim Thug & Paul Wall,No suitable video
4/2/2005,Lot Of Leavin' Left To Do,Dierks Bentley,No suitable video
4/2/2005,Cry Baby/Piece Of My Heart,Melissa Etheridge & Joss Stone,No suitable video
4/16/2005,We Belong Together,Mariah Carey,No suitable video
4/23/2005,Behind These Hazel Eyes,Kelly Clarkson,No suitable video
4/16/2005,Do Somethin',Britney Spears,No suitable video
4/16/2005,Grind With Me,Pretty Ricky,No suitable video
3/26/2005,Homewrecker,Gretchen Wilson,No suitable video
4/23/2005,Incomplete,Backstreet Boys,No suitable video
4/30/2005,Breathe (2 AM),Anna Nalick,No suitable video
4/30/2005,Hello Tomorrow,Squeak E. Clean Featuring Karen O,No suitable video
4/30/2005,MJB Da MVP,Mary J. Blige Featuring The Game & 50 Cent,No suitable video
4/30/2005,I'll Take That As A Yes (The Hot Tub Song),Phil Vassar,No suitable video
5/7/2005,La Tortura,Shakira Feat. Alejandro Sanz,No suitable video
5/7/2005,Don't Cha,The Pussycat Dolls Featuring Busta Rhymes,No suitable video
5/7/2005,Speed Of Sound,Coldplay,No suitable video
5/21/2005,Home,Michael Buble,No suitable video
5/7/2005,When You Tell Me That You Love Me,American Idol Finalists Season 4,No suitable video
5/14/2005,Best Of You,Foo Fighters,No suitable video
5/21/2005,She's No You,Jesse McCartney,No suitable video
4/30/2005,Cater 2 U,Destiny's Child,No suitable video
5/21/2005,Untitled (How Can This Happen To Me?),Simple Plan,No suitable video
5/28/2005,Let Me Hold You,Bow Wow Featuring Omarion,No suitable video
5/28/2005,Feel Good Inc,Gorillaz,No suitable video
5/28/2005,Must Be Nice,Lyfe Jennings,No suitable video
6/4/2005,Pickin' Wildflowers,Keith Anderson,No suitable video
5/28/2005,How To Deal,Frankie J,No suitable video
6/18/2005,Energy,Natalie Featuring Baby Bash,No suitable video
6/11/2005,Don't Ask Me How I Know,Bobby Pinson,No suitable video
6/11/2005,Pon de Replay,Rihanna,No suitable video
6/4/2005,Listen To Your Heart,D.H.T.,No suitable video
6/18/2005,Like You,Daddy Yankee,No suitable video
6/25/2005,Summer Nights,Lil Rob,No suitable video
6/25/2005,Pump It,The Black Eyed Peas,No suitable video
6/25/2005,Touch,Omarion,No suitable video
6/11/2005,Mississippi Girl,Faith Hill,No suitable video
6/25/2005,Right Here,Staind,No suitable video
7/2/2005,These Words,Natasha Bedingfield,No suitable video
7/2/2005,"Sugar, We're Goin' Down",Fall Out Boy,No suitable video
7/2/2005,Alcohol,Brad Paisley,No suitable video
7/9/2005,The Talkin' Song Repair Blues,Alan Jackson,No suitable video
7/9/2005,Inside Your Heaven,Bo Bice,No suitable video
7/16/2005,This Is How A Heart Breaks,Rob Thomas,No suitable video
7/23/2005,And Then What,Young Jeezy Featuring Mannie Fresh,No suitable video
7/16/2005,Wordplay,Jason Mraz,No suitable video
7/23/2005,Play,David Banner,No suitable video
7/16/2005,Tell Me,Bobby Valentino,No suitable video
8/6/2005,Dirty Little Secret,The All-American Rejects,No suitable video
7/23/2005,Sgt. Pepper's Lonely Hearts Club Band,Paul McCartney With U2,No suitable video
7/30/2005,Welcome To Jamrock,"Damian ""Jr. Gong"" Marley",No suitable video
8/6/2005,Wake Me Up When September Ends,Green Day,No suitable video
7/30/2005,Shake It Off,Mariah Carey,No suitable video
8/13/2005,Hicktown,Jason Aldean,No suitable video
8/6/2005,Something To Be Proud Of,Montgomery Gentry,No suitable video
8/6/2005,Like You,Bow Wow Featuring Ciara,No suitable video
8/20/2005,All Jacked Up,Gretchen Wilson,No suitable video
9/3/2005,Wake Up,Hilary Duff,No suitable video
8/27/2005,I'm Sprung,T-Pain,No suitable video
9/3/2005,Probably Wouldn't Be This Way,LeAnn Rimes,No suitable video
8/27/2005,All These Things That I've Done,The Killers,No suitable video
9/10/2005,Better Life,Keith Urban,No suitable video
9/10/2005,Girl Tonite,Twista Featuring Trey Songz,No suitable video
9/24/2005,Skin (Sarabeth),Rascal Flatts,No suitable video
9/17/2005,More Than Words,Frankie J,No suitable video
9/17/2005,We Be Burnin',Sean Paul,No suitable video
9/24/2005,Boyfriend,Ashlee Simpson,No suitable video
9/24/2005,Lighters Up,Lil' Kim,No suitable video
9/24/2005,If You Were Mine,Marcos Hernandez,No suitable video
10/1/2005,Unbreakable,Alicia Keys,No suitable video
9/24/2005,Come A Little Closer,Dierks Bentley,No suitable video
10/1/2005,Fix You,Coldplay,No suitable video
10/1/2005,Laffy Taffy,D4L,No suitable video
10/8/2005,Stricken,Disturbed,No suitable video
10/8/2005,Like We Never Loved At All,Faith Hill,No suitable video
10/8/2005,I Should Have Cheated,Keyshia Cole,No suitable video
10/8/2005,Soul Meets Body,Death Cab For Cutie,No suitable video
10/1/2005,Who Did You Think I Was,John Mayer Trio,No suitable video
10/8/2005,Who You'd Be Today,Kenny Chesney,No suitable video
10/15/2005,Tequila Makes Her Clothes Fall Off,Joe Nichols,No suitable video
10/22/2005,If It's Lovin' That You Want,Rihanna,No suitable video
10/22/2005,Pretty Vegas,INXS,No suitable video
10/22/2005,Juicebox,The Strokes,No suitable video
10/22/2005,Must Be Doin' Somethin' Right,Billy Currington,No suitable video
10/29/2005,Only,Nine Inch Nails,No suitable video
10/29/2005,Boondocks,Little Big Town,No suitable video
10/22/2005,Don't Forget About Us,Mariah Carey,No suitable video
11/5/2005,Hung Up,Madonna,No suitable video
10/8/2005,Here We Go,Trina Featuring Kelly Rowland,No suitable video
11/5/2005,Can I Have It Like That,Pharrell Featuring Gwen Stefani,No suitable video
11/5/2005,"Dance, Dance",Fall Out Boy,No suitable video
11/5/2005,Hypnotize,System Of A Down,No suitable video
11/5/2005,Don't Bother,Shakira,No suitable video
11/19/2005,Check On It,Beyonce Featuring Slim Thug,No suitable video
11/12/2005,Window Shopper,50 Cent,No suitable video
11/26/2005,Kryptonite (I'm On It),Purple Ribbon All-Stars,No suitable video
11/19/2005,Save Me,Shinedown,No suitable video
12/3/2005,When I Get Where I'm Going,Brad Paisley Featuring Dolly Parton,No suitable video
11/26/2005,Be Without You,Mary J. Blige,No suitable video
11/12/2005,You're Beautiful,James Blunt,No suitable video
11/12/2005,Bat Country,Avenged Sevenfold,No suitable video
12/3/2005,Unpredictable,Jamie Foxx Featuring Ludacris,No suitable video
12/3/2005,Comin' To Your City,Big & Rich,No suitable video
12/3/2005,Gotta Go,Trey Songz,No suitable video
12/10/2005,So Sick,Ne-Yo,No suitable video
12/17/2005,Kerosene,Miranda Lambert,No suitable video
12/10/2005,Unwritten,Natasha Bedingfield,No suitable video
12/17/2005,Hit The Floor,Twista Featuring Pitbull,No suitable video
12/17/2005,Welcome 2 Detroit,Trick-Trick Featuring Eminem,No suitable video
12/24/2005,Shake That,Eminem Featuring Nate Dogg,No suitable video
12/31/2005,She Don't Tell Me To,Montgomery Gentry,No suitable video
12/24/2005,Your Man,Josh Turner,No suitable video
12/31/2005,I'm N Luv (Wit A Stripper),T-Pain Featuring Mike Jones,No suitable video
12/31/2005,Tonight I Wanna Cry,Keith Urban,No suitable video
1/21/2006,Ever The Same,Rob Thomas,No suitable video
1/14/2006,The Ghost Of You,My Chemical Romance,No suitable video
1/21/2006,Temperature,Sean Paul,No suitable video
1/28/2006,Living In Fast Forward,Kenny Chesney,No suitable video
1/28/2006,Upside Down,Jack Johnson,No suitable video
2/4/2006,Beep,The Pussycat Dolls Featuring will.i.am,No suitable video
1/28/2006,Oh Yes (aka 'Postman'),Juelz Santana,No suitable video
1/28/2006,Nobody But Me,Blake Shelton,No suitable video
2/4/2006,Love,Keyshia Cole,No suitable video
2/4/2006,Breaking Free,"Zac Efron, Andrew Seeley & Vanessa Anne Hudgens",No suitable video
2/4/2006,Get'cha Head In The Game,Andrew Seeley,No suitable video
2/11/2006,Stick To The Status Quo,High School Musical Cast,No suitable video
2/11/2006,Goodbye For Now,P.O.D.,No suitable video
2/11/2006,Start Of Something New,"Zac Efron, Andrew Seeley & Vanessa Anne Hudgens",No suitable video
2/11/2006,When There Was Me And You,Vanessa Anne Hudgens,No suitable video
2/18/2006,In My Mind,Heather Headley,No suitable video
2/11/2006,What I've Been Looking For (Reprise),Andrew Seeley & Vanessa Anne Hudgens,No suitable video
2/18/2006,For You I Will (Confidence),Teddy Geiger,No suitable video
2/18/2006,What Hurts The Most,Rascal Flatts,No suitable video
2/18/2006,Goodbye My Lover,James Blunt,No suitable video
2/25/2006,In The Sun,Michael Stipe,No suitable video
2/25/2006,Girl Next Door,Saving Jane,No suitable video
2/25/2006,SOS,Rihanna,No suitable video
2/25/2006,Bad Day,Daniel Powter,No suitable video
3/11/2006,Wings Of A Butterfly,HIM,No suitable video
3/11/2006,What's Left Of Me,Nick Lachey,No suitable video
3/4/2006,Tell Me When To Go,E-40 Featuring Keak Da Sneak,No suitable video
3/18/2006,Can't Let Go,Anthony Hamilton,No suitable video
3/11/2006,Best Friend,50 Cent & Olivia,No suitable video
3/18/2006,Always On Your Side,Sheryl Crow & Sting,No suitable video
3/18/2006,I Write Sins Not Tragedies,Panic! At The Disco,No suitable video
3/18/2006,When You're Mad,Ne-Yo,No suitable video
3/25/2006,Something's Gotta Give,LeAnn Rimes,No suitable video
3/25/2006,Black Horse & The Cherry Tree,KT Tunstall,No suitable video
4/1/2006,Gold Lion,Yeah Yeah Yeahs,No suitable video
4/15/2006,Say I,Christina Milian Featuring Young Jeezy,No suitable video
4/1/2006,The Only Difference Between Martyrdom And Suicide Is Press Coverage,Panic! At The Disco,No suitable video
4/8/2006,The Lucky One,Faith Hill,No suitable video
4/8/2006,"A Little Less Sixteen Candles, A Little More Touch Me",Fall Out Boy,No suitable video
4/1/2006,Hips Don't Lie,Shakira Featuring Wyclef Jean,No suitable video
4/8/2006,Snap Yo Fingers,Lil Jon Featuring E-40 & Sean Paul Of The YoungBloodZ,No suitable video
4/15/2006,Size Matters (Someday),Joe Nichols,No suitable video
4/22/2006,So What,Field Mob Featuring Ciara,No suitable video
4/29/2006,Me & U,Cassie,No suitable video
4/22/2006,Every Time I Hear Your Name,Keith Anderson,No suitable video
4/22/2006,Enough Cryin,Mary J. Blige Featuring Brook-Lyn,No suitable video
4/29/2006,Why You Wanna,T.I.,No suitable video
4/29/2006,The Adventure,Angels & Airwaves,No suitable video
4/22/2006,Good Luck Charm,Jagged Edge,No suitable video
4/22/2006,Dani California,Red Hot Chili Peppers,No suitable video
4/29/2006,Summertime,Kenny Chesney,No suitable video
4/29/2006,The Seashores Of Old Mexico,George Strait,No suitable video
4/29/2006,Say Somethin',Mariah Carey Featuring Snoop Dogg,No suitable video
4/29/2006,Hate Me,Blue October,No suitable video
5/6/2006,The World,Brad Paisley,No suitable video
4/29/2006,Save The Last Dance For Me,Michael Buble,No suitable video
5/13/2006,Miss Murder,AFI,No suitable video
5/6/2006,MakeDamnSure,Taking Back Sunday,No suitable video
5/20/2006,Doing Too Much,Paula DeAnda Featuring Baby Bash,No suitable video
5/20/2006,Crazy Bitch,Buckcherry,No suitable video
5/20/2006,Promiscuous,Nelly Furtado Featuring Timbaland,No suitable video
5/20/2006,Do It To It,Cherish Featuring Sean Paul Of The YoungBloodZ,No suitable video
5/20/2006,Hustlin',Rick Ross,No suitable video
5/20/2006,Life Ain't Always Beautiful,Gary Allan,No suitable video
5/6/2006,Not Ready To Make Nice,Dixie Chicks,No suitable video
5/27/2006,Buttons,The Pussycat Dolls Featuring Snoop Dogg,No suitable video
5/6/2006,DJ Play A Love Song,Jamie Foxx Featuring Twista,No suitable video
5/20/2006,Crazy,Gnarls Barkley,No suitable video
5/20/2006,Bossy,Kelis Featuring Too $hort,No suitable video
6/3/2006,Chasing Cars,Snow Patrol,No suitable video
5/27/2006,U And Dat,E-40 Featuring T-Pain & Kandi Girl,No suitable video
5/27/2006,"Steady, As She Goes",The Raconteurs,No suitable video
6/3/2006,I Got You,Craig Morgan,No suitable video
6/3/2006,A Little Too Late,Toby Keith,No suitable video
6/10/2006,Wanted Dead Or Alive,Chris Daughtry,No suitable video
6/3/2006,Snow ((Hey Oh)),Red Hot Chili Peppers,No suitable video
6/3/2006,I Am Not My Hair,India.Arie,No suitable video
6/17/2006,One,Mary J. Blige And U2,No suitable video
6/17/2006,Shoulder Lean,Young Dro Featuring T.I.,No suitable video
6/10/2006,(When You Gonna) Give It Up To Me,Sean Paul Feat. Keyshia Cole,No suitable video
6/24/2006,Ain't No Other Man,Christina Aguilera,No suitable video
6/10/2006,Bring It On Home,Little Big Town,No suitable video
6/24/2006,Sexy Love,Ne-Yo,No suitable video
6/24/2006,Why We Thugs,Ice Cube,No suitable video
6/17/2006,Life Is A Highway,Rascal Flatts,No suitable video
7/1/2006,Ghetto Story Chapter 2,Cham Featuring Alicia Keys,No suitable video
7/8/2006,Swing,Trace Adkins,No suitable video
7/1/2006,Deja Vu,Beyonce Featuring Jay Z,No suitable video
7/1/2006,Brand New Girlfriend,Steve Holy,No suitable video
6/24/2006,Angelito,Don Omar,No suitable video
7/8/2006,Call On Me,Janet & Nelly,No suitable video
7/15/2006,Yee Haw,Jake Owen,No suitable video
7/22/2006,8th Of November,Big & Rich,No suitable video
8/5/2006,Invisible,Ashlee Simpson,No suitable video
7/15/2006,A Public Affair,Jessica Simpson,No suitable video
7/22/2006,How 'Bout You,Eric Church,No suitable video
7/15/2006,Would You Go With Me,Josh Turner,No suitable video
8/5/2006,I Call It Love,Lionel Richie,No suitable video
7/29/2006,Lips Of An Angel,Hinder,No suitable video
8/5/2006,S.E.X.,Lyfe Jennings,No suitable video
8/5/2006,Number One,Pharrell Featuring Kanye West,No suitable video
7/29/2006,Waiting On The World To Change,John Mayer,No suitable video
8/5/2006,The Kill (Bury Me),30 Seconds To Mars,No suitable video
8/12/2006,Need A Boss,Shareefa Featuring Ludacris,No suitable video
8/5/2006,Original Fire,Audioslave,No suitable video
8/19/2006,Through Glass,Stone Sour,No suitable video
8/19/2006,Everytime Tha Beat Drop,Monica Featuring Dem Franchize Boyz,No suitable video
7/29/2006,Suddenly I See,KT Tunstall,No suitable video
8/19/2006,Chain Hang Low,Jibbs,No suitable video
8/26/2006,Money Maker,Ludacris Featuring Pharrell,No suitable video
8/26/2006,That Girl,Frankie J Featuring Mannie Fresh & Chamillionaire,No suitable video
9/2/2006,It's Okay (One Blood),The Game Featuring Junior Reid,No suitable video
8/26/2006,When You Were Young,The Killers,No suitable video
8/19/2006,About Us,Brooke Hogan Featuring Paul Wall,No suitable video
8/26/2006,Every Mile A Memory,Dierks Bentley,No suitable video
9/9/2006,Ride For You,Danity Kane,No suitable video
9/9/2006,Feels Just Like It Should,Pat Green,No suitable video
9/2/2006,Tell Me Baby,Red Hot Chili Peppers,No suitable video
9/23/2006,Ring The Alarm,Beyonce,No suitable video
9/23/2006,Walk It Out,Unk,No suitable video
9/16/2006,Stuntin' Like My Daddy,Birdman & Lil Wayne,No suitable video
9/16/2006,You Save Me,Kenny Chesney,No suitable video
9/30/2006,Chemicals React,Aly & AJ,No suitable video
9/30/2006,Come Back To Me,Vanessa Hudgens,No suitable video
9/30/2006,Maneater,Nelly Furtado,No suitable video
9/30/2006,Money In The Bank,Lil Scrappy Featuring Young Buck,No suitable video
10/7/2006,Nothing Left To Lose,Mat Kearney,No suitable video
9/30/2006,Ni Una Sola Palabra,Paulina Rubio,No suitable video
10/7/2006,Take Me As I Am,Mary J. Blige,No suitable video
10/7/2006,Like Red On A Rose,Alan Jackson,No suitable video
10/14/2006,White & Nerdy,"""Weird Al"" Yankovic",No suitable video
10/14/2006,Unappreciated,Cherish,No suitable video
10/7/2006,Smack That,Akon Featuring Eminem,No suitable video
10/14/2006,It Ends Tonight,The All-American Rejects,No suitable video
10/14/2006,So Excited,Janet Featuring Khia,No suitable video
10/14/2006,Hurt,Christina Aguilera,No suitable video
10/28/2006,Some People Change,Montgomery Gentry,No suitable video
10/28/2006,Love You,Jack Ingram,No suitable video
10/21/2006,Boston,Augustana,No suitable video
10/21/2006,Canadian Idiot,"""Weird Al"" Yankovic",No suitable video
10/21/2006,Walk Away (Remember Me),Paula DeAnda Featuring The DEY,No suitable video
11/4/2006,Irreplaceable,Beyonce,No suitable video
11/4/2006,The Pick Of Destiny,Tenacious D,No suitable video
10/21/2006,She's Everything,Brad Paisley,No suitable video
11/11/2006,Save Room,John Legend,No suitable video
11/4/2006,Long Way 2 Go,Cassie,No suitable video
11/11/2006,I Got Nerve,Hannah Montana,No suitable video
11/11/2006,Just Like You,Hannah Montana,No suitable video
11/11/2006,The Other Side Of Me,Hannah Montana,No suitable video
11/11/2006,Pumpin' Up The Party,Hannah Montana,No suitable video
11/18/2006,Red High Heels,Kellie Pickler,No suitable video
11/18/2006,Upgrade U,Beyonce Featuring Jay Z,No suitable video
11/18/2006,Wind It Up,Gwen Stefani,No suitable video
11/25/2006,Say It Right,Nelly Furtado,No suitable video
11/18/2006,Make It Rain,Fat Joe Featuring Lil Wayne,No suitable video
11/18/2006,Hate (I Really Don't Like You),Plain White T's,No suitable video
11/25/2006,A La Primera Persona,Alejandro Sanz,No suitable video
11/25/2006,Wait A Minute,The Pussycat Dolls Featuring Timbaland,No suitable video
11/25/2006,High School Never Ends,Bowling For Soup,No suitable video
11/25/2006,Promise,Ciara,No suitable video
12/2/2006,That's That,Snoop Dogg Featuring R. Kelly,No suitable video
12/2/2006,Let's Ride,The Game,No suitable video
12/23/2006,Hip Hop Is Dead,Nas Featuring will.i.am,No suitable video
12/16/2006,Ice Box,Omarion,No suitable video
12/16/2006,Zoom,Lil' Boosie Featuring Yung Joc,No suitable video
12/23/2006,Lost Without U,Robin Thicke,No suitable video
12/23/2006,Into The Ocean,Blue October,No suitable video
12/23/2006,Ladies Love Country Boys,Trace Adkins,No suitable video
12/23/2006,What Goes Around...Comes Around,Justin Timberlake,No suitable video
12/23/2006,A Great Big Sled,The Killers Featuring Toni Halliday,No suitable video
12/23/2006,You Don't Know,"Eminem, 50 Cent, Lloyd Banks & Ca$his",No suitable video
12/23/2006,River,Sarah McLachlan,No suitable video
12/30/2006,Happy Xmas (War Is Over),The Fray,No suitable video
12/30/2006,Fidelity,Regina Spektor,No suitable video
12/30/2006,Love Like Winter,AFI,No suitable video
1/27/2007,Jump To The Rhythm,Jordan Pruitt,No suitable video
1/20/2007,Doe Boy Fresh,Three 6 Mafia Featuring Chamillionaire,No suitable video
1/13/2007,Alyssa Lies,Jason Michael Carroll,No suitable video
12/30/2006,The Way I Live,Baby Boy Da Prince Featuring Lil Boosie,No suitable video
1/6/2007,Listen,Beyonce,No suitable video
1/20/2007,Candyman,Christina Aguilera,No suitable video
1/27/2007,"My, Oh My",The Wreckers,No suitable video
2/10/2007,Buddy,Musiq Soulchild,No suitable video
2/10/2007,Phantom Limb,The Shins,No suitable video
2/10/2007,The River,Good Charlotte Featuring M. Shadows And Synyster Gates,No suitable video
2/3/2007,From Yesterday,30 Seconds To Mars,No suitable video
2/10/2007,Famous Last Words,My Chemical Romance,No suitable video
2/17/2007,Say OK,Vanessa Hudgens,No suitable video
2/17/2007,Crazy Car,The Naked Brothers Band,No suitable video
2/24/2007,Not Fade Away,Sheryl Crow,No suitable video
2/24/2007,Outside Looking In,Jordan Pruitt,No suitable video
2/17/2007,I'll Wait For You,Joe Nichols,No suitable video
2/24/2007,2 Step,Unk,No suitable video
3/3/2007,Flathead,The Fratellis,No suitable video
2/24/2007,Rock Yo Hips,Crime Mob Featuring Lil Scrappy,No suitable video
3/3/2007,I'm A Flirt,R. Kelly Or Bow Wow (Featuring T.I. & T-Pain),No suitable video
3/10/2007,Break 'Em Off,Paul Wall Featuring Lil' KeKe,No suitable video
3/10/2007,Keep Your Mind Wide Open,AnnaSophia Robb,No suitable video
3/10/2007,Circle,Marques Houston,No suitable video
3/3/2007,Read My Mind,The Killers,No suitable video
3/10/2007,"Pop, Lock & Drop It",Huey,No suitable video
3/17/2007,Because Of You,Ne-Yo,No suitable video
3/17/2007,Like A Boy,Ciara,No suitable video
3/10/2007,Buy U A Drank (Shawty Snappin'),T-Pain Featuring Yung Joc,No suitable video
3/17/2007,Freak On A Leash (Unplugged),Korn Featuring Amy Lee,No suitable video
3/31/2007,Like This,Kelly Rowland Featuring Eve,No suitable video
3/17/2007,Girlfriend,Avril Lavigne,No suitable video
3/24/2007,Please Don't Go,Tank,No suitable video
3/31/2007,With Love,Hilary Duff,No suitable video
3/17/2007,The Neighbor,Dixie Chicks,No suitable video
4/7/2007,Who Knew,P!nk,No suitable video
3/31/2007,Beautiful Liar,Beyonce & Shakira,No suitable video
4/7/2007,Lost In This Moment,Big & Rich,No suitable video
4/14/2007,Forever,Papa Roach,No suitable video
4/21/2007,Diamonds,Fabolous Featuring Young Jeezy,No suitable video
4/14/2007,I Tried,Bone Thugs-N-Harmony Featuring Akon,No suitable video
5/5/2007,Lucky Man,Montgomery Gentry,No suitable video
4/14/2007,Love Today,MIKA,No suitable video
4/14/2007,Ticks,Brad Paisley,No suitable video
4/28/2007,Thnks Fr Th Mmrs,Fall Out Boy,No suitable video
5/5/2007,Don't Make Me,Blake Shelton,No suitable video
4/28/2007,Umbrella,Rihanna Featuring Jay-Z,No suitable video
5/5/2007,Big Girls Don't Cry,Fergie,No suitable video
5/12/2007,Sexy Lady,Yung Berg Featuring Junior,No suitable video
5/12/2007,If I Was Your Man,Joe,No suitable video
5/12/2007,Signal Fire,Snow Patrol,No suitable video
5/12/2007,You Raise Me Up,Josh Groban & The African Children's Choir,No suitable video
5/12/2007,Up To The Mountain,Kelly Clarkson Featuring Jeff Beck,No suitable video
5/12/2007,I'll Stand By You,Carrie Underwood,No suitable video
5/12/2007,I Don't Need A Man,The Pussycat Dolls,No suitable video
5/12/2007,Wipe Me Down,Lil Boosie Featuring Foxx & Webbie,No suitable video
5/26/2007,Get Me Bodied,Beyonce,No suitable video
5/26/2007,Tambourine,Eve,No suitable video
5/26/2007,All Good Things (Come To An End),Nelly Furtado,No suitable video
5/5/2007,When You're Gone,Avril Lavigne,No suitable video
5/26/2007,Anonymous,Bobby Valentino Featuring Timbaland,No suitable video
5/26/2007,Impacto,Daddy Yankee Featuring Fergie,No suitable video
5/26/2007,teachme,Musiq Soulchild,No suitable video
6/2/2007,Bubbly,Colbie Caillat,No suitable video
5/26/2007,First Time,Lifehouse,No suitable video
6/9/2007,Lip Gloss,Lil Mama,No suitable video
6/9/2007,Make Me Better,Fabolous Featuring Ne-Yo,No suitable video
6/9/2007,Tarantula,The Smashing Pumpkins,No suitable video
6/9/2007,Big Things Poppin' (Do It),T.I.,No suitable video
6/9/2007,I Who Have Nothing,Jordin Sparks,No suitable video
6/9/2007,A Broken Wing,Jordin Sparks,No suitable video
6/9/2007,Beautiful Girls,Sean Kingston,No suitable video
6/9/2007,You Give Love A Bad Name,Blake Lewis,No suitable video
6/9/2007,Time Of The Season,Blake Lewis,No suitable video
6/16/2007,Beautiful Flower,India.Arie,No suitable video
6/16/2007,Do You,Ne-Yo,No suitable video
6/16/2007,Wall To Wall,Chris Brown,No suitable video
6/16/2007,Startin' With Me,Jake Owen,No suitable video
6/23/2007,I Wonder,Kellie Pickler,No suitable video
7/7/2007,How Do I Breathe,Mario,No suitable video
6/30/2007,Shawty,Plies Featuring T-Pain,No suitable video
7/21/2007,Misery Business,Paramore,No suitable video
6/16/2007,Bartender,T-Pain Featuring Akon,No suitable video
7/14/2007,Because Of You,Reba McEntire Duet With Kelly Clarkson,No suitable video
6/30/2007,Teenagers,My Chemical Romance,No suitable video
7/21/2007,Before It's Too Late (Sam And Mikaela's Theme),Goo Goo Dolls,No suitable video
7/7/2007,Let It Go,Keyshia Cole Featuring Missy Elliott & Lil Kim,No suitable video
7/21/2007,Cupid Shuffle,Cupid,No suitable video
8/4/2007,Bed,J. Holiday,No suitable video
7/28/2007,Crank That (Soulja Boy),Soulja Boy Tell'em,No suitable video
8/4/2007,Stranger,Hilary Duff,No suitable video
8/4/2007,Online,Brad Paisley,No suitable video
8/11/2007,Cyclone,Baby Bash Featuring T-Pain,No suitable video
8/4/2007,"Sorry, Blame It On Me",Akon,No suitable video
8/18/2007,Free And Easy (Down The Road I Go),Dierks Bentley,No suitable video
8/4/2007,You Can't Stop The Beat,Cast Of Hairspray,No suitable video
8/18/2007,Can U Believe,Robin Thicke,No suitable video
8/18/2007,All My Friends Say,Luke Bryan,No suitable video
8/4/2007,What Time Is It,High School Musical 2 Cast,No suitable video
8/25/2007,I Got It From My Mama,will.i.am,No suitable video
8/18/2007,Me Love,Sean Kingston,No suitable video
8/25/2007,Wake Up Call,Maroon 5,No suitable video
9/1/2007,Gotta Go My Own Way,Zac Efron & Vanessa Anne Hudgens,No suitable video
9/1/2007,Bet On It,Zac Efron,No suitable video
9/1/2007,You Are The Music In Me,Zac Efron & Vanessa Anne Hudgens,No suitable video
9/1/2007,All For One,High School Musical 2 Cast,No suitable video
9/8/2007,I Get Money,50 Cent,No suitable video
9/1/2007,Everyday,Zac Efron & Vanessa Anne Hudgens,No suitable video
9/1/2007,I Don't Dance,Corbin Bleu & Lucas Grabeel,No suitable video
9/22/2007,Gimme More,Britney Spears,No suitable video
9/22/2007,Shawty Is A 10,The-Dream,No suitable video
9/15/2007,How Far We've Come,matchbox twenty,No suitable video
9/15/2007,Wadsyaname,Nelly,No suitable video
9/15/2007,Baby Don't Go,Fabolous Featuring Jermaine Dupri,No suitable video
9/22/2007,I Don't Wanna Be In Love (Dance Floor Anthem),Good Charlotte,No suitable video
9/15/2007,Livin' Our Love Song,Jason Michael Carroll,No suitable video
9/22/2007,Don't Blink,Kenny Chesney,No suitable video
9/29/2007,Sweetest Girl (Dollar Bill),"Wyclef Jean Featuring Akon, Lil Wayne & Niia",No suitable video
9/29/2007,Firecracker,Josh Turner,No suitable video
9/22/2007,No One,Alicia Keys,No suitable video
9/29/2007,My Drink N' My 2 Step,Cassidy Featuring Swizz Beatz,No suitable video
10/13/2007,Nothin' Better To Do,LeAnn Rimes,No suitable video
10/6/2007,Can't Help But Wait,Trey Songz,No suitable video
10/6/2007,Duffle Bag Boy,Playaz Circle Featuring Lil Wayne,No suitable video
10/6/2007,1973,James Blunt,No suitable video
10/13/2007,Hypnotized,Plies Featuring Akon,No suitable video
9/29/2007,Kiss Kiss,Chris Brown Featuring T-Pain,No suitable video
10/6/2007,Famous In A Small Town,Miranda Lambert,No suitable video
10/13/2007,The Way I Am,Ingrid Michaelson,No suitable video
10/13/2007,Shoulda Let You Go,Keyshia Cole Introducing Amina,No suitable video
10/20/2007,Into The Night,Santana Featuring Chad Kroeger,No suitable video
10/20/2007,What Do Ya Think About That,Montgomery Gentry,No suitable video
10/27/2007,Stay,Sugarland,No suitable video
11/3/2007,Love Like This,Natasha Bedingfield Featuring Sean Kingston,No suitable video
11/3/2007,Shadowplay,The Killers,No suitable video
11/3/2007,Just Fine,Mary J. Blige,No suitable video
10/27/2007,As If,Sara Evans,No suitable video
11/10/2007,Winner At A Losing Game,Rascal Flatts,No suitable video
11/10/2007,Another Side Of You,Joe Nichols,No suitable video
11/10/2007,Empty Walls,Serj Tankian,No suitable video
11/10/2007,Watching Airplanes,Gary Allan,No suitable video
11/10/2007,Low,Flo Rida Featuring T-Pain,No suitable video
11/17/2007,Piece Of Me,Britney Spears,No suitable video
11/17/2007,Pop Bottles,Birdman Featuring Lil Wayne,No suitable video
11/17/2007,Love Song,Sara Bareilles,No suitable video
11/17/2007,Take You There,Sean Kingston,No suitable video
11/24/2007,Get Buck In Here,"DJ Felli Fel Featuring Diddy, Akon, Ludacris & Lil Jon",No suitable video
11/24/2007,Like You'll Never See Me Again,Alicia Keys,No suitable video
12/1/2007,Calabria 2008,Enur Featuring Natasja,No suitable video
12/1/2007,Stealing Cinderella,Chuck Wicks,No suitable video
12/1/2007,Letter To Me,Brad Paisley,No suitable video
12/15/2007,Sensual Seduction,Snoop Dogg,No suitable video
11/24/2007,Suffocate,J. Holiday,No suitable video
12/8/2007,Hot,Avril Lavigne,No suitable video
12/15/2007,Still Will,50 Cent Featuring Akon,No suitable video
12/15/2007,Work That,Mary J. Blige,No suitable video
12/29/2007,If I Had Eyes,Jack Johnson,No suitable video
12/29/2007,crushcrushcrush,Paramore,No suitable video
12/29/2007,Superstar,Lupe Fiasco Featuring Matthew Santos,No suitable video
12/29/2007,Stop And Stare,OneRepublic,No suitable video
12/22/2007,Sorry,Buckcherry,No suitable video
12/29/2007,Won't Go Home Without You,Maroon 5,No suitable video
12/29/2007,I Remember,Keyshia Cole,No suitable video
1/12/2008,Feedback,Janet,No suitable video
1/12/2008,Citizen/Soldier,3 Doors Down,No suitable video
1/19/2008,Shiftwork,Kenny Chesney Duet With George Strait,No suitable video
1/19/2008,Start All Over,Miley Cyrus,No suitable video
1/5/2008,What Is It,Baby Bash Featuring Sean Kingston,No suitable video
1/19/2008,Our Time Now,Plain White T's,No suitable video
1/12/2008,All Around Me,Flyleaf,No suitable video
1/26/2008,What Hurts The Most,Cascada,No suitable video
1/26/2008,Anyone Else But You,Michael Cera & Ellen Page,No suitable video
2/2/2008,Laughed Until We Cried,Jason Aldean,No suitable video
1/19/2008,No Air,Jordin Sparks Duet With Chris Brown,No suitable video
1/26/2008,Falsetto,The-Dream,No suitable video
1/12/2008,Leave It All To Me (iCarly Theme Song),Miranda Cosgrove Featuring Drake Bell,No suitable video
2/2/2008,Girls In Their Summer Clothes,Bruce Springsteen,No suitable video
2/2/2008,Long Road To Ruin,Foo Fighters,No suitable video
2/16/2008,You're Gonna Miss This,Trace Adkins,No suitable video
2/16/2008,Rock Star,Hannah Montana,No suitable video
2/9/2008,Pocketful Of Sunshine,Natasha Bedingfield,No suitable video
2/9/2008,Wanna Be Startin' Somethin' 2008,Michael Jackson With Akon,No suitable video
2/16/2008,YAHHH!,Soulja Boy Tell'em Featuring Arab,No suitable video
2/16/2008,New Soul,Yael Naim,No suitable video
3/1/2008,She Got It,2 Pistols Featuring T-Pain & Tay Dizm,No suitable video
3/1/2008,The Prayer (Live),Celine Dion & Josh Groban,No suitable video
3/1/2008,Elevator,Flo Rida Featuring Timbaland,No suitable video
3/1/2008,Bleeding Love,Leona Lewis,No suitable video
3/1/2008,Touch My Body,Mariah Carey,No suitable video
2/23/2008,I'll Be Waiting,Lenny Kravitz,No suitable video
2/16/2008,Nine In The Afternoon,Panic! At The Disco,No suitable video
3/8/2008,Shake Your Pom Pom,Missy Elliott,No suitable video
3/8/2008,It's Not My Time,3 Doors Down,No suitable video
3/15/2008,Who The F*** Is That?,Dolla Featuring T-Pain & Tay Dizm,No suitable video
3/8/2008,Just Got Started Lovin' You,James Otto,No suitable video
3/15/2008,Love Don't Live Here,Lady Antebellum,No suitable video
3/8/2008,It's Good To Be Us,Bucky Covington,No suitable video
3/15/2008,Break The Ice,Britney Spears,No suitable video
4/5/2008,Go On Girl,Ne-Yo,No suitable video
3/29/2008,I'm Still A Guy,Brad Paisley,No suitable video
3/29/2008,Every Day,Rascal Flatts,No suitable video
3/29/2008,Diamond Girl,Ryan Leslie,No suitable video
3/15/2008,What You Got,Colby O'Donis Featuring Akon,No suitable video
3/29/2008,Damaged,Danity Kane,No suitable video
4/12/2008,I Will Possess Your Heart,Death Cab For Cutie,No suitable video
4/12/2008,Inside The Fire,Disturbed,No suitable video
4/12/2008,Party People,Nelly Featuring Fergie,No suitable video
4/12/2008,Bust It Baby Part 2,Plies Featuring Ne-Yo,No suitable video
4/19/2008,Back When I Knew It All,Montgomery Gentry,No suitable video
4/19/2008,Supernatural Superserious,R.E.M.,No suitable video
4/19/2008,Things That Never Cross A Man's Mind,Kellie Pickler,No suitable video
4/19/2008,Last Time,Trey Songz,No suitable video
4/19/2008,Lost,Michael Buble,No suitable video
4/26/2008,Many Rivers To Cross,Annie Lennox,No suitable video
4/19/2008,Shake It,Metro Station,No suitable video
4/26/2008,Better In Time,Leona Lewis,No suitable video
4/26/2008,Shout To The Lord,American Idol Top 8,No suitable video
4/26/2008,Home,Blake Shelton,No suitable video
4/12/2008,Beat It,Fall Out Boy Featuring John Mayer,No suitable video
4/26/2008,Handlebars,Flobots,No suitable video
5/10/2008,Little Miss Obsessive,Ashlee Simpson With Tom Higgenson,No suitable video
5/3/2008,Bye Bye,Mariah Carey,No suitable video
5/3/2008,Closer,Ne-Yo,No suitable video
5/10/2008,Get Silly,V.I.C.,No suitable video
5/10/2008,I Like The Way She Do It,G Unit,No suitable video
5/3/2008,I'm Yours,Jason Mraz,No suitable video
5/17/2008,There's Nothin,Sean Kingston Featuring Elan & Juelz Santana,No suitable video
5/10/2008,I Luv Your Girl,The-Dream,No suitable video
5/24/2008,Viva La Vida,Coldplay,No suitable video
5/17/2008,Heaven Sent,Keyshia Cole,No suitable video
5/17/2008,We Made It,Busta Rhymes Featuring Linkin Park,No suitable video
5/10/2008,Leavin',Jesse McCartney,No suitable video
5/24/2008,Violet Hill,Coldplay,No suitable video
5/24/2008,Dangerous,Kardinal Offishall Featuring Akon,No suitable video
5/24/2008,Teenage Love Affair,Alicia Keys,No suitable video
5/24/2008,I Kissed A Girl,Katy Perry,No suitable video
5/31/2008,Lucky,Jason Mraz & Colbie Caillat,No suitable video
5/24/2008,Get Like Me,David Banner Featuring Chris Brown,No suitable video
5/31/2008,Summertime,New Kids On The Block,No suitable video
6/7/2008,I'm Alive,David Cook,No suitable video
5/24/2008,Move Shake Drop,DJ Laz Featuring Flo Rida & Casely,No suitable video
6/7/2008,Don't Let The Sun Go Down On Me,David Archuleta,No suitable video
6/7/2008,Hello,David Cook,No suitable video
6/7/2008,The Music Of The Night,David Cook,No suitable video
6/7/2008,In This Moment,David Archuleta,No suitable video
6/7/2008,Always Be My Baby,David Cook,No suitable video
6/7/2008,I Don't Want To Miss A Thing,David Cook,No suitable video
6/7/2008,Imagine,David Archuleta,No suitable video
6/7/2008,Eleanor Rigby,David Cook,No suitable video
6/7/2008,The Time Of My Life,David Cook,No suitable video
6/7/2008,The World I Know,David Cook,No suitable video
6/7/2008,I Still Haven't Found What I'm Looking For,David Cook,No suitable video
6/14/2008,When I Grow Up,The Pussycat Dolls,No suitable video
6/14/2008,Another Try,Josh Turner Featuring Trisha Yearwood,No suitable video
6/7/2008,Billie Jean,David Cook,No suitable video
6/21/2008,Love Remains The Same,Gavin Rossdale,No suitable video
6/14/2008,Love Is Gone,David Guetta & Chris Willis,No suitable video
6/21/2008,Lookin Boy,Hot Stylz Featuring Yung Joc,No suitable video
6/21/2008,7 Things,Miley Cyrus,No suitable video
6/7/2008,Dream Big,David Cook,No suitable video
6/21/2008,That's What You Get,Paramore,No suitable video
6/21/2008,Indestructible,Disturbed,No suitable video
6/28/2008,Body On Me,Nelly Featuring Ashanti & Akon,No suitable video
7/5/2008,In The Ayer,Flo Rida Featuring will.i.am,No suitable video
6/28/2008,Coconut Juice,Tyga Featuring Travis McCoy,No suitable video
6/28/2008,I Still Miss You,Keith Anderson,No suitable video
7/5/2008,This Is Me,Demi Lovato & Joe Jonas,No suitable video
6/28/2008,Magic,Robin Thicke,No suitable video
7/5/2008,Hot N Cold,Katy Perry,No suitable video
7/5/2008,Play My Music,Jonas Brothers,No suitable video
7/12/2008,Here I Am,Rick Ross Featuring Nelly & Avery Storm,No suitable video
7/5/2008,We Rock,Cast Of Camp Rock,No suitable video
7/5/2008,Gotta Find You,Joe Jonas,No suitable video
7/12/2008,Believe,Staind,No suitable video
7/12/2008,Burnin' Up,Jonas Brothers,No suitable video
7/19/2008,Sneakernight,Vanessa Hudgens,No suitable video
7/19/2008,Holler Back,The Lost Trailers,No suitable video
7/12/2008,Life In A Northern Town,Sugarland Featuring Little Big Town & Jake Owen,No suitable video
7/19/2008,Free Fallin',John Mayer,No suitable video
7/19/2008,All Summer Long,Kid Rock,No suitable video
7/26/2008,I'll Be Lovin' U Long Time,Mariah Carey,No suitable video
7/26/2008,Learning How To Bend,Gary Allan,No suitable video
7/26/2008,The Business,Yung Berg Featuring Casha,No suitable video
7/26/2008,Troubadour,George Strait,No suitable video
7/26/2008,Don't Think I Don't Think About It,Darius Rucker,No suitable video
7/26/2008,Waitin' On A Woman,Brad Paisley,No suitable video
8/2/2008,Hero,Nas Featuring Keri Hilson,No suitable video
8/2/2008,Do You Believe Me Now,Jimmy Wayne,No suitable video
8/9/2008,Baby,LL Cool J Featuring The-Dream,No suitable video
7/26/2008,Johnny & June,Heidi Newfield,No suitable video
8/16/2008,Just Dance,Lady Gaga Featuring Colby O'Donis,No suitable video
8/9/2008,Please Excuse My Hands,Plies Featuring Jamie Foxx & The-Dream,No suitable video
8/23/2008,Shattered (Turn The Car Around),O.A.R.,No suitable video
8/23/2008,Marco Polo,Bow Wow Featuring Soulja Boy Tell'em,No suitable video
8/16/2008,Tonight,Jonas Brothers,No suitable video
8/23/2008,Energy,Keri Hilson,No suitable video
8/16/2008,Can't Believe It,T-Pain Featuring Lil Wayne,No suitable video
9/6/2008,American Boy,Studio All-Stars,No suitable video
9/6/2008,The Day That Never Comes,Metallica,No suitable video
8/23/2008,My Life,The Game Featuring Lil Wayne,No suitable video
8/30/2008,Crush,David Archuleta,No suitable video
9/6/2008,So What,P!nk,No suitable video
8/30/2008,Real,Goo Goo Dolls,No suitable video
9/13/2008,So Fly,Slim Featuring Yung Joc,No suitable video
9/20/2008,Country Man,Luke Bryan,No suitable video
9/27/2008,Right Here (Departed),Brandy,No suitable video
9/27/2008,Bad Girlfriend,Theory Of A Deadman,No suitable video
9/27/2008,Roll With Me,Montgomery Gentry,No suitable video
9/27/2008,I'd Rather Be With You,Joshua Radin,No suitable video
10/4/2008,Angel,Natasha Bedingfield,No suitable video
9/27/2008,Lovebug,Jonas Brothers,No suitable video
10/4/2008,Chicken Fried,Zac Brown Band,No suitable video
10/11/2008,Use Somebody,Kings Of Leon,No suitable video
10/18/2008,It's Over,Jesse McCartney,No suitable video
10/11/2008,Live Your Life,T.I. Featuring Rihanna,No suitable video
10/18/2008,In Color,Jamey Johnson,No suitable video
10/11/2008,Right Now (Na Na Na),Akon,No suitable video
10/18/2008,Human,The Killers,No suitable video
10/18/2008,Light On,David Cook,No suitable video
10/18/2008,Keeps Gettin' Better,Christina Aguilera,No suitable video
10/25/2008,The Shock Of The Lightning,Oasis,No suitable video
10/18/2008,Womanizer,Britney Spears,No suitable video
10/18/2008,Without You,Hinder,No suitable video
10/25/2008,Feel That Fire,Dierks Bentley,No suitable video
10/25/2008,If I Were A Boy,Beyonce,No suitable video
10/25/2008,Lookin' For A Good Time,Lady Antebellum,No suitable video
11/1/2008,Get Up,50 Cent,No suitable video
10/25/2008,I'm So Paid,Akon Featuring Lil Wayne & Young Jeezy,No suitable video
11/1/2008,Chopped 'N' Skrewed,T-Pain Featuring Ludacris,No suitable video
11/1/2008,Be OK,Ingrid Michaelson,No suitable video
11/1/2008,Start A Band,Brad Paisley Duet With Keith Urban,No suitable video
11/1/2008,Cuddy Buddy,Mike Jones Featuring Trey Songz & Twista,No suitable video
11/1/2008,Freeze,T-Pain Featuring Chris Brown,No suitable video
11/1/2008,"What A Catch, Donnie",Fall Out Boy,No suitable video
11/8/2008,Sex On Fire,Kings Of Leon,No suitable video
11/8/2008,Did You Wrong,Pleasure P,No suitable video
11/15/2008,One More Drink,Ludacris Co-Starring T-Pain,No suitable video
11/8/2008,Can I Have This Dance,Zac Efron & Vanessa Hudgens,No suitable video
11/22/2008,Decode,Paramore,No suitable video
11/22/2008,Rehab,Rihanna,No suitable video
11/29/2008,Playa Cardz Right,Keyshia Cole Featuring 2Pac,No suitable video
11/22/2008,It's A New Day,will.i.am,No suitable video
11/22/2008,My President,Young Jeezy Featuring Nas,No suitable video
11/22/2008,Spaceman,The Killers,No suitable video
11/29/2008,Another Way to Die,Jack White & Alicia Keys,No suitable video
11/29/2008,She's Country,Jason Aldean,No suitable video
11/29/2008,Gives You Hell,The All-American Rejects,No suitable video
12/6/2008,Ride,Ace Hood Featuring Trey Songz,No suitable video
11/29/2008,Sweet Thing,Keith Urban,No suitable video
12/13/2008,Untouched,The Veronicas,No suitable video
12/6/2008,Put It On Ya,Plies Featuring Chris J,No suitable video
12/6/2008,IfULeave,Musiq Soulchild Featuring Mary J. Blige,No suitable video
12/13/2008,I Hate This Part,The Pussycat Dolls,No suitable video
12/20/2008,Arab Money,Busta Rhymes Featuring Ron Browz,No suitable video
12/13/2008,Second Chance,Shinedown,No suitable video
12/20/2008,Mad,Ne-Yo,No suitable video
1/3/2009,Run,Leona Lewis,No suitable video
12/27/2008,When It Hurts,Avant,No suitable video
12/20/2008,That's Not My Name,The Ting Tings,No suitable video
12/20/2008,Circus,Britney Spears,No suitable video
12/20/2008,Beautiful,Akon Featuring Colby O'Donis & Kardinal Offishall,No suitable video
12/20/2008,If U Seek Amy,Britney Spears,No suitable video
1/3/2009,Beep,Bobby V Featuring Yung Joc,No suitable video
1/3/2009,Turnin Me On,Keri Hilson Featuring Lil Wayne,No suitable video
12/27/2008,Just Like Me,Jamie Foxx Featuring T.I.,No suitable video
1/3/2009,Rockin' That Thang,The-Dream,No suitable video
1/3/2009,Poker Face,Lady Gaga,No suitable video
1/10/2009,Lollipop,Framing Hanley,No suitable video
1/3/2009,It Won't Be Like This For Long,Darius Rucker,No suitable video
1/10/2009,About You Now,Miranda Cosgrove,No suitable video
1/10/2009,Fly On The Wall,Miley Cyrus,No suitable video
1/10/2009,J**z In My Pants,The Lonely Island,No suitable video
2/7/2009,Let Me,Pat Green,No suitable video
1/31/2009,Blame It,Jamie Foxx Featuring T-Pain,No suitable video
1/31/2009,Crack A Bottle,"Eminem, Dr. Dre & 50 Cent",No suitable video
2/7/2009,"1, 2, 3, 4",Plain White T's,No suitable video
2/7/2009,Halo,Beyonce,No suitable video
2/7/2009,At Last,Beyonce,No suitable video
2/14/2009,Ain't I,Yung L.A. Featuring Young Dro & T.I.,No suitable video
2/21/2009,You Complete Me,Keyshia Cole,No suitable video
2/21/2009,Show Me What I'm Looking For,Carolina Liar,No suitable video
2/21/2009,Stanky Legg,GS Boyz,No suitable video
2/21/2009,How Do You Sleep?,Jesse McCartney Featuring Ludacris,No suitable video
3/7/2009,Break My Heart,Spectacular! Cast,No suitable video
2/28/2009,I'm On A Boat,The Lonely Island Featuring T-Pain,No suitable video
2/28/2009,I Love College,Asher Roth,No suitable video
3/14/2009,All The Above,Maino Featuring T-Pain,No suitable video
3/14/2009,O... Saya,M.I.A. & A R Rahman,No suitable video
2/21/2009,Working On A Dream,Bruce Springsteen,No suitable video
2/14/2009,I Will Be,Leona Lewis,No suitable video
3/7/2009,Jai Ho! (You Are My Destiny),A R Rahman & The Pussycat Dolls Featuring Nicole Scherzinger,No suitable video
3/21/2009,LoveGame,Lady Gaga,No suitable video
3/21/2009,My Love,The-Dream Featuring Mariah Carey,No suitable video
3/21/2009,Candle (Sick And Tired),The White Tie Affair,No suitable video
3/28/2009,"Want It, Need It",Plies Featuring Ashanti,No suitable video
3/21/2009,Turn My Swag On,Soulja Boy Tell'em,No suitable video
3/21/2009,Kids,MGMT,No suitable video
4/4/2009,Always Strapped,Birdman Featuring Lil Wayne,No suitable video
3/28/2009,sobeautiful,Musiq Soulchild,No suitable video
3/28/2009,Whatever It Is,Zac Brown Band,No suitable video
3/28/2009,One In Every Crowd,Montgomery Gentry,No suitable video
4/4/2009,Boyfriend #2,Pleasure P,No suitable video
4/4/2009,Always The Love Songs,Eli Young Band,No suitable video
4/25/2009,Where I'm From,Jason Michael Carroll,No suitable video
4/4/2009,Then,Brad Paisley,No suitable video
4/11/2009,Lifeline,Papa Roach,No suitable video
4/18/2009,Come Back To Me,David Cook,No suitable video
4/11/2009,Only You Can Love Me This Way,Keith Urban,No suitable video
4/25/2009,Best Days Of Your Life,Kellie Pickler,No suitable video
4/25/2009,Sissy's Song,Alan Jackson,No suitable video
5/2/2009,Out Last Night,Kenny Chesney,No suitable video
5/2/2009,We Made You,Eminem,No suitable video
5/2/2009,Know Your Enemy,Green Day,No suitable video
5/9/2009,Lark On My Go-Kart,Asher Roth,No suitable video
5/2/2009,Panic Switch,Silversun Pickups,No suitable video
5/9/2009,Soulmate,Natasha Bedingfield,No suitable video
5/30/2009,Paranoid,Jonas Brothers,No suitable video
5/16/2009,Epiphany (I'm Leaving),Chrisette Michele,No suitable video
5/23/2009,Every Girl,Young Money,No suitable video
5/23/2009,I'm Just Here For The Music,Paula Abdul,No suitable video
5/23/2009,Fire Burning,Sean Kingston,No suitable video
5/30/2009,Beautiful,Eminem,No suitable video
5/23/2009,Old Time's Sake,Eminem Featuring Dr. Dre,No suitable video
6/6/2009,No Boundaries,Kris Allen,No suitable video
5/30/2009,I Need A Girl,Trey Songz,No suitable video
5/30/2009,Good Girls Go Bad,Cobra Starship Featuring Leighton Meester,No suitable video
6/6/2009,Falling Slowly,Kris Allen,No suitable video
6/6/2009,New Divide,Linkin Park,No suitable video
6/6/2009,A Change Is Gonna Come,Adam Lambert,No suitable video
6/6/2009,Permanent,David Cook,No suitable video
6/6/2009,Ain't No Sunshine,Kris Allen,No suitable video
6/6/2009,One,Adam Lambert,No suitable video
6/6/2009,Don't Stop Believin',Glee Cast,No suitable video
6/13/2009,Walkin' On The Moon,The-Dream Featuring Kanye West,No suitable video
6/6/2009,Apologize,Kris Allen,No suitable video
6/13/2009,Summer Nights,Rascal Flatts,No suitable video
6/13/2009,Wild At Heart,Gloriana,No suitable video
6/13/2009,Boots On,Randy Houser,No suitable video
6/20/2009,On The Ocean,K'Jon,No suitable video
6/20/2009,Small Town USA,Justin Moore,No suitable video
6/20/2009,Take Me On The Floor,The Veronicas,No suitable video
6/20/2009,Last Chance,Ginuwine,No suitable video
6/20/2009,Throw It In The Bag,Fabolous Featuring The-Dream,No suitable video
6/27/2009,I Gotta Feeling,The Black Eyed Peas,No suitable video
7/4/2009,You're A Jerk,New Boyz,No suitable video
6/27/2009,Big Green Tractor,Jason Aldean,No suitable video
6/27/2009,Daylight,Matt And Kim,No suitable video
7/4/2009,Damned If I Do Ya (Damned If I Don't),All Time Low,No suitable video
7/4/2009,Hotel Room Service,Pitbull,No suitable video
7/11/2009,Trust,Keyshia Cole Duet With Monica,No suitable video
7/4/2009,Fly With Me,Jonas Brothers,No suitable video
7/11/2009,21 Guns,Green Day,No suitable video
7/11/2009,Sound Of Madness,Shinedown,No suitable video
7/11/2009,Love Your Love The Most,Eric Church,No suitable video
7/18/2009,So Fine,Sean Paul,No suitable video
7/25/2009,Ignorance,Paramore,No suitable video
7/18/2009,God In Me,"Mary Mary Featuring Kierra ""KiKi"" Sheard",No suitable video
8/1/2009,She Wolf,Shakira,No suitable video
7/18/2009,Down,Jay Sean Featuring Lil Wayne,No suitable video
7/25/2009,I Wanna Know You,Hannah Montana Featuring David Archuleta,No suitable video
8/1/2009,Sounds Like Life To Me,Darryl Worley,No suitable video
7/25/2009,One Time,Justin Bieber,No suitable video
8/8/2009,Imma Star (Everywhere We Are),Jeremih,No suitable video
8/8/2009,Say Hey (I Love You),Michael Franti & Spearhead Featuring Cherine Anderson,No suitable video
8/15/2009,Sexy Chick,David Guetta Featuring Akon,No suitable video
8/8/2009,Toes,Zac Brown Band,No suitable video
8/8/2009,The One,Mary J. Blige Featuring Drake,No suitable video
8/15/2009,I Just Call You Mine,Martina McBride,No suitable video
8/15/2009,Smile,Uncle Kracker,No suitable video
8/22/2009,Digital Girl,"Jamie Foxx Featuring Drake, Kanye West + The-Dream",No suitable video
8/22/2009,Welcome To The Future,Brad Paisley,No suitable video
8/15/2009,Sooner Or Later,Michelle Branch,No suitable video
8/29/2009,Hot Mess,Cobra Starship,No suitable video
8/22/2009,Uprising,Muse,No suitable video
8/29/2009,Radar,Britney Spears,No suitable video
8/29/2009,Gettin' You Home,Chris Young,No suitable video
9/5/2009,Fireflies,Owl City,No suitable video
9/5/2009,Replay,Iyaz,No suitable video
9/5/2009,I'm Alive,Kenny Chesney With Dave Matthews,No suitable video
8/29/2009,Whatcha Say,Jason Derulo,No suitable video
9/12/2009,Awake And Alive,Skillet,No suitable video
8/29/2009,Send It On,Disney's Friends For Change,No suitable video
9/12/2009,Under,Pleasure P,No suitable video
9/12/2009,Paparazzi,Lady Gaga,No suitable video
9/19/2009,Haven't Met You Yet,Michael Buble,No suitable video
9/19/2009,Face Drop,Sean Kingston,No suitable video
9/19/2009,Million Dollar Bill,Whitney Houston,No suitable video
9/19/2009,Wasted,Gucci Mane Featuring Plies Or OJ Da Juiceman,No suitable video
9/12/2009,Number One,R. Kelly Featuring Keri Hilson,No suitable video
9/19/2009,I Will Not Bow,Breaking Benjamin,No suitable video
10/10/2009,Taking Chances,Glee Cast,No suitable video
10/10/2009,Funhouse,P!nk,No suitable video
10/10/2009,Doesn't Mean Anything,Alicia Keys,No suitable video
10/17/2009,"Hey, Soul Sister",Train,No suitable video
10/17/2009,Maybe This Time,Glee Cast Featuring Kristin Chenoweth,No suitable video
10/3/2009,Happy,Leona Lewis,No suitable video
10/17/2009,Consider Me Gone,Reba,No suitable video
10/17/2009,Live Like We're Dying,Kris Allen,No suitable video
9/26/2009,Drop It Low,Ester Dean Featuring Chris Brown,No suitable video
10/24/2009,All The Right Moves,OneRepublic,No suitable video
10/24/2009,3,Britney Spears,No suitable video
10/24/2009,Hell Of A Life,T.I.,No suitable video
10/24/2009,Money To Blow,Birdman Featuring Lil Wayne & Drake,No suitable video
10/24/2009,TiK ToK,Ke$ha,No suitable video
10/31/2009,Tie Me Down,New Boyz Featuring Ray J,No suitable video
10/31/2009,White Liar,Miranda Lambert,No suitable video
10/31/2009,Who Says,John Mayer,No suitable video
11/7/2009,Take Your Shirt Off,T-Pain,No suitable video
11/7/2009,I Invented Sex,Trey Songz Featuring Drake,No suitable video
11/7/2009,Gangsta Luv,Snoop Dogg Featuring The-Dream,No suitable video
11/7/2009,Vanilla Twilight,Owl City,No suitable video
11/14/2009,Undo It,Carrie Underwood,No suitable video
11/7/2009,History In The Making,Darius Rucker,No suitable video
11/14/2009,Bad Romance,Lady Gaga,No suitable video
11/14/2009,If You Only Knew,Shinedown,No suitable video
11/21/2009,Do You Remember,Jay Sean Featuring Sean Paul & Lil Jon,No suitable video
11/21/2009,Defying Gravity,Glee Cast,No suitable video
11/28/2009,Give It Up To Me,Shakira Featuring Lil Wayne,No suitable video
11/28/2009,Whatever You Like,Anya Marina,No suitable video
11/21/2009,The Truth,Jason Aldean,No suitable video
12/5/2009,Heartbreak Warfare,John Mayer,No suitable video
12/12/2009,4 My Town (Play Ball),Birdman Featuring Drake & Lil Wayne,No suitable video
12/12/2009,Imagine,Glee Cast,No suitable video
12/12/2009,True Colors,Glee Cast,No suitable video
11/28/2009,Say Aah,Trey Songz Featuring Fabolous,No suitable video
12/12/2009,Telephone,Lady Gaga Featuring Beyonce,No suitable video
12/12/2009,Video Phone,Beyonce Featuring Lady Gaga,No suitable video
12/19/2009,1901,Phoenix,No suitable video
12/12/2009,That's How Country Boys Roll,Billy Currington,No suitable video
12/5/2009,Try Sleeping With A Broken Heart,Alicia Keys,No suitable video
12/19/2009,Breakeven,The Script,No suitable video
12/19/2009,American Saturday Night,Brad Paisley,No suitable video
12/19/2009,If We Ever Meet Again,Timbaland Featuring Katy Perry,No suitable video
12/19/2009,Carry Out,Timbaland Featuring Justin Timberlake,No suitable video
12/26/2009,My Life Would Suck Without You,Glee Cast,No suitable video
12/26/2009,I Wanna Rock,Snoop Dogg,No suitable video
12/19/2009,Who I Am,Nick Jonas & The Administration,No suitable video
12/26/2009,In My Head,Jason Derulo,No suitable video
12/26/2009,I Am,Mary J. Blige,No suitable video
12/26/2009,On Fire,Lil Wayne,No suitable video
1/23/2010,Say Something,Timbaland Featuring Drake,No suitable video
1/2/2010,Sex Therapy,Robin Thicke,No suitable video
1/2/2010,Hey Daddy (Daddy's Home),Usher Featuring Plies,No suitable video
1/2/2010,Hell Breaks Loose,Eminem Featuring Dr. Dre,No suitable video
1/16/2010,Drop The World,Lil Wayne Featuring Eminem,No suitable video
12/26/2009,Halfway Gone,Lifehouse,No suitable video
1/23/2010,Blah Blah Blah,Ke$ha Featuring 3OH!3,No suitable video
1/30/2010,'Til Summer Comes Around,Keith Urban,No suitable video
1/23/2010,Your Love Is My Drug,Ke$ha,No suitable video
1/23/2010,Take It Off,Ke$ha,No suitable video
2/6/2010,Hallelujah,Justin Timberlake & Matt Morris Featuring Charlie Sexton,No suitable video
2/6/2010,Our Kind Of Love,Lady Antebellum,No suitable video
2/13/2010,Let It Be,Jennifer Hudson Featuring The Roots,No suitable video
2/13/2010,My City Of Ruins (Live From The Kennedy Center Honors),Eddie Vedder,No suitable video
2/6/2010,Redemption Song,Rihanna,No suitable video
2/6/2010,Stranded (Haiti Mon Amour),"Jay-Z, Bono, The Edge & Rihanna",No suitable video
2/13/2010,Hurry Home,Jason Michael Carroll,No suitable video
2/13/2010,Breathless,Taylor Swift,No suitable video
2/13/2010,Ain't Leavin Without You,Jaheim,No suitable video
2/13/2010,Nothin' On You,B.o.B Featuring Bruno Mars,No suitable video
2/20/2010,Knockout,Lil Wayne Featuring Nicki Minaj,No suitable video
2/20/2010,Major Tom,Shiny Toy Guns,No suitable video
2/20/2010,Bridge Over Troubled Water,Mary J. Blige & Andrea Bocelli,No suitable video
2/27/2010,We Are The World 25: For Haiti,Artists For Haiti,No suitable video
2/27/2010,Didn't You Know How Much I Loved You,Kellie Pickler,No suitable video
2/20/2010,You And Me,Dave Matthews Band,No suitable video
3/6/2010,Hallelujah (Vancouver Winter 2010 Version),k.d. lang,No suitable video
3/20/2010,Cryin' Like A Bitch!,Godsmack,No suitable video
2/27/2010,"Beamer, Benz, Or Bentley",Lloyd Banks Featuring Juelz Santana,No suitable video
2/27/2010,Solo,Iyaz,No suitable video
3/13/2010,Neighbors Know My Name,Trey Songz,No suitable video
3/6/2010,There Goes My Baby,Usher,No suitable video
3/13/2010,Let It Be,Kris Allen,No suitable video
3/20/2010,Feel It,Three 6 Mafia Vs. Tiesto With Sean Kingston & Flo Rida,No suitable video
3/13/2010,Gimmie That Girl,Joe Nichols,No suitable video
3/20/2010,The Man I Want To Be,Chris Young,No suitable video
3/27/2010,Driving Me Crazy,Sam Adams,No suitable video
3/20/2010,Hell On The Heart,Eric Church,No suitable video
4/3/2010,Make A Wave,Disney's Friends For Change,No suitable video
4/3/2010,More,Usher,No suitable video
4/3/2010,Fistful Of Tears,Maxwell,No suitable video
4/10/2010,Reverse Cowgirl,T-Pain,No suitable video
4/10/2010,Eenie Meenie,Sean Kingston & Justin Bieber,No suitable video
4/3/2010,Love King,The-Dream,No suitable video
4/10/2010,Roger That,Young Money,No suitable video
4/17/2010,Alejandro,Lady Gaga,No suitable video
4/10/2010,Pray For You,Jaron And The Long Road To Love,No suitable video
4/10/2010,Rain Is A Good Thing,Luke Bryan,No suitable video
4/17/2010,Billionaire,Travie McCoy Featuring Bruno Mars,No suitable video
4/17/2010,Hello Good Morning,Diddy - Dirty Money Featuring T.I.,No suitable video
4/24/2010,You And Your Heart,Jack Johnson,No suitable video
4/24/2010,Un-Thinkable (I'm Ready),Alicia Keys,No suitable video
4/24/2010,Kissin U,Miranda Cosgrove,No suitable video
4/24/2010,Winner,Jamie Foxx Featuring Justin Timberlake & T .I.,No suitable video
5/1/2010,Hello Goodbye,Glee Cast,No suitable video
5/1/2010,Gives You Hell,Glee Cast,No suitable video
5/1/2010,Water,Brad Paisley,No suitable video
5/1/2010,Not Myself Tonight,Christina Aguilera,No suitable video
4/24/2010,Don't Let Me Fall,B.o.B,No suitable video
5/1/2010,Hello,Glee Cast Featuring Jonathan Groff,No suitable video
5/8/2010,Bet I,B.o.B Featuring T.I. & Playboy Tre,No suitable video
5/8/2010,4 Minutes,Glee Cast,No suitable video
5/8/2010,I Keep On Loving You,Reba,No suitable video
5/8/2010,Like A Virgin,Glee Cast,No suitable video
5/8/2010,Like A Prayer,Glee Cast Featuring Jonathan Groff,No suitable video
5/1/2010,"Hello, I Love You",Glee Cast,No suitable video
5/8/2010,Borderline / Open Your Heart,Glee Cast,No suitable video
5/15/2010,A House Is Not A Home,Glee Cast,No suitable video
5/15/2010,Fire,Glee Cast Featuring Kristin Chenoweth,No suitable video
5/15/2010,Gypsy,Shakira,No suitable video
5/15/2010,One Less Bell To Answer / A House Is Not A Home,Glee Cast Featuring Kristin Chenoweth,No suitable video
5/15/2010,Home,Glee Cast Featuring Kristin Chenoweth,No suitable video
5/15/2010,Magic,B.o.B Featuring Rivers Cuomo,No suitable video
5/15/2010,Beautiful,Glee Cast,No suitable video
5/15/2010,Gettin' Over You,David Guetta & Chris Willis Featuring Fergie & LMFAO,No suitable video
5/22/2010,Ice Ice Baby,Glee Cast,No suitable video
5/22/2010,Physical,Glee Cast Featuring Olivia Newton-John,No suitable video
5/22/2010,All Or Nothing,Theory Of A Deadman,No suitable video
5/22/2010,Love Like Crazy,Lee Brice,No suitable video
5/29/2010,Lady Is A Tramp,Glee Cast,No suitable video
5/29/2010,Jessie's Girl,Glee Cast,No suitable video
5/22/2010,Find Your Love,Drake,No suitable video
5/29/2010,The Boy Is Mine,Glee Cast,No suitable video
5/29/2010,California Gurls,Katy Perry Featuring Snoop Dogg,No suitable video
5/22/2010,U Can't Touch This,Glee Cast,No suitable video
5/29/2010,I Like It,Enrique Iglesias Featuring Pitbull,No suitable video
5/29/2010,One,Glee Cast,No suitable video
5/29/2010,Pyramid,Charice Featuring Iyaz,No suitable video
6/5/2010,Dream On,Glee Cast Featuring Neil Patrick Harris,No suitable video
6/5/2010,I Dreamed A Dream,Glee Cast Featuring Idina Menzel,No suitable video
6/5/2010,Touchin On My,3OH!3,No suitable video
6/5/2010,Poker Face,Glee Cast,No suitable video
6/5/2010,Bad Romance,Glee Cast,No suitable video
5/29/2010,Rose's Turn,Glee Cast,No suitable video
6/5/2010,Safety Dance,Glee Cast,No suitable video
6/12/2010,The Boxer,Lee DeWyze,No suitable video
6/5/2010,Nightmare,Avenged Sevenfold,No suitable video
6/12/2010,Hallelujah,Lee DeWyze,No suitable video
6/12/2010,Super High,Rick Ross Featuring Ne-Yo,No suitable video
6/12/2010,The Only Exception,Paramore,No suitable video
6/12/2010,Beautiful Day,Lee DeWyze,No suitable video
6/12/2010,Who Dat,J. Cole,No suitable video
6/12/2010,Beth,Glee Cast,No suitable video
6/12/2010,Falling Slowly,Lee DeWyze & Crystal Bowersox,No suitable video
6/19/2010,Deja Vu,3OH!3,No suitable video
6/12/2010,Teach Me How To Dougie,Cali Swag District,No suitable video
6/19/2010,Another One Bites The Dust,Glee Cast,No suitable video
6/26/2010,Bohemian Rhapsody,Glee Cast Featuring Jonathan Groff,No suitable video
6/19/2010,"It's A Man's, Man's Man's World",Glee Cast,No suitable video
6/19/2010,Little White Church,Little Big Town,No suitable video
6/19/2010,Animal,Neon Trees,No suitable video
7/3/2010,143,Bobby Brackins Featuring Ray J,No suitable video
6/26/2010,Any Way You Want It/Lovin' Touchin' Squeezin',Glee Cast,No suitable video
6/19/2010,Good Vibrations,Glee Cast,No suitable video
6/19/2010,Dynamite,Taio Cruz,No suitable video
6/19/2010,Pretty Good At Drinkin' Beer,Billy Currington,No suitable video
6/26/2010,Faithfully,Glee Cast,No suitable video
7/3/2010,Finding My Way Back,Jaheim,No suitable video
7/3/2010,Double Vision,3OH!3,No suitable video
7/10/2010,Won't Back Down,Eminem Featuring P!nk,No suitable video
7/3/2010,Lay Me Down,The Dirty Heads Featuring Rome,No suitable video
7/10/2010,If I Had You,Adam Lambert,No suitable video
7/10/2010,Talkin' 2 Myself,Eminem Featuring Kobe,No suitable video
7/10/2010,No Love,Eminem Featuring Lil Wayne,No suitable video
7/17/2010,I Can Do Anything,3OH!3,No suitable video
7/10/2010,Misery,Maroon 5,No suitable video
7/24/2010,B.M.F. (Blowin' Money Fast),Rick Ross Featuring Styles P,No suitable video
7/10/2010,Love The Way You Lie,Eminem Featuring Rihanna,No suitable video
7/17/2010,Cuando Me Enamoro,Enrique Iglesias Featuring Juan Luis Guerra,No suitable video
7/31/2010,Ordinary Girl,Hannah Montana,No suitable video
7/31/2010,Come Back Song,Darius Rucker,No suitable video
7/31/2010,Break My Bank,New Boyz Featuring Iyaz,No suitable video
7/31/2010,La La La,Auburn Featuring Iyaz,No suitable video
7/31/2010,DJ Got Us Fallin' In Love,Usher Featuring Pitbull,No suitable video
8/7/2010,Just The Way You Are,Bruno Mars,No suitable video
8/7/2010,Champagne Life,Ne-Yo,No suitable video
8/21/2010,The Catalyst,Linkin Park,No suitable video
8/14/2010,G.R.I.N.D. (Get Ready It's A New Day),Asher Roth,No suitable video
8/14/2010,The Crow & The Butterfly,Shinedown,No suitable video
8/21/2010,Letting Go (Dutty Love),Sean Kingston Featuring Nicki Minaj,No suitable video
8/21/2010,The Man Who Can't Be Moved,The Script,No suitable video
8/21/2010,2012 (It Ain't The End),Jay Sean Featuring Nicki Minaj,No suitable video
8/28/2010,Love Like Woe,The Ready Set,No suitable video
8/28/2010,Little Lion Man,Mumford & Sons,No suitable video
8/28/2010,Bed Intruder Song,Antoine Dodson & The Gregory Brothers Featuring Kelly Dodson,No suitable video
9/4/2010,Why Wait,Rascal Flatts,No suitable video
8/28/2010,Rhythm of Love,Plain White T's,No suitable video
9/4/2010,E.T.,Katy Perry Featuring Kanye West,No suitable video
8/28/2010,Like A G6,Far*East Movement Featuring Cataracs & Dev,No suitable video
9/11/2010,Way Out Here,Josh Thompson,No suitable video
8/28/2010,Bottoms Up,Trey Songz Featuring Nicki Minaj,No suitable video
9/4/2010,Just A Dream,Nelly,No suitable video
9/11/2010,My Kinda Party,Jason Aldean,No suitable video
9/11/2010,Last Friday Night (T.G.I.F.),Katy Perry,No suitable video
9/25/2010,Hollywood,Michael Buble,No suitable video
9/18/2010,Only Prettier,Miranda Lambert,No suitable video
9/25/2010,Dumb Love,Sean Kingston,No suitable video
9/18/2010,Anything Like Me,Brad Paisley,No suitable video
9/25/2010,Dog Days Are Over,Florence + The Machine,No suitable video
9/25/2010,Introducing Me,Nick Jonas,No suitable video
10/2/2010,Can't Be Friends,Trey Songz,No suitable video
10/2/2010,Black And Yellow,Wiz Khalifa,No suitable video
9/25/2010,Check It Out,will.i.am & Nicki Minaj,No suitable video
10/2/2010,We No Speak Americano,Yolanda Be Cool & Dcup,No suitable video
10/2/2010,All I Want Is You,Miguel Featuring J. Cole,No suitable video
10/2/2010,Radioactive,Kings Of Leon,No suitable video
10/9/2010,Loving You No More,Diddy - Dirty Money Featuring Drake,No suitable video
10/9/2010,Please Don't Go,Mike Posner,No suitable video
10/2/2010,Waiting For The End,Linkin Park,No suitable video
10/16/2010,Stronger,Glee Cast,No suitable video
10/23/2010,Like We Used To,A Rocket To The Moon,No suitable video
10/30/2010,Don't Go Breaking My Heart,Glee Cast,No suitable video
10/16/2010,Hope She Cheats On You (With A Basketball Player),Marsha Ambrosius,No suitable video
10/30/2010,This,Darius Rucker,No suitable video
10/30/2010,Sing!,Glee Cast,No suitable video
10/23/2010,The Lazy Song,Bruno Mars,No suitable video
10/16/2010,Grenade,Bruno Mars,No suitable video
11/13/2010,I Won't Let Go,Rascal Flatts,No suitable video
11/6/2010,Rap Song,T-Pain Featuring Rick Ross,No suitable video
11/6/2010,Porn Star Dancing,My Darkest Days Featuring Zakk Wylde,No suitable video
11/6/2010,Tighten Up,The Black Keys,No suitable video
11/6/2010,Firework,Katy Perry,No suitable video
11/13/2010,We R Who We R,Ke$ha,No suitable video
11/20/2010,Sick,New Hollow,No suitable video
11/20/2010,Sleazy Remix 2.0 Get Sleazier,"Ke$ha Featuring Lil Wayne, Wiz Khalifa, T.I. & Andre 3000",No suitable video
11/13/2010,Long Live,Taylor Swift,No suitable video
12/4/2010,Blow,Ke$ha,No suitable video
11/20/2010,Who Are You When I'm Not Looking,Blake Shelton,No suitable video
11/20/2010,Lo Mejor De Mi Vida Eres Tu,Ricky Martin Featuring Natalia Jimenez,No suitable video
11/20/2010,The Big Bang,ROCKMAFIA,No suitable video
11/27/2010,Marijuana,Kid Cudi,No suitable video
12/11/2010,Coming Home,Diddy - Dirty Money Featuring Skylar Grey,No suitable video
12/11/2010,Marry You,Bruno Mars,No suitable video
11/27/2010,Cannibal,Ke$ha,No suitable video
12/11/2010,Who's That Chick?,David Guetta Featuring Rihanna,No suitable video
12/11/2010,Crazy Beautiful Life,Ke$ha,No suitable video
12/18/2010,Boots,The Killers,No suitable video
12/18/2010,Fire Flame,Birdman Featuring Lil Wayne,No suitable video
12/18/2010,Don't Cry For Me Argentina (Lea Michele Version),Glee Cast,No suitable video
12/25/2010,"Baby, It's Cold Outside",Glee Cast,No suitable video
1/1/2011,F**kin' Perfect,P!nk,No suitable video
1/1/2011,For The First Time,The Script,No suitable video
12/25/2010,Fall For Your Type,Jamie Foxx Featuring Drake,No suitable video
1/8/2011,Hit It Again,3OH!3,No suitable video
1/8/2011,I Just Had Sex,The Lonely Island Featuring Akon,No suitable video
1/8/2011,This Is Country Music,Brad Paisley,No suitable video
1/15/2011,Big Night,Big Time Rush,No suitable video
1/1/2011,6 Foot 7 Foot,Lil Wayne Featuring Cory Gunz,No suitable video
1/1/2011,Oh Santa!,Mariah Carey,No suitable video
12/25/2010,No BS,Chris Brown,No suitable video
1/8/2011,Do The John Wall,Troop 41,No suitable video
1/22/2011,Make It Rain,Travis Porter,No suitable video
1/29/2011,Buzzin',Mann,No suitable video
1/29/2011,Wildflower,The JaneDear Girls,No suitable video
2/12/2011,Boyfriend,New Hollow,No suitable video
2/5/2011,Stay The Night,James Blunt,No suitable video
2/5/2011,"For You, And Your Denial",Yellowcard,No suitable video
1/29/2011,Shake Me Down,Cage The Elephant,No suitable video
2/12/2011,Help Is On The Way,Rise Against,No suitable video
2/12/2011,Love Faces,Trey Songz,No suitable video
2/19/2011,The Ballad Of Mona Lisa,Panic! At The Disco,No suitable video
2/19/2011,The Creep,The Lonely Island Featuring Nicki Minaj,No suitable video
2/26/2011,Firework,Glee Cast,No suitable video
2/19/2011,The Cave,Mumford & Sons,No suitable video
2/19/2011,When You're Young,3 Doors Down,No suitable video
2/26/2011,Pray,Justin Bieber,No suitable video
2/26/2011,Words I Never Said,Lupe Fiasco Featuring Skylar Grey,No suitable video
3/5/2011,Backseat,New Boyz Featuring The Cataracs & Dev,No suitable video
3/5/2011,Take Me Or Leave Me,Glee Cast,No suitable video
2/26/2011,Hit The Lights,Jay Sean Featuring Lil Wayne,No suitable video
3/5/2011,Tomorrow,Chris Young,No suitable video
3/5/2011,Just Can't Get Enough,The Black Eyed Peas,No suitable video
3/12/2011,Blame It (On The Alcohol),Glee Cast,No suitable video
3/12/2011,Tik Tok,Glee Cast,No suitable video
3/12/2011,The Shape I'm In,Joe Nichols,No suitable video
3/12/2011,I Smile,Kirk Franklin,No suitable video
3/12/2011,Welcome To My Hood,"DJ Khaled Featuring Rick Ross, Plies, Lil Wayne & T-Pain",No suitable video
3/12/2011,Country Boy,Aaron Lewis Featuring George Jones & Charlie Daniels,No suitable video
3/12/2011,Boyfriend,Big Time Rush,No suitable video
3/19/2011,Rope,Foo Fighters,No suitable video
3/19/2011,Walking,Mary Mary,No suitable video
3/19/2011,21st Century Girl,WILLOW,No suitable video
3/26/2011,Sure Thing,Miguel,No suitable video
3/5/2011,Sing,Glee Cast,No suitable video
3/19/2011,Till The World Ends,Britney Spears Featuring Nicki Minaj & Ke$ha,No suitable video
3/26/2011,Boom,Snoop Dogg Featuring T-Pain,No suitable video
3/26/2011,Where You At,Jennifer Hudson,No suitable video
3/26/2011,The Race,Wiz Khalifa,No suitable video
3/12/2011,On My Level,Wiz Khalifa Featuring Too $hort,No suitable video
4/2/2011,Dancing Crazy,Miranda Cosgrove,No suitable video
3/26/2011,Beautiful Lasers (2 Ways),Lupe Fiasco Featuring MDMA,No suitable video
4/2/2011,Far Away,Marsha Ambrosius,No suitable video
3/26/2011,I Can't Love You Back,Easton Corbin,No suitable video
3/26/2011,Live A Little,Kenny Chesney,No suitable video
4/2/2011,Bring It Back,Travis Porter,No suitable video
4/9/2011,F**k Him He's A DJ,Ke$ha,No suitable video
4/9/2011,Best Love Song,T-Pain Featuring Chris Brown,No suitable video
4/2/2011,Arms,Christina Perri,No suitable video
4/23/2011,Old Alabama,Brad Paisley Featuring Alabama,No suitable video
4/16/2011,Racks,YC Featuring Future,No suitable video
4/9/2011,No Sleep,Wiz Khalifa,No suitable video
4/16/2011,When I'm Gone,Wiz Khalifa,No suitable video
4/9/2011,John,Lil Wayne Featuring Rick Ross,No suitable video
4/16/2011,I Wanna Go,Britney Spears,No suitable video
4/30/2011,Red Nation,Game Featuring Lil Wayne,No suitable video
4/9/2011,Family Man,Craig Campbell,No suitable video
5/7/2011,Papi,Jennifer Lopez,No suitable video
4/30/2011,Judas,Lady Gaga,No suitable video
5/7/2011,Run The World (Girls),Beyonce,No suitable video
5/7/2011,Somebody,Bridgit Mendler,No suitable video
5/14/2011,Never Gonna Leave This Bed,Maroon 5,No suitable video
4/30/2011,Barefoot Blue Jean Night,Jake Owen,No suitable video
5/7/2011,Country Girl (Shake It For Me),Luke Bryan,No suitable video
5/21/2011,Better With The Lights Off,New Boyz Feat. Chris Brown,No suitable video
5/14/2011,Barbra Streisand,Duck Sauce,No suitable video
5/28/2011,Friday,Glee Cast,No suitable video
5/28/2011,Jack Sparrow,The Lonely Island Featuring Michael Bolton,No suitable video
5/21/2011,Am I The Only One,Dierks Bentley,No suitable video
5/28/2011,(It) Feels So Good,Steven Tyler,No suitable video
6/4/2011,Ballin',Young Jeezy Featuring Lil Wayne,No suitable video
5/21/2011,Where Them Girls At,David Guetta Featuring Flo Rida & Nicki Minaj,No suitable video
6/4/2011,Don't Wanna Go Home,Jason Derulo,No suitable video
6/11/2011,How To Love,Lil Wayne,No suitable video
6/11/2011,Out Of My Head,Lupe Fiasco Featuring Trey Songz,No suitable video
6/11/2011,1+1,Beyonce,No suitable video
6/11/2011,Like My Mother Does,Lauren Alaina,No suitable video
6/4/2011,I'm On One,"DJ Khaled Featuring Drake, Rick Ross & Lil Wayne",No suitable video
6/18/2011,Best Thing I Never Had,Beyonce,No suitable video
6/18/2011,Cat Daddy,Rej3ctz,No suitable video
6/25/2011,Monster,Paramore,No suitable video
7/2/2011,Take Over Control,Afrojack Featuring Eva Simons,No suitable video
6/11/2011,Rise Above 1,Reeve Carney Featuring Bono & The Edge,No suitable video
7/2/2011,Love Done Gone,Billy Currington,No suitable video
7/23/2011,I Wouldn't Be A Man,Josh Turner,No suitable video
7/2/2011,Lighters,Bad Meets Evil Featuring Bruno Mars,No suitable video
7/2/2011,See No More,Joe Jonas,No suitable video
7/2/2011,Stereo Hearts,Gym Class Heroes Featuring Adam Levine,No suitable video
7/16/2011,Pretty Girls,Iyaz Featuring Travie McCoy,No suitable video
7/23/2011,Novacane,Frank Ocean,No suitable video
7/16/2011,Little Bad Girl,David Guetta Featuring Taio Cruz & Ludacris,No suitable video
7/30/2011,Long Hot Summer,Keith Urban,No suitable video
7/23/2011,Work Out,J. Cole,No suitable video
7/23/2011,Smile,Avril Lavigne,No suitable video
7/30/2011,God Gave Me You,Blake Shelton,No suitable video
7/30/2011,Booty Wurk (One Cheek At A Time),T-Pain Featuring Joey Galaxy,No suitable video
8/27/2011,It Girl,Jason Derulo,No suitable video
7/30/2011,Mr. Saxobeat,Alexandra Stan,No suitable video
8/27/2011,Mrs. Right,Mindless Behavior Featuring Diggy,No suitable video
8/27/2011,Drunk On You,Luke Bryan,No suitable video
8/27/2011,Titanium,David Guetta Featuring Sia,No suitable video
9/3/2011,We Owned The Night,Lady Antebellum,No suitable video
8/27/2011,Nothing,The Script,No suitable video
9/3/2011,Sail,AWOLNATION,No suitable video
9/10/2011,Martians Vs Goblins,"Game Featuring Lil Wayne & Tyler, The Creator",No suitable video
8/27/2011,Who Gon Stop Me,Jay Z Kanye West,No suitable video
9/17/2011,Love On Top,Beyonce,No suitable video
9/17/2011,Good Feeling,Flo Rida,No suitable video
9/10/2011,What The Water Gave Me,Florence + The Machine,No suitable video
9/17/2011,Beautiful People,Chris Brown Featuring Benny Benassi,No suitable video
9/10/2011,Love Don't Run,Steve Holy,No suitable video
9/17/2011,Turn Me On,David Guetta Featuring Nicki Minaj,No suitable video
10/1/2011,I Got Nothin',Darius Rucker,No suitable video
9/17/2011,Without You,David Guetta Featuring Usher,No suitable video
10/1/2011,Got 2 Luv U,Sean Paul Featuring Alexis Jordan,No suitable video
9/24/2011,Disaster,JoJo,No suitable video
10/8/2011,Y.U. Mad,Birdman Featuring Nicki Minaj & Lil Wayne,No suitable video
10/15/2011,It Will Rain,Bruno Mars,No suitable video
10/15/2011,Fight For You,Jason Derulo,No suitable video
10/15/2011,When We Stand Together,Nickelback,No suitable video
10/15/2011,Calling All The Monsters,China Anne McClain,No suitable video
10/15/2011,5 O'Clock,T-Pain Featuring Wiz Khalifa & Lily Allen,No suitable video
10/22/2011,Party,Beyonce Featuring Andre 3000,No suitable video
10/22/2011,Hangover,Taio Cruz Featuring Flo Rida,No suitable video
10/29/2011,Lost In Paradise,Evanescence,No suitable video
10/29/2011,Good Good Night,Roscoe Dash,No suitable video
10/29/2011,Criminal,Britney Spears,No suitable video
10/29/2011,Domino,Jessie J,No suitable video
11/5/2011,You,Chris Young,No suitable video
11/5/2011,A Thousand Years,Christina Perri,No suitable video
11/5/2011,Mistletoe,Justin Bieber,No suitable video
10/29/2011,"Young, Wild & Free",Snoop Dogg & Wiz Khalifa Featuring Bruno Mars,No suitable video
11/12/2011,Storm Warning,Hunter Hayes,No suitable video
11/19/2011,Blackout,Breathe Carolina,No suitable video
11/19/2011,Ambition,Wale Featuring Meek Mill & Rick Ross,No suitable video
11/12/2011,Lotus Flower Bomb,Wale Featuring Miguel,No suitable video
11/12/2011,Lonely Boy,The Black Keys,No suitable video
11/12/2011,Shake It Out,Florence + The Machine,No suitable video
11/19/2011,Reality,Kenny Chesney,No suitable video
11/26/2011,Footloose,Blake Shelton,No suitable video
12/17/2011,Camouflage,Brad Paisley,No suitable video
12/10/2011,T.H.E (The Hardest Ever),will.i.am Featuring Mick Jagger & Jennifer Lopez,No suitable video
12/10/2011,El Verdadero Amor Perdona,Mana Featuring Prince Royce,No suitable video
12/24/2011,Bang Bang Pow Pow,T-Pain Featuring Lil Wayne,No suitable video
12/17/2011,Tongue Tied,Grouplove,No suitable video
12/24/2011,We Are Young,fun. Featuring Janelle Monae,No suitable video
12/24/2011,Amen,Edens Edge,No suitable video
12/17/2011,It's Beginning To Look A Lot Like Christmas,Michael Buble,No suitable video
11/26/2011,Home,Dierks Bentley,No suitable video
12/31/2011,Ass Back Home,Gym Class Heroes Featuring Neon Hitch,No suitable video
12/3/2011,Hate Sleeping Alone,Drake,No suitable video
12/24/2011,You Gonna Fly,Keith Urban,No suitable video
12/31/2011,A Woman Like You,Lee Brice,No suitable video
12/31/2011,All I Want For Christmas Is You,Michael Buble,No suitable video
1/7/2012,Stupid Hoe,Nicki Minaj,No suitable video
1/7/2012,Wild Ones,Flo Rida Featuring Sia,No suitable video
1/21/2012,Where I Come From,Montgomery Gentry,No suitable video
1/21/2012,Gotta Have It,Jay Z Kanye West,No suitable video
1/21/2012,I Won't Give Up,Jason Mraz,No suitable video
1/21/2012,Somebody That I Used To Know,Gotye Featuring Kimbra,No suitable video
1/28/2012,Tattoo,Van Halen,No suitable video
2/4/2012,The First Time Ever I Saw Your Face,Glee Cast,No suitable video
1/28/2012,Video Games,Lana Del Rey,No suitable video
2/4/2012,Mr. Wrong,Mary J. Blige Featuring Drake,No suitable video
2/11/2012,Do It Like You,Diggy Featuring Jeremih,No suitable video
2/4/2012,Moves Like Jagger / Jumpin' Jack Flash,Glee Cast,No suitable video
2/4/2012,Faded,Tyga Featuring Lil Wayne,No suitable video
2/18/2012,Give Me All Your Luvin',Madonna Featuring Nicki Minaj & M.I.A.,No suitable video
2/18/2012,Black Or White,Glee Cast,No suitable video
2/18/2012,Human Nature,Glee Cast,No suitable video
2/18/2012,Bad,Glee Cast,No suitable video
2/18/2012,Wanna Be Startin' Somethin',Glee Cast,No suitable video
2/18/2012,Smooth Criminal,Glee Cast Featuring 2Cellos,No suitable video
2/25/2012,Feel So Close,Calvin Harris,No suitable video
2/18/2012,4 AM,Melanie Fiona,No suitable video
2/25/2012,Drank In My Cup,Kirko Bangz,No suitable video
2/25/2012,La Isla Bonita,Glee Cast Featuring Ricky Martin,No suitable video
2/25/2012,Somethin' 'Bout A Truck,Kip Moore,No suitable video
2/25/2012,Snitches Ain't...,"YG Featuring Tyga, Snoop Dogg & Nipsey Hussle",No suitable video
2/25/2012,Sexy And I Know It,Glee Cast Featuring Ricky Martin,No suitable video
3/3/2012,I Will Always Love You,Glee Cast,No suitable video
3/3/2012,What Makes You Beautiful,One Direction,No suitable video
3/3/2012,Runaway Baby,Bruno Mars,No suitable video
3/10/2012,What Doesn't Kill You (Stronger),Glee Cast,No suitable video
3/10/2012,Fly / I Believe I Can Fly,Glee Cast,No suitable video
3/3/2012,Stereo Hearts,Glee Cast,No suitable video
3/10/2012,Some Nights,fun.,No suitable video
3/3/2012,I Can Only Imagine,David Guetta Featuring Chris Brown & Lil Wayne,No suitable video
3/10/2012,Cough Syrup,Glee Cast,No suitable video
3/10/2012,Glad You Came,Glee Cast,No suitable video
3/10/2012,Fly Over States,Jason Aldean,No suitable video
3/10/2012,Here's To Us,Glee Cast,No suitable video
3/10/2012,So Good,B.o.B,No suitable video
3/17/2012,Springsteen,Eric Church,No suitable video
3/17/2012,Roman Reloaded,Nicki Minaj Featuring Lil Wayne,No suitable video
3/17/2012,Live My Life,Far*East Movement Featuring Justin Bieber,No suitable video
3/17/2012,Thank You,Estelle,No suitable video
3/31/2012,TTYLXOX,Bella Thorne,No suitable video
3/17/2012,UP!,LoveRance Featuring IamSu & Skipper or 50 Cent,No suitable video
3/24/2012,Midnight City,M83.,No suitable video
3/31/2012,Changed,Rascal Flatts,No suitable video
3/24/2012,No Hurry,Zac Brown Band,No suitable video
4/7/2012,Bully,Shinedown,No suitable video
4/7/2012,Eyes Open,Taylor Swift,No suitable video
4/14/2012,I Dont Really Care,Waka Flocka Flame Featuring Trey Songz,No suitable video
4/21/2012,Feel Like A Rock Star,Kenny Chesney & Tim McGraw,No suitable video
4/14/2012,Naked,Dev & Enrique Iglesias,No suitable video
4/21/2012,(Kissed You) Good Night,Gloriana,No suitable video
4/21/2012,Is Anybody Out There?,K'Naan Featuring Nelly Furtado,No suitable video
4/14/2012,Ai Se Eu Te Pego,Michel Telo,No suitable video
4/21/2012,Another Round,Fat Joe Featuring Chris Brown,No suitable video
4/28/2012,Hungry Like The Wolf / Rio,Glee Cast,No suitable video
4/21/2012,Dance Again,Jennifer Lopez Featuring Pitbull,No suitable video
5/5/2012,Way Too Cold,Kanye West Featuring DJ Khaled,No suitable video
4/28/2012,Cashin' Out,Ca$h Out,No suitable video
4/21/2012,Take It To The Head,"DJ Khaled Featuring Chris Brown, Rick Ross, Nicki Minaj & Lil Wayne",No suitable video
4/28/2012,Somebody That I Used To Know,Glee Cast,No suitable video
5/5/2012,Burn It Down,Linkin Park,No suitable video
5/12/2012,Wanted,Hunter Hayes,No suitable video
5/12/2012,It's Not Right But It's Okay,Glee Cast,No suitable video
5/19/2012,Shake It Out,Glee Cast,No suitable video
5/12/2012,How Will I Know,Glee Cast,No suitable video
5/19/2012,Both Of Us,B.o.B Featuring Taylor Swift,No suitable video
5/12/2012,"Work Hard, Play Hard",Wiz Khalifa,No suitable video
5/12/2012,Whistle,Flo Rida,No suitable video
5/26/2012,No Lie,2 Chainz Featuring Drake,No suitable video
6/2/2012,The Fighter,Gym Class Heroes Featuring Ryan Tedder,No suitable video
6/2/2012,Cowboys And Angels,Dustin Lynch,No suitable video
5/26/2012,5-1-5-0,Dierks Bentley,No suitable video
6/2/2012,Nobody's Perfect,J. Cole Featuring Missy Elliott,No suitable video
6/9/2012,We've Got Tonight,Phillip Phillips,No suitable video
6/16/2012,I'm All Yours,Jay Sean Featuring Pitbull,No suitable video
6/9/2012,Wide Awake,Katy Perry,No suitable video
6/23/2012,Ho Hey,The Lumineers,No suitable video
6/23/2012,Pontoon,Little Big Town,No suitable video
6/23/2012,Glass,Thompson Square,No suitable video
6/23/2012,My Homies Still,Lil Wayne Featuring Big Sean,No suitable video
6/23/2012,It's Time,Imagine Dragons,No suitable video
7/7/2012,One More Night,Maroon 5,No suitable video
6/30/2012,She's So Mean,matchbox twenty,No suitable video
7/14/2012,Promises,NERO,No suitable video
6/30/2012,Over,Blake Shelton,No suitable video
6/23/2012,Gold On The Ceiling,The Black Keys,No suitable video
7/14/2012,The Wind,Zac Brown Band,No suitable video
7/14/2012,Lost In The Echo,Linkin Park,No suitable video
7/28/2012,Thinkin Bout You,Frank Ocean,No suitable video
7/28/2012,That's Why I Pray,Big & Rich,No suitable video
7/28/2012,Pop That,"French Montana Featuring Rick Ross, Drake, Lil Wayne",No suitable video
8/4/2012,Runaways,The Killers,No suitable video
7/28/2012,50 Ways To Say Goodbye,Train,No suitable video
8/4/2012,Settle Down,No Doubt,No suitable video
8/18/2012,Enough Of No Love,Keyshia Cole Featuring Lil Wayne,No suitable video
8/25/2012,I Will Wait,Mumford & Sons,No suitable video
8/25/2012,Oh Love,Green Day,No suitable video
8/25/2012,Turn On The Lights,Future,No suitable video
9/8/2012,Throw That,Slaughterhouse Featuring Eminem,No suitable video
8/11/2012,Neon,Chris Young,No suitable video
9/8/2012,Creepin',Eric Church,No suitable video
9/8/2012,Kiss Tomorrow Goodbye,Luke Bryan,No suitable video
8/18/2012,Let Me Love You (Until You Learn To Love Yourself),Ne-Yo,No suitable video
9/1/2012,Cruise,Florida Georgia Line Featuring Nelly,No suitable video
8/18/2012,Radioactive,Imagine Dragons,No suitable video
9/8/2012,I Don't Like,Chief Keef Featuring Lil Reese,No suitable video
9/15/2012,Thrift Shop,Macklemore & Ryan Lewis Featuring Wanz,No suitable video
9/15/2012,Ice,Kelly Rowland Featuring Lil Wayne,No suitable video
9/15/2012,Feel Again,OneRepublic,No suitable video
9/22/2012,Dance For You,Beyonce,No suitable video
9/22/2012,Ronan,Taylor Swift,No suitable video
9/22/2012,Clique,"Kanye West, Jay-Z, Big Sean",No suitable video
9/15/2012,Battle Scars,Lupe Fiasco & Guy Sebastian,No suitable video
9/22/2012,Girl On Fire,Alicia Keys Featuring Nicki Minaj,No suitable video
10/6/2012,Celebration,"Game Featuring Chris Brown, Tyga, Wiz Khalifa & Lil Wayne",No suitable video
10/6/2012,Your Body,Christina Aguilera,No suitable video
10/6/2012,Did It For The Girl,Greg Bates,No suitable video
9/29/2012,Finally Found You,Enrique Iglesias Featuring Sammy Adams,No suitable video
10/6/2012,Beer Money,Kip Moore,No suitable video
9/29/2012,It's Time,Glee Cast,No suitable video
10/6/2012,Try,P!nk,No suitable video
10/13/2012,Die Young,Ke$ha,No suitable video
10/20/2012,The Scientist,Glee Cast,No suitable video
10/20/2012,Lover Of The Light,Mumford & Sons,No suitable video
10/20/2012,Skyfall,Adele,No suitable video
10/20/2012,Southern Comfort Zone,Brad Paisley,No suitable video
10/20/2012,How Country Feels,Randy Houser,No suitable video
10/20/2012,Live While We're Young,One Direction,No suitable video
10/20/2012,My Moment,"DJ Drama Featuring 2 Chainz, Meek Mill & Jeremih",No suitable video
10/27/2012,Anything Could Happen,Ellie Goulding,No suitable video
10/27/2012,Goodbye In Her Eyes,Zac Brown Band,No suitable video
10/20/2012,Locked Out Of Heaven,Bruno Mars,No suitable video
12/8/2012,Seven Nation Army,Melanie Martinez,No suitable video
11/3/2012,Sweet Nothing,Calvin Harris Featuring Florence Welch,No suitable video
11/17/2012,Tip It On Back,Dierks Bentley,No suitable video
11/24/2012,The Only Way I Know,Jason Aldean With Luke Bryan & Eric Church,No suitable video
11/24/2012,Tornado,Little Big Town,No suitable video
12/8/2012,Somebody's Heartbreak,Hunter Hayes,No suitable video
12/15/2012,Representin',Ludacris Featuring Kelly Rowland,No suitable video
12/22/2012,Daylight,Maroon 5,No suitable video
12/22/2012,Neva End,Future,No suitable video
12/22/2012,Stubborn Love,The Lumineers,No suitable video
12/22/2012,Love And War,Tamar Braxton,No suitable video
12/29/2012,Love Sosa,Chief Keef,No suitable video
12/29/2012,Merry Go 'round,Kacey Musgraves,No suitable video
12/15/2012,Scream & Shout,will.i.am & Britney Spears,No suitable video
1/12/2013,Cups (Pitch Perfect's When I'm Gone),Anna Kendrick,No suitable video
1/19/2013,Carry On,fun.,No suitable video
12/22/2012,When I Was Your Man,Bruno Mars,No suitable video
1/5/2013,King Wizard,Kid Cudi,No suitable video
1/19/2013,On My Own,Samantha Barks,No suitable video
1/26/2013,Demons,Imagine Dragons,No suitable video
2/2/2013,Wagon Wheel,Darius Rucker,No suitable video
1/5/2013,C'mon,Ke$ha,No suitable video
2/16/2013,Yolo,The Lonely Island Featuring Adam Levine & Kendrick Lamar,No suitable video
2/9/2013,Dope,Tyga Featuring Rick Ross,No suitable video
2/9/2013,Feel This Moment,Pitbull Featuring Christina Aguilera,No suitable video
2/16/2013,Let Me Love You (Until You Learn To Love Yourself),Glee Cast,No suitable video
2/2/2013,Long Live A$AP,A$AP Rocky,No suitable video
2/16/2013,Loveeeeeee Song,Rihanna Featuring Future,No suitable video
2/16/2013,Same Love,Macklemore & Ryan Lewis Featuring Mary Lambert,No suitable video
2/23/2013,Bad,Wale Featuring Tiara Thomas Or Rihanna,No suitable video
3/2/2013,Alive,Krewella,No suitable video
2/16/2013,I Love It,Icona Pop Featuring Charli XCX,No suitable video
3/9/2013,Next To Me,Emeli Sande,No suitable video
3/9/2013,Hey Porsche,Nelly,No suitable video
3/2/2013,Bugatti,Ace Hood Featuring Future & Rick Ross,No suitable video
3/9/2013,Karate Chop (Remix),Future Featuring Lil Wayne,No suitable video
3/16/2013,Gold,Britt Nicole,No suitable video
3/23/2013,Beat This Summer,Brad Paisley,No suitable video
3/30/2013,1994,Jason Aldean,No suitable video
4/6/2013,Wop,J. Dash,No suitable video
3/30/2013,So Many Girls,"DJ Drama Featuring Wale, Tyga & Roscoe Dash",No suitable video
3/16/2013,Heart Attack,Demi Lovato,No suitable video
2/16/2013,Can't Hold Us,Macklemore & Ryan Lewis Featuring Ray Dalton,No suitable video
4/6/2013,#thatPOWER,will.i.am Featuring Justin Bieber,No suitable video
3/16/2013,It's A Beautiful Day,Michael Buble,No suitable video
4/20/2013,Wings,Little Mix,No suitable video
4/13/2013,The Phoenix,Fall Out Boy,No suitable video
4/13/2013,Lego House,Ed Sheeran,No suitable video
4/13/2013,The Way,Ariana Grande Featuring Mac Miller,No suitable video
4/27/2013,Still Into You,Paramore,No suitable video
4/27/2013,Here's To Never Growing Up,Avril Lavigne,No suitable video
4/27/2013,Ready,Fabolous Featuring Chris Brown,No suitable video
4/27/2013,U.O.E.N.O.,Rocko Featuring Future & Rick Ross,No suitable video
4/27/2013,I Hit It First,Ray J Featuring Bobby Brackins,No suitable video
4/27/2013,I Want Crazy,Hunter Hayes,No suitable video
4/27/2013,Crash My Party,Luke Bryan,No suitable video
5/4/2013,I Need Your Love,Calvin Harris Featuring Ellie Goulding,No suitable video
5/4/2013,Fall Down,will.i.am Featuring Miley Cyrus,No suitable video
4/27/2013,Accidental Racist,Brad Paisley Featuring LL Cool J,No suitable video
5/11/2013,Jump Right In,Zac Brown Band,No suitable video
5/25/2013,Runnin' Outta Moonlight,Randy Houser,No suitable video
5/4/2013,Beat It,Sean Kingston Featuring Chris Brown & Wiz Khalifa,No suitable video
5/11/2013,Brave,Sara Bareilles,No suitable video
5/11/2013,No New Friends (SFTB Remix),"DJ Khaled Featuring Drake, Rick Ross & Lil Wayne",No suitable video
5/25/2013,Maybe It Was Memphis,Danielle Bradbery,No suitable video
5/18/2013,Hey Girl,Billy Currington,No suitable video
6/8/2013,We Own It (Fast & Furious),2 Chainz & Wiz Khalifa,No suitable video
6/8/2013,"Heads Carolina, Tails California",Danielle Bradbery,No suitable video
6/1/2013,Really Don't Care,Demi Lovato Featuring Cher Lloyd,No suitable video
6/8/2013,Beneath Your Beautiful,Labrinth Featuring Emeli Sande,No suitable video
5/25/2013,Live It Up,Jennifer Lopez Featuring Pitbull,No suitable video
6/15/2013,Grandpa (Tell Me 'Bout The Good Old Days),Danielle Bradbery,No suitable video
6/1/2013,Little Bit Of Everything,Keith Urban,No suitable video
6/15/2013,Crazy Kids,Ke$ha Featuring will.i.am Or Juicy J,No suitable video
6/22/2013,I Knew You Were Trouble,Michelle Chamuel,No suitable video
6/29/2013,Turn The Page,The Swon Brothers,No suitable video
6/29/2013,I Got You,Jack Johnson,No suitable video
6/29/2013,Danny's Song,The Swon Brothers,No suitable video
6/29/2013,Please Remember Me,Danielle Bradbery,No suitable video
7/6/2013,Why,Michelle Chamuel,No suitable video
6/29/2013,Sad,Amber Carrington,No suitable video
6/29/2013,Who I Am,Danielle Bradbery,No suitable video
7/6/2013,I Can't Tell You Why,The Swon Brothers,No suitable video
7/6/2013,Born To Fly,Danielle Bradbery,No suitable video
7/6/2013,One,Usher & Michelle Chamuel,No suitable video
7/20/2013,Feds Watching,2 Chainz Featuring Pharrell,No suitable video
7/27/2013,Tom Ford,JAY-Z,No suitable video
7/20/2013,Live For The Night,Krewella,No suitable video
7/27/2013,Oceans,Jay Z Featuring Frank Ocean,No suitable video
7/27/2013,Crown,JAY-Z,No suitable video
7/27/2013,Holy Grail,Jay Z Featuring Justin Timberlake,No suitable video
7/27/2013,Part II (On The Run),Jay Z Featuring Beyonce,No suitable video
7/27/2013,F*ckwithmeyouknowigotit,Jay Z Featuring Rick Ross,No suitable video
7/27/2013,Picasso Baby,JAY-Z,No suitable video
8/3/2013,Wildfire,John Mayer,No suitable video
7/13/2013,Wake Me Up!,Avicii,No suitable video
8/3/2013,Miss Jackson,Panic! At The Disco Featuring Lolo,No suitable video
8/10/2013,Cruisin' For A Bruisin',"Ross Lynch, Grace Phipps And Jason Evigan",No suitable video
8/3/2013,Miss Movin' On,Fifth Harmony,No suitable video
8/10/2013,Burn,Ellie Goulding,No suitable video
8/17/2013,True Love,P!nk Featuring Lily Allen,No suitable video
8/17/2013,Let Her Go,Passenger,No suitable video
9/14/2013,Oh Sweet Lorraine,Green Shoe Studio Featuring Jacob Colgan & Fred Stobaugh,No suitable video
9/7/2013,Almost Is Never Enough,Ariana Grande & Nathan Sykes,No suitable video
8/24/2013,Hopeless Wanderer,Mumford & Sons,No suitable video
8/31/2013,That's My Kind Of Night,Luke Bryan,No suitable video
9/21/2013,All Of Me,John Legend,No suitable video
8/31/2013,This Is Gospel,Panic! At The Disco,No suitable video
8/31/2013,Your Side Of The Bed,Little Big Town,No suitable video
9/21/2013,Atlas,Coldplay,No suitable video
9/21/2013,The Fox,Ylvis,No suitable video
9/28/2013,Outta My Head,Craig Campbell,No suitable video
9/28/2013,We Were Us,Keith Urban And Miranda Lambert,No suitable video
9/28/2013,Propuesta Indecente,Romeo Santos,No suitable video
10/5/2013,Animals,Martin Garrix,No suitable video
9/28/2013,Reflektor,Arcade Fire,No suitable video
10/5/2013,This Is What It Feels Like,Armin van Buuren Featuring Trevor Guthrie,No suitable video
10/5/2013,A Light That Never Comes,Linkin Park X Steve Aoki,No suitable video
10/12/2013,From Time,Drake Featuring Jhene Aiko,No suitable video
10/26/2013,V.S.O.P.,K. Michelle,No suitable video
11/2/2013,Radio,Darius Rucker,No suitable video
10/26/2013,Adore You,Miley Cyrus,No suitable video
11/2/2013,Chinese Food,Alison Gold,No suitable video
11/2/2013,Sweet Annie,Zac Brown Band,No suitable video
10/26/2013,Someone Else,Miley Cyrus,No suitable video
11/2/2013,Collard Greens,ScHoolboy Q Featuring Kendrick Lamar,No suitable video
11/2/2013,Closer,Tegan And Sara,No suitable video
11/9/2013,Wait For A Minute,Tyga & Justin Bieber,No suitable video
11/9/2013,Do What U Want,Lady Gaga Featuring R. Kelly,No suitable video
11/9/2013,Rough Water,Travie McCoy Featuring Jason Mraz,No suitable video
11/16/2013,The Monster,Eminem Featuring Rihanna,No suitable video
11/23/2013,A Case Of You,James Wolpert,No suitable video
11/23/2013,Beautiful Pain,Eminem Featuring Sia,No suitable video
11/30/2013,Up All Night,Jon Pardi,No suitable video
11/23/2013,Everybody's Got Somebody But Me,Hunter Hayes Featuring Jason Mraz,No suitable video
11/30/2013,Hallelujah,Matthew Schuler,No suitable video
12/7/2013,Up Down (Do This All Day),T-Pain Featuring B.o.B,No suitable video
12/14/2013,Let It Go,Idina Menzel,No suitable video
12/14/2013,Let It Go,Demi Lovato,No suitable video
12/14/2013,At Last,Will Champlin,No suitable video
12/21/2013,Do I Wanna Know?,Arctic Monkeys,No suitable video
12/14/2013,Heart Attack,Enrique Iglesias,No suitable video
12/21/2013,I. Crawl,Childish Gambino,No suitable video
12/28/2013,Angel,Jacquie Lee,No suitable video
12/28/2013,V. 3005,Childish Gambino,No suitable video
12/28/2013,Bridge Over Troubled Water,Tessanne Chin,No suitable video
1/4/2014,Paranoid,Ty Dolla $ign Featuring B.o.B,No suitable video
1/4/2014,Talk Dirty,Jason Derulo Featuring 2 Chainz,No suitable video
1/4/2014,Drunk In Love,Beyonce Featuring Jay Z,No suitable video
1/4/2014,I Have Nothing,Tessanne Chin,No suitable video
1/4/2014,Mine,Beyonce Featuring Drake,No suitable video
1/11/2014,Turn Down For What,DJ Snake & Lil Jon,No suitable video
1/4/2014,XO,Beyonce,No suitable video
1/4/2014,Let It Be,Tessanne Chin & Adam Levine,No suitable video
1/18/2014,Happy,Pharrell Williams,No suitable video
1/11/2014,For The First Time In Forever,Kristen Bell & Idina Menzel,No suitable video
1/11/2014,Do You Want To Build A Snowman?,"Kristen Bell, Agatha Lee Monn & Katie Lopez",No suitable video
1/25/2014,How I Feel,Flo Rida,No suitable video
1/25/2014,Partition,Beyonce,No suitable video
1/18/2014,19 You + Me,Dan + Shay,No suitable video
1/25/2014,Ride,SoMo,No suitable video
2/1/2014,Loyal,Chris Brown Featuring Lil Wayne & French Montana Or Too $hort Or Tyga,No suitable video
2/1/2014,Take Me Home,Cash Cash Featuring Bebe Rexha,No suitable video
2/1/2014,Oceans (Where Feet May Fail),Hillsong UNITED,No suitable video
2/8/2014,Man Of The Year,ScHoolboy Q,No suitable video
2/15/2014,Odio,Romeo Santos Featuring Drake,No suitable video
2/8/2014,They Don't Know,Rico Love,No suitable video
2/15/2014,Cop Car,Keith Urban,No suitable video
2/15/2014,On Top Of The World,Imagine Dragons,No suitable video
3/1/2014,Classic,MKTO,No suitable video
2/15/2014,Follow Your Arrow,Kacey Musgraves,No suitable video
2/22/2014,The Worst,Jhene Aiko,No suitable video
2/15/2014,Can't Raise A Man,K. Michelle,No suitable video
3/1/2014,Explosions,Ellie Goulding,No suitable video
3/1/2014,Everything Is AWESOME!!!,Tegan And Sara Featuring The Lonely Island,No suitable video
3/15/2014,The Walker,Fitz And The Tantrums,No suitable video
3/8/2014,Ordinary Love,U2,No suitable video
3/15/2014,Ain't It Fun,Paramore,No suitable video
3/29/2014,We Might Be Dead By Tomorrow,Soko,No suitable video
3/29/2014,Headlights,Eminem Featuring Nate Ruess,No suitable video
3/29/2014,Play It Again,Luke Bryan,No suitable video
4/12/2014,John Doe,B.o.B Featuring Priscilla,No suitable video
3/29/2014,Red Lights,Tiesto,No suitable video
3/29/2014,Love Is An Open Door,Kristen Bell & Santino Fontana,No suitable video
4/12/2014,Me And My Broken Heart,Rixton,No suitable video
3/29/2014,Or Nah,Ty Dolla $ign Featuring Wiz Khalifa & DJ Mustard,No suitable video
4/19/2014,She Looks So Perfect,5 Seconds Of Summer,No suitable video
4/19/2014,Stay With Me,Sam Smith,No suitable video
4/26/2014,Girls Chase Boys,Ingrid Michaelson,No suitable video
4/26/2014,Cut Her Off,KCamp Featuring 2 Chainz,No suitable video
5/3/2014,I Don't Dance,Lee Brice,No suitable video
4/26/2014,Feelin' Myself,"will.i.am Featuring Miley Cyrus, French Montana, Wiz Khalifa & DJ Mustard",No suitable video
5/3/2014,Midnight,Coldplay,No suitable video
5/3/2014,Am I Wrong,Nico & Vinz,No suitable video
5/10/2014,We Are Tonight,Billy Currington,No suitable video
5/10/2014,Wake Up Lovin' You,Craig Morgan,No suitable video
5/10/2014,Stay With Me,Josh Kaufman,No suitable video
5/10/2014,Rude,MAGIC!,No suitable video
5/17/2014,Wiggle,Jason Derulo Featuring Snoop Dogg,No suitable video
5/24/2014,I Can't Make You Love Me,Josh Kaufman,No suitable video
5/24/2014,Chandelier,Sia,No suitable video
5/24/2014,River Bank,Brad Paisley,No suitable video
5/24/2014,Come Get It Bae,Pharrell Williams,No suitable video
5/31/2014,Heaven,Jake Worthington,No suitable video
5/31/2014,Drunk On A Plane,Dierks Bentley,No suitable video
5/31/2014,Main Chick,Kid Ink Featuring Chris Brown,No suitable video
5/31/2014,Don't Stop,5 Seconds Of Summer,No suitable video
6/7/2014,Leave Your Lover,Sam Smith,No suitable video
6/7/2014,Bartender,Lady Antebellum,No suitable video
6/14/2014,Believe Me,Lil Wayne Featuring Drake,No suitable video
6/7/2014,Somebody That I Used To Know,Christina Grimmie & Adam Levine,No suitable video
6/21/2014,I'm Not The Only One,Sam Smith,No suitable video
6/14/2014,Good Girls,5 Seconds Of Summer,No suitable video
6/28/2014,Rather Be,Clean Bandit Featuring Jess Glynne,No suitable video
7/5/2014,American Kids,Kenny Chesney,No suitable video
6/21/2014,Boom Clap,Charli XCX,No suitable video
7/5/2014,Kiss Me Kiss Me,5 Seconds Of Summer,No suitable video
7/12/2014,Riptide,Vance Joy,No suitable video
7/12/2014,She Twerkin,Ca$h Out,No suitable video
7/12/2014,Leave The Night On,Sam Hunt,No suitable video
7/26/2014,Cool Kids,Echosmith,No suitable video
7/12/2014,Life Of The Party,Shawn Mendes,No suitable video
7/19/2014,Amnesia,5 Seconds Of Summer,No suitable video
7/19/2014,Ten Feet Tall,Afrojack Featuring Wrabel,No suitable video
7/26/2014,Try,Colbie Caillat,No suitable video
7/26/2014,You & I (Nobody In The World),John Legend,No suitable video
8/2/2014,Everything I Didn't Say,5 Seconds Of Summer,No suitable video
8/2/2014,Word Crimes,"""Weird Al"" Yankovic",No suitable video
8/23/2014,Cold One,Eric Church,No suitable video
8/16/2014,Hot Boy,Bobby Shmurda,No suitable video
8/2/2014,Roller Coaster,Luke Bryan,No suitable video
9/13/2014,24 Hours,TeeFLii Featuring 2 Chainz,No suitable video
8/16/2014,Chasing The Sun,Hilary Duff,No suitable video
8/16/2014,I Will Never Let You Down,Rita Ora,No suitable video
9/13/2014,***Flawless,Beyonce Featuring Nicki Minaj Or Chimamanda Ngozi Adichie,No suitable video
9/13/2014,Guts Over Fear,Eminem Featuring Sia,No suitable video
9/27/2014,Centuries,Fall Out Boy,No suitable video
10/11/2014,I Don't F**k With You,Big Sean Featuring E-40,No suitable video
9/27/2014,Dear Future Husband,Meghan Trainor,No suitable video
9/20/2014,Hold You Down,"DJ Khaled Featuring Chris Brown, August Alsina, Future & Jeremih",No suitable video
10/11/2014,Tuesday,I LOVE MAKONNEN Featuring Drake,No suitable video
10/18/2014,U Guessed It,OG Maco Featuring 2 Chainz,No suitable video
10/11/2014,Tonight Looks Good On You,Jason Aldean,No suitable video
11/1/2014,In Your Arms,Nico & Vinz,No suitable video
11/1/2014,Drinking Class,Lee Brice,No suitable video
10/25/2014,Perfect Storm,Brad Paisley,No suitable video
11/8/2014,Beg For It,Iggy Azalea Featuring M0,No suitable video
10/11/2014,Left Hand Free,alt-J,No suitable video
11/8/2014,G.D.F.R.,Flo Rida Featuring Sage The Gemini & Lookas,No suitable video
11/15/2014,I Won't Let You Down,OK Go,No suitable video
11/8/2014,God Made Girls,RaeLynn,No suitable video
11/8/2014,Talladega,Eric Church,No suitable video
11/8/2014,Welcome To New York,Taylor Swift,No suitable video
11/8/2014,Dangerous,David Guetta Featuring Sam Martin,No suitable video
12/6/2014,Bed Of Lies,Nicki Minaj Featuring Skylar Grey,No suitable video
11/15/2014,I Bet My Life,Imagine Dragons,No suitable video
12/6/2014,Take Me To Church,Matt McAndrew,No suitable video
11/29/2014,She Knows,Ne-Yo Featuring Juicy J,No suitable video
11/15/2014,Ghost,Ella Henderson,No suitable video
12/6/2014,CoCo,O.T. Genasis,No suitable video
12/13/2014,I See You,Luke Bryan,No suitable video
12/13/2014,I Lived,OneRepublic,No suitable video
12/13/2014,Time Of Our Lives,Pitbull & Ne-Yo,No suitable video
12/13/2014,7/11,Beyonce,No suitable video
12/20/2014,Royals,Taylor John Williams,No suitable video
12/20/2014,The Blower's Daughter,Matt McAndrew,No suitable video
12/20/2014,Geronimo,Sheppard,No suitable video
12/20/2014,Like A Cowboy,Randy Houser,No suitable video
12/27/2014,Make It Rain,Matt McAndrew,No suitable video
12/20/2014,Lonely Tonight,Blake Shelton Featuring Ashley Monroe,No suitable video
12/27/2014,Break The Rules,Charli XCX,No suitable video
1/17/2015,Take Your Time,Sam Hunt,No suitable video
1/17/2015,What We Ain't Got,Jake Owen,No suitable video
1/24/2015,All About It,Hoodie Allen Featuring Ed Sheeran,No suitable video
1/24/2015,Blank Space,I Prevail,No suitable video
1/24/2015,Elastic Heart,Sia,No suitable video
2/7/2015,Trap Queen,Fetty Wap,No suitable video
1/31/2015,Say You Do,Dierks Bentley,No suitable video
1/10/2015,Stuck On A Feeling,Prince Royce Featuring Snoop Dogg,No suitable video
1/24/2015,Not For Long,B.o.B Featuring Trey Songz,No suitable video
2/21/2015,Out The Speakers,A-Trak + Milo & Otis Featuring Rich Kidz,No suitable video
2/28/2015,Keep Your Money,Empire Cast Featuring Jussie Smollett,No suitable video
2/14/2015,Shots,Imagine Dragons,No suitable video
2/7/2015,Slow Motion,Trey Songz,No suitable video
3/7/2015,Wonderland,Taylor Swift,No suitable video
2/28/2015,One Last Time,Ariana Grande,No suitable video
3/14/2015,First Kiss,Kid Rock,No suitable video
2/21/2015,Girl Crush,Little Big Town,No suitable video
3/14/2015,Smoke,A Thousand Horses,No suitable video
3/14/2015,Paradise,Big Sean,No suitable video
2/28/2015,What Kind Of Man,Florence + The Machine,No suitable video
3/21/2015,Where Are U Now,Skrillex & Diplo With Justin Bieber,No suitable video
3/21/2015,She Don't Love You,Eric Paslay,No suitable video
3/28/2015,Believe,Mumford & Sons,No suitable video
3/28/2015,Wild Child,Kenny Chesney With Grace Potter,No suitable video
4/11/2015,Baby Blue,Action Bronson Featuring Chance The Rapper,No suitable video
3/28/2015,Bright,Echosmith,No suitable video
4/11/2015,El Perdon (Forgiveness),Nicky Jam & Enrique Iglesias,No suitable video
3/28/2015,See You Again,Wiz Khalifa Featuring Charlie Puth,No suitable video
4/4/2015,Fairly Local,twenty one pilots,No suitable video
4/11/2015,You Know You Like It,DJ Snake & AlunaGeorge,No suitable video
4/18/2015,Love Me Like You Mean It,Kelsea Ballerini,No suitable video
4/25/2015,Tear In My Heart,twenty one pilots,No suitable video
4/18/2015,Get Low,Dillon Francis & DJ Snake,No suitable video
4/11/2015,Hey Mama,"David Guetta Featuring Nicki Minaj, Bebe Rexha & Afrojack",No suitable video
4/25/2015,Lean On,Major Lazer & DJ Snake Featuring MO,No suitable video
4/25/2015,Baby Be My Love Song,Easton Corbin,No suitable video
4/25/2015,Ride Out,"Kid Ink, Tyga, Wale, YG & Rich Homie Quan",No suitable video
5/2/2015,Sangria,Blake Shelton,No suitable video
5/2/2015,Nasty Freestyle,T-Wayne,No suitable video
5/9/2015,Hallelujah,Panic! At The Disco,No suitable video
5/9/2015,Cheerleader,OMI,No suitable video
5/9/2015,I Don't Get Tired (#IDGT),Kevin Gates Featuring August Alsina,No suitable video
5/9/2015,Nasty,Bandit Gang Marco Featuring Dro,No suitable video
5/9/2015,Nothing Without Love,Nate Ruess,No suitable video
5/2/2015,Fight Song,Rachel Platten,No suitable video
5/30/2015,This Summer's Gonna Hurt...,Maroon 5,No suitable video
5/30/2015,How Many Times,"DJ Khaled Featuring Chris Brown, Lil Wayne & Big Sean",No suitable video
5/16/2015,Crushin' It,Brad Paisley,No suitable video
5/30/2015,I'm Comin' Over,Chris Young,No suitable video
5/23/2015,I Need Your Love,"Shaggy Featuring Mohombi, Faydee, Costi",No suitable video
5/16/2015,Stressed Out,twenty one pilots,No suitable video
5/30/2015,Photograph,Ed Sheeran,No suitable video
6/13/2015,Stitches,Shawn Mendes,No suitable video
6/27/2015,Back It Up,Prince Royce Featuring Jennifer Lopez & Pitbull,No suitable video
6/20/2015,House Party,Sam Hunt,No suitable video
6/13/2015,L$D,A$AP Rocky,No suitable video
6/13/2015,You Changed Me,Jamie Foxx Featuring Chris Brown,No suitable video
6/27/2015,Lose My Mind,Brett Eldredge,No suitable video
7/4/2015,Sparks,Hilary Duff,No suitable video
6/27/2015,3500,Travi$ Scott Featuring Future & 2 Chainz,No suitable video
7/4/2015,Marvin Gaye,Charlie Puth Featuring Meghan Trainor,No suitable video
6/27/2015,"John Cougar, John Deere, John 3:16",Keith Urban,No suitable video
7/11/2015,Yoga,Janelle Monae & Jidenna,No suitable video
7/4/2015,Ghost Town,Adam Lambert,No suitable video
7/11/2015,Like I Can,Sam Smith,No suitable video
7/11/2015,No Sleeep,Janet Featuring J. Cole,No suitable video
7/11/2015,"I Don't Like It, I Love It",Flo Rida Featuring Robin Thicke & Verdine White,No suitable video
7/18/2015,My Way,Fetty Wap Featuring Monty,No suitable video
7/18/2015,Do It Again,Pia Mia Featuring Chris Brown & Tyga,No suitable video
7/18/2015,Cool For The Summer,Demi Lovato,No suitable video
8/1/2015,Kings Never Die,Eminem Featuring Gwen Stefani,No suitable video
8/8/2015,Strip It Down,Luke Bryan,No suitable video
8/22/2015,100,The Game Featuring Drake,No suitable video
8/8/2015,She's Kinda Hot,5 Seconds Of Summer,No suitable video
8/8/2015,Locked Away,R. City Featuring Adam Levine,No suitable video
8/29/2015,Again,Fetty Wap,No suitable video
8/29/2015,Black Magic,Little Mix,No suitable video
9/5/2015,Hit The Quan,iLoveMemphis,No suitable video
9/5/2015,Boyz-N-The Hood,Eazy-E,No suitable video
9/5/2015,The Fix,Nelly Featuring Jeremih,No suitable video
9/5/2015,Straight Outta Compton,N.W.A,No suitable video
9/12/2015,I'm To Blame,Kip Moore,No suitable video
9/12/2015,Smoke Break,Carrie Underwood,No suitable video
9/26/2015,Ginza,J Balvin,No suitable video
9/19/2015,Roots,Imagine Dragons,No suitable video
9/12/2015,Downtown,"Macklemore & Ryan Lewis Featuring Eric Nally, Melle Mel, Kool Moe Dee & Grandmaster Caz",No suitable video
10/3/2015,Hold My Hand,Jess Glynne,No suitable video
10/3/2015,Gonna,Blake Shelton,No suitable video
10/3/2015,Blase,Ty Dolla $ign Featuring Future & Rae Sremmurd,No suitable video
10/10/2015,RGF Island,Fetty Wap,No suitable video
10/10/2015,Live From The Gutter,Drake & Future,No suitable video
10/17/2015,Writing's On The Wall,Sam Smith,No suitable video
10/17/2015,Alive,Sia,No suitable video
10/31/2015,Love Me,The 1975,No suitable video
10/24/2015,Break Up In A Small Town,Sam Hunt,No suitable video
11/21/2015,We Went,Randy Houser,No suitable video
11/14/2015,Emperor's New Clothes,Panic! At The Disco,No suitable video
11/21/2015,Focus,Ariana Grande,No suitable video
11/21/2015,Beautiful Drug,Zac Brown Band,No suitable video
11/28/2015,Adventure Of A Lifetime,Coldplay,No suitable video
11/28/2015,WTF (Where They From),Missy Elliott Featuring Pharrell Williams,No suitable video
11/28/2015,History,One Direction,No suitable video
12/5/2015,Purpose,Justin Bieber,No suitable video
12/5/2015,I Know What You Did Last Summer,Shawn Mendes & Camila Cabello,No suitable video
12/5/2015,No Sense,Justin Bieber Featuring Travi$ Scott,No suitable video
12/12/2015,Home Alone Tonight,Luke Bryan Featuring Karen Fairchild,No suitable video
12/12/2015,Rich $ex,Future,No suitable video
1/9/2016,Stick Talk,Future,No suitable video
12/19/2015,Down In The DM,Yo Gotti Featuring Nicki Minaj,No suitable video
1/2/2016,Mary Did You Know,Jordan Smith,No suitable video
1/2/2016,Good To Be Alive (Hallelujah),Andy Grammer,No suitable video
1/9/2016,Really Really,Kevin Gates,No suitable video
1/2/2016,You Should Be Here,Cole Swindell,No suitable video
1/16/2016,Mr. Misunderstood,Eric Church,No suitable video
1/23/2016,Sugar,Robin Schulz Featuring Francesco Yates,No suitable video
1/30/2016,Lazarus,David Bowie,No suitable video
1/30/2016,Blackstar,David Bowie,No suitable video
2/6/2016,Victorious,Panic! At The Disco,No suitable video
2/6/2016,Lean & Dabb,iLoveMemphis,No suitable video
2/6/2016,7 Years,Lukas Graham,No suitable video
2/13/2016,Bake Sale,Wiz Khalifa Featuring Travi$ Scott,No suitable video
2/6/2016,Death Of A Bachelor,Panic! At The Disco,No suitable video
2/6/2016,Middle,DJ Snake Featuring Bipolar Sunshine,No suitable video
2/13/2016,Country Nation,Brad Paisley,No suitable video
2/20/2016,Hymn For The Weekend,Coldplay,No suitable video
2/13/2016,My Church,Maren Morris,No suitable video
2/20/2016,We Don't Talk Anymore,Charlie Puth Featuring Selena Gomez,No suitable video
2/20/2016,Jam,"Kevin Gates Featuring Trey Songz, Ty Dolla $ign & Jamie Foxx",No suitable video
3/12/2016,Cut It,O.T. Genasis Featuring Young Dolph,No suitable video
3/5/2016,That Don't Sound Like You,Lee Brice,No suitable video
2/20/2016,Youth,Troye Sivan,No suitable video
3/12/2016,The Sound Of Silence,Disturbed,No suitable video
3/19/2016,Head Over Boots,Jon Pardi,No suitable video
3/12/2016,Lost Boy,Ruth B,No suitable video
3/19/2016,T-Shirt,Thomas Rhett,No suitable video
2/27/2016,Low Life,Future Featuring The Weeknd,No suitable video
3/26/2016,Try Everything,Shakira,No suitable video
3/26/2016,Came Here To Forget,Blake Shelton,No suitable video
3/19/2016,Work From Home,Fifth Harmony Featuring Ty Dolla $ign,No suitable video
3/19/2016,Til It Happens To You,Lady Gaga,No suitable video
4/2/2016,Light It Up,Major Lazer Featuring Nyla & Fuse ODG,No suitable video
4/2/2016,Ride,twenty one pilots,No suitable video
4/16/2016,Moolah,Young Greatness,No suitable video
4/9/2016,Team,Iggy Azalea,No suitable video
4/16/2016,"Huntin', Fishin' & Lovin' Every Day",Luke Bryan,No suitable video
5/7/2016,Wicked,Future,No suitable video
4/23/2016,Lights Come On,Jason Aldean,No suitable video
5/14/2016,Wake Up,Fetty Wap,No suitable video
5/14/2016,Hold Up,Beyonce,No suitable video
5/7/2016,You Don't Own Me,Grace Featuring G-Eazy,No suitable video
5/14/2016,Love Drought,Beyonce,No suitable video
5/14/2016,Sorry,Beyonce,No suitable video
5/14/2016,Daddy Lessons,Beyonce,No suitable video
5/14/2016,Forward,Beyonce Featuring James Blake,No suitable video
5/14/2016,Freedom,Beyonce Featuring Kendrick Lamar,No suitable video
5/14/2016,Pray You Catch Me,Beyonce,No suitable video
5/14/2016,All Night,Beyonce,No suitable video
5/14/2016,Don't Hurt Yourself,Beyonce Featuring Jack White,No suitable video
5/14/2016,6 Inch,Beyonce Featuring The Weeknd,No suitable video
5/21/2016,Faithful,Drake Featuring Pimp C & dvsn,No suitable video
5/21/2016,Redemption,Drake,No suitable video
5/21/2016,Weston Road Flows,Drake,No suitable video
5/21/2016,Still Here,Drake,No suitable video
5/21/2016,U With Me?,Drake,No suitable video
5/21/2016,Childs Play,Drake,No suitable video
5/21/2016,This Is What You Came For,Calvin Harris Featuring Rihanna,No suitable video
5/21/2016,Too Good,Drake Featuring Rihanna,No suitable video
5/21/2016,Hype,Drake,No suitable video
5/21/2016,9,Drake,No suitable video
6/4/2016,THat Part,ScHoolboy Q Featuring Kanye West,No suitable video
5/21/2016,Keep The Family Close,Drake,No suitable video
5/21/2016,Grammys,Drake Featuring Future,No suitable video
6/4/2016,I'm Sorry,Adam Wakefield,No suitable video
6/11/2016,With You Tonight / Hasta El Amanecer,Nicky Jam,No suitable video
6/4/2016,Wherever I Go,OneRepublic,No suitable video
6/11/2016,Gold,Kiiara,No suitable video
6/11/2016,Lonesome Broken And Blue,Adam Wakefield,No suitable video
7/9/2016,Ain't No Stopping Us Now,Kane Brown,No suitable video
6/4/2016,No Problem,Chance The Rapper Featuring Lil Wayne & 2 Chainz,No suitable video
6/18/2016,Fix,Chris Lane,No suitable video
7/2/2016,Sweatshirt,Jacob Sartorius,No suitable video
7/2/2016,Broccoli,D.R.A.M. Featuring Lil Yachty,No suitable video
7/23/2016,Brand New,Ben Rector,No suitable video
6/11/2016,From The Ground Up,Dan + Shay,No suitable video
7/30/2016,Duele El Corazon,Enrique Iglesias Feat. Wisin or Tinashe & Javada,No suitable video
7/9/2016,Heathens,twenty one pilots,No suitable video
7/16/2016,I Got The Keys,DJ Khaled Featuring Jay Z & Future,No suitable video
7/30/2016,No Money,Galantis,No suitable video
7/23/2016,Bored To Death,Blink-182,No suitable video
8/6/2016,Mama Said,Lukas Graham,No suitable video
7/30/2016,Love Make The World Go Round,Jennifer Lopez & Lin-Manuel Miranda,No suitable video
8/6/2016,Girls Talk Boys,5 Seconds Of Summer,No suitable video
8/13/2016,1 Night,Lil Yachty,No suitable video
8/13/2016,Hit Or Miss,Jacob Sartorius,No suitable video
8/13/2016,It Don't Hurt Like It Used To,Billy Currington,No suitable video
8/13/2016,Cold Water,Major Lazer Featuring Justin Bieber & MO,No suitable video
8/20/2016,Setting The World On Fire,Kenny Chesney Featuring P!nk,No suitable video
8/20/2016,Chill Bill,Rob $tone Featuring J. Davi$ & Spooks,No suitable video
8/27/2016,Gangsta,Kehlani,No suitable video
8/20/2016,Starving,Hailee Steinfeld & Grey Featuring Zedd,No suitable video
9/10/2016,Mercy,Shawn Mendes,No suitable video
8/27/2016,Do You Mind,"DJ Khaled Featuring Nicki Minaj, Chris Brown, August Alsina, Jeremih, Future & Rick Ross",No suitable video
9/3/2016,Look Alive,Rae Sremmurd,No suitable video
9/3/2016,Rock On,Tucker Beathard,No suitable video
9/10/2016,Nights,Frank Ocean,No suitable video
8/27/2016,Let Me Love You,DJ Snake Featuring Justin Bieber,No suitable video
9/10/2016,Solo,Frank Ocean,No suitable video
9/10/2016,Nikes,Frank Ocean,No suitable video
9/10/2016,Pink + White,Frank Ocean,No suitable video
9/17/2016,Side To Side,Ariana Grande Featuring Nicki Minaj,No suitable video
9/10/2016,Too Much Sauce,DJ ESCO Featuring Future & Lil Uzi Vert,No suitable video
9/10/2016,Ivy,Frank Ocean,No suitable video
9/24/2016,Caroline,Amine,No suitable video
9/17/2016,OOOUUU,Young M.A,No suitable video
10/8/2016,Forever Country,"Artists Of Then, Now & Forever",No suitable video
10/8/2016,Cancer,twenty one pilots,No suitable video
10/15/2016,This Town,Niall Horan,No suitable video
10/1/2016,Sleep Without You,Brett Young,No suitable video
10/8/2016,My Way,Calvin Harris,No suitable video
10/29/2016,Today,Brad Paisley,No suitable video
10/15/2016,HandClap,Fitz And The Tantrums,No suitable video
10/22/2016,Cranes In The Sky,Solange,No suitable video
10/29/2016,24K Magic,Bruno Mars,No suitable video
10/29/2016,Ain't My Fault,Zara Larsson,No suitable video
10/29/2016,Love Me Now,John Legend,No suitable video
11/5/2016,Alone,Marshmello,No suitable video
11/5/2016,My Sh*t,A Boogie Wit da Hoodie,No suitable video
11/12/2016,Greenlight,Pitbull Featuring Flo Rida & LunchMoney Lewis,No suitable video
11/19/2016,"Two Birds, One Stone",Drake,No suitable video
11/12/2016,Shout Out To My Ex,Little Mix,No suitable video
11/5/2016,80s Mercedes,Maren Morris,No suitable video
11/5/2016,Bad Things,Machine Gun Kelly x Camila Cabello,No suitable video
11/19/2016,Better Man,Little Big Town,No suitable video
12/3/2016,We The People....,A Tribe Called Quest,No suitable video
11/12/2016,What They Want,Russ,No suitable video
12/3/2016,Hallelujah,Leonard Cohen,No suitable video
11/19/2016,Blue Notes,Meek Mill,No suitable video
12/3/2016,Call On Me,Starley,No suitable video
12/3/2016,Bad And Boujee,Migos Featuring Lil Uzi Vert,No suitable video
12/10/2016,That's What I Like,Bruno Mars,No suitable video
12/10/2016,Slumber Party,Britney Spears Featuring Tinashe,No suitable video
12/17/2016,You're Welcome,Dwayne Johnson,No suitable video
12/10/2016,Play That Song,Train,No suitable video
12/10/2016,That's My Girl,Fifth Harmony,No suitable video
12/24/2016,False Prophets,J. Cole,No suitable video
12/17/2016,How Far I'll Go,Auli'i Cravalho,No suitable video
12/17/2016,How Far I'll Go,Alessia Cara,No suitable video
12/17/2016,Distraction,Kehlani,No suitable video
12/31/2016,4 Your Eyez Only,J. Cole,No suitable video
12/31/2016,Ville Mentality,J. Cole,No suitable video
12/24/2016,Rockabye,Clean Bandit Featuring Sean Paul & Anne-Marie,No suitable video
12/17/2016,We Know The Way,Opetaia Foa'i & Lin-Manuel Miranda,No suitable video
12/31/2016,I Don't Wanna Live Forever (Fifty Shades Darker),Zayn / Taylor Swift,No suitable video
12/24/2016,Dirt On My Boots,Jon Pardi,No suitable video
12/31/2016,She's Mine Pt. 2,J. Cole,No suitable video
12/31/2016,Just Hold On,Steve Aoki & Louis Tomlinson,No suitable video
12/31/2016,Neighbors,J. Cole,No suitable video
12/31/2016,Deja Vu,J. Cole,No suitable video
1/14/2017,Think A Little Less,Michael Ray,No suitable video
1/14/2017,Timeless,A Boogie Wit da Hoodie Featuring DJ SPINKING,No suitable video
1/7/2017,Last Christmas,Wham!,No suitable video
1/21/2017,Water,Ugly God,No suitable video
1/14/2017,iSpy,KYLE Featuring Lil Yachty,No suitable video
1/14/2017,Way Down We Go,KALEO,No suitable video
1/28/2017,Drinkin' Too Much,Sam Hunt,No suitable video
1/28/2017,Shape Of You,Ed Sheeran,No suitable video
2/4/2017,T-Shirt,Migos,No suitable video
2/4/2017,Not Nice,PARTYNEXTDOOR,No suitable video
2/11/2017,Fast,Luke Bryan,No suitable video
2/11/2017,Road Less Traveled,Lauren Alaina,No suitable video
2/11/2017,Dancing On My Own,Calum Scott,No suitable video
2/4/2017,Paris,The Chainsmokers,No suitable video
2/18/2017,Slippery,Migos Featuring Gucci Mane,No suitable video
2/18/2017,Run Up,Major Lazer Featuring PARTYNEXTDOOR & Nicki Minaj,No suitable video
1/28/2017,Castle On The Hill,Ed Sheeran,No suitable video
2/18/2017,Call Casting,Migos,No suitable video
2/18/2017,Culture,Migos Featuring DJ Khaled,No suitable video
2/18/2017,Kelly Price,Migos Featuring Travis Scott,No suitable video
2/25/2017,In Case You Didn't Know,Brett Young,No suitable video
2/25/2017,Believer,Imagine Dragons,No suitable video
2/18/2017,El Amante,Nicky Jam,No suitable video
2/25/2017,My Old Man,Zac Brown Band,No suitable video
2/25/2017,Jump Out The Window,Big Sean,No suitable video
2/25/2017,Light,Big Sean Featuring Jeremih,No suitable video
2/25/2017,Now & Later,Sage The Gemini,No suitable video
3/4/2017,Shining,DJ Khaled Featuring Beyonce & JAY Z,No suitable video
3/4/2017,Everyday,Ariana Grande Featuring Future,No suitable video
3/11/2017,Heavy,Linkin Park Featuring Kiiara,No suitable video
3/18/2017,Selfish,Future Featuring Rihanna,No suitable video
3/18/2017,Comin Out Strong,Future Featuring The Weeknd,No suitable video
3/18/2017,Losin Control,Russ,No suitable video
3/25/2017,Galway Girl,Ed Sheeran,No suitable video
3/25/2017,Perfect,Ed Sheeran,No suitable video
4/1/2017,Prblms,6LACK,No suitable video
4/1/2017,Chanel,Frank Ocean,No suitable video
4/8/2017,At My Best,Machine Gun Kelly Featuring Hailee Steinfeld,No suitable video
4/8/2017,Swalla,Jason Derulo Featuring Nicki Minaj & Ty Dolla $ign,No suitable video
4/22/2017,Human,Rag'n'Bone Man,No suitable video
4/15/2017,Speak To A Girl,Tim McGraw & Faith Hill,No suitable video
4/22/2017,First Day Out,Tee Grizzley,No suitable video
4/29/2017,Weak,AJR,No suitable video
4/22/2017,Subeme La Radio,"Enrique Iglesias Featuring Descemer Bueno, Zion & Lennox Or Sean Paul",No suitable video
4/15/2017,XO TOUR Llif3,Lil Uzi Vert,No suitable video
4/29/2017,Sign Of The Times,Harry Styles,No suitable video
5/6/2017,Good Life,G-Eazy & Kehlani,No suitable video
5/13/2017,Hard Times,Paramore,No suitable video
4/29/2017,Everyday We Lit,YFN Lucci Featuring PnB Rock,No suitable video
5/13/2017,Lust For Life,Lana Del Rey Featuring The Weeknd,No suitable video
5/13/2017,My Girl,Dylan Scott,No suitable video
5/13/2017,There's Nothing Holdin' Me Back,Shawn Mendes,No suitable video
5/20/2017,Thunder,Imagine Dragons,No suitable video
5/13/2017,Attention,Charlie Puth,No suitable video
5/20/2017,First Time,Kygo & Ellie Goulding,No suitable video
6/3/2017,Ghost In This House,Lauren Duski,No suitable video
5/20/2017,I'm The One,"DJ Khaled Featuring Justin Bieber, Quavo, Chance The Rapper & Lil Wayne",No suitable video
5/27/2017,Malibu,Miley Cyrus,No suitable video
6/10/2017,Deja Vu,Lauren Duski,No suitable video
6/3/2017,Whatever It Takes,Imagine Dragons,No suitable video
6/10/2017,Strip That Down,Liam Payne Featuring Quavo,No suitable video
6/10/2017,Money On You,Chris Blue,No suitable video
6/10/2017,The Dance,Lauren Duski,No suitable video
6/3/2017,Me Enamore,Shakira,No suitable video
6/17/2017,Met Gala,Gucci Mane Featuring Offset,No suitable video
6/24/2017,To The Max,DJ Khaled Featuring Drake,No suitable video
6/17/2017,There For You,Martin Garrix x Troye Sivan,No suitable video
6/3/2017,Felices Los 4,Maluma,No suitable video
6/24/2017,Nobody Else But You,Trey Songz,No suitable video
6/24/2017,Know No Better,"Major Lazer Featuring Travis Scott, Camila Cabello & Quavo",No suitable video
7/1/2017,Do I Make You Wanna,Billy Currington,No suitable video
7/8/2017,First Day Out,Kodak Black,No suitable video
6/24/2017,It's Everyday Bro,Jake Paul Featuring Team 10,No suitable video
7/8/2017,Wild Thoughts,DJ Khaled Featuring Rihanna & Bryson Tiller,No suitable video
7/8/2017,Relationship,Young Thug Featuring Future,No suitable video
7/15/2017,On Everything,"DJ Khaled Featuring Travis Scott, Rick Ross & Big Sean",No suitable video
7/8/2017,Feels,"Calvin Harris Featuring Pharrell Williams, Katy Perry & Big Sean",No suitable video
8/5/2017,Woman,Kesha Featuring The Dap-Kings Horns,No suitable video
7/22/2017,Extra Luv,Future Featuring YG,No suitable video
7/29/2017,Praying,Kesha,No suitable video
8/12/2017,Imitadora,Romeo Santos,No suitable video
8/5/2017,Jerika,Jake Paul & Erika Costell Featuring Uncle Kade,No suitable video
7/22/2017,Bodak Yellow (Money Moves),Cardi B,No suitable video
8/12/2017,1942 Flows,Meek Mill,No suitable video
8/12/2017,It's Goin' Down,Descendants 2 Cast,No suitable video
8/19/2017,Learn To Let Go,Kesha,No suitable video
8/12/2017,What's My Name,"China Anne McClain, Thomas Doherty & Dylan Playfair",No suitable video
8/19/2017,New Rules,Dua Lipa,No suitable video
8/26/2017,What About Us,P!nk,No suitable video
8/19/2017,For Her,Chris Lane,No suitable video
9/2/2017,Silence,Marshmello Featuring Khalid,No suitable video
8/26/2017,Chillin' Like A Villain,"Sofia Carson, Cameron Boyce, Booboo Stewart & Mitchell Hope",No suitable video
9/2/2017,Something New,Wiz Khalifa Featuring Ty Dolla $ign,No suitable video
9/2/2017,Untouchable,YoungBoy Never Broke Again,No suitable video
9/2/2017,Fix A Drink,Chris Janson,No suitable video
9/2/2017,I Could Use A Love Song,Maren Morris,No suitable video
10/7/2017,Homemade Dynamite,"Lorde Featuring Khalid, Post Malone & SZA",No suitable video
9/9/2017,I Get The Bag,Gucci Mane Featuring Migos,No suitable video
9/30/2017,Dusk Till Dawn,Zayn Featuring Sia,No suitable video
9/16/2017,The Way Life Goes,Lil Uzi Vert Featuring Nicki Minaj,No suitable video
10/21/2017,Hi Bich,Bhad Bhabie,No suitable video
11/4/2017,Ask Me How I Know,Garth Brooks,No suitable video
10/14/2017,Plain Jane,A$AP Ferg Featuring Nicki Minaj,No suitable video
10/28/2017,Almost Like Praying,Lin-Manuel Miranda Featuring Artists For Puerto Rico,No suitable video
11/4/2017,You Broke Up With Me,Walker Hayes,No suitable video
11/11/2017,Gorgeous,Taylor Swift,No suitable video
9/9/2017,Younger Now,Miley Cyrus,No suitable video
11/11/2017,Bedroom Floor,Liam Payne,No suitable video
10/28/2017,Lights Down Low,MAX Featuring gnash,No suitable video
11/18/2017,MotorSport,"Migos, Nicki Minaj & Cardi B",No suitable video
11/11/2017,Meant To Be,Bebe Rexha & Florida Georgia Line,No suitable video
11/25/2017,Rubbin Off The Paint,YBN Nahmir,No suitable video
11/25/2017,Lemon,N*E*R*D & Rihanna,No suitable video
12/9/2017,Home,"Machine Gun Kelly, X Ambassadors & Bebe Rexha",No suitable video
12/2/2017,Walk On Water,Eminem Featuring Beyonce,No suitable video
12/9/2017,When We,Tank,No suitable video
11/25/2017,Call It What You Want,Taylor Swift,No suitable video
12/23/2017,Criminal,Natti Natasha x Ozuna,No suitable video
12/23/2017,Kooda,6ix9ine,No suitable video
12/16/2017,Total Eclipse Of The Heart,Chloe Kohanski,No suitable video
12/16/2017,Krippy Kush,"Farruko, Nicki Minaj, Bad Bunny, 21 Savage & Rvssian",No suitable video
1/6/2018,Eye 2 Eye,Huncho Jack Featuring Takeoff,No suitable video
12/9/2017,The Rest Of Our Life,Tim McGraw & Faith Hill,No suitable video
12/30/2017,My Dawg,Lil Baby,No suitable video
1/6/2018,Saint,Huncho Jack,No suitable video
12/30/2017,Danger,Migos & Marshmello,No suitable video
12/30/2017,Go Legend,Big Sean & Metro Boomin Featuring Travis Scott,No suitable video
12/23/2017,Him & I,G-Eazy & Halsey,No suitable video
1/6/2018,Motorcycle Patches,Huncho Jack,No suitable video
1/6/2018,Black & Chinese,Huncho Jack,No suitable video
1/6/2018,Thunder/Young Dumb & Broke (Medley),Imagine Dragons + Khalid,No suitable video
1/6/2018,Dubai Shit,Huncho Jack Featuring Offset,No suitable video
1/6/2018,Bartier Cardi,Cardi B Featuring 21 Savage,No suitable video
1/6/2018,Ice Tray,Quavo & Lil Yachty,No suitable video
1/13/2018,Never Enough,Loren Allred,No suitable video
1/6/2018,River,Eminem Featuring Ed Sheeran,No suitable video
1/13/2018,One Foot,WALK THE MOON,No suitable video
1/13/2018,Finesse,Bruno Mars & Cardi B,No suitable video
1/20/2018,Red Roses,Lil Skies Featuring Landon Cube,No suitable video
1/20/2018,Filthy,Justin Timberlake,No suitable video
1/27/2018,IDGAF,Dua Lipa,No suitable video
1/20/2018,For You (Fifty Shades Freed),Liam Payne & Rita Ora,No suitable video
1/27/2018,Tequila,Dan + Shay,No suitable video
1/27/2018,The Champion,Carrie Underwood Featuring Ludacris,No suitable video
2/10/2018,Say Something,Justin Timberlake Featuring Chris Stapleton,No suitable video
1/27/2018,King's Dead,"Jay Rock, Kendrick Lamar, Future & James Blake",No suitable video
1/27/2018,KEKE,"6ix9ine, Fetty Wap & A Boogie Wit da Hoodie",No suitable video
2/3/2018,Supplies,Justin Timberlake,No suitable video
2/10/2018,BBO (Bad Bitches Only),Migos Featuring 21 Savage,No suitable video
2/3/2018,Sick Boy,The Chainsmokers,No suitable video
2/10/2018,The Middle,"Zedd, Maren Morris & Grey",No suitable video
2/10/2018,Walk It Talk It,Migos Featuring Drake,No suitable video
2/17/2018,Dura,Daddy Yankee,No suitable video
2/10/2018,CC,Migos Featuring Gucci Mane,No suitable video
2/24/2018,Paramedic!,SOB X RBE,No suitable video
2/10/2018,White Sand,"Migos Featuring Travis Scott, Ty Dolla $ign & Big Sean",No suitable video
2/17/2018,Hardaway,Derez De'Shon,No suitable video
2/24/2018,Friends,Marshmello & Anne-Marie,No suitable video
3/10/2018,Want You Back,5 Seconds Of Summer,No suitable video
2/17/2018,The Long Way,Brett Eldredge,No suitable video
3/17/2018,X,Nicky Jam x J Balvin,No suitable video
2/24/2018,Look Alive,BlocBoy JB Featuring Drake,No suitable video
3/10/2018,Break Up In The End,Cole Swindell,No suitable video
3/17/2018,I Lived It,Blake Shelton,No suitable video
3/17/2018,Top Off,"DJ Khaled Featuring JAY Z, Future & B",No suitable video
3/24/2018,Boom!,Lil Yachty Featuring Ugly God,No suitable video
3/24/2018,NBAYoungboat,Lil Yachty Featuring NBA YoungBoy,No suitable video
3/31/2018,Moonlight,XXXTENTACION,No suitable video
3/31/2018,Everybody Hates Me,The Chainsmokers,No suitable video
3/31/2018,Found / Tonight,Lin-Manuel Miranda & Ben Platt,No suitable video
3/24/2018,66,Lil Yachty Featuring Trippie Redd,No suitable video
4/7/2018,Lost In Japan,Shawn Mendes X Zedd,No suitable video
4/21/2018,A$AP Forever,A$AP Rocky Featuring Moby,No suitable video
3/31/2018,Sit Next To Me,Foster The People,No suitable video
4/28/2018,Guatemala,Swae Lee Featuring Slim Jxmmi,No suitable video
4/28/2018,Cry Pretty,Carrie Underwood,No suitable video
4/14/2018,Proud,2 Chainz Featuring YG & Offset,No suitable video
5/5/2018,Everything's Gonna Be Alright,David Lee Murphy & Kenny Chesney,No suitable video
4/21/2018,One Kiss,Calvin Harris & Dua Lipa,No suitable video
5/5/2018,Dame Tu Cosita,Pitbull x El Chombo x Karol G Featuring Cutty Ranks,No suitable video
5/5/2018,No Tears Left To Cry,Ariana Grande,No suitable video
5/12/2018,92 Explorer,Post Malone,No suitable video
5/5/2018,Te Bote,"Casper Magico, Nio Garcia, Darell, Nicky Jam, Ozuna & Bad Bunny",No suitable video
5/12/2018,Ball For Me,Post Malone Featuring Nicki Minaj,No suitable video
5/12/2018,Famous,Mason Ramsey,No suitable video
5/19/2018,This Is America,Childish Gambino,No suitable video
6/2/2018,Southside,Lil Baby,No suitable video
6/2/2018,Champion,NAV Featuring Travis Scott,No suitable video
6/2/2018,Life Goes On,Lil Baby Featuring Gunna & Lil Uzi Vert,No suitable video
6/2/2018,Like That,Kris Wu,No suitable video
6/9/2018,TATI,6ix9ine Featuring DJ SPINKING,No suitable video
6/9/2018,Girls Like You,Maroon 5 Featuring Cardi B,No suitable video
6/9/2018,Dinero,Jennifer Lopez Featuring DJ Khaled & Cardi B,No suitable video
6/16/2018,Sin Pijama,Becky G + Natti Natasha,No suitable video
6/2/2018,Don't Go Breaking My Heart,Backstreet Boys,No suitable video
6/16/2018,Humility,Gorillaz Featuring George Benson,No suitable video
6/16/2018,Youngblood,5 Seconds Of Summer,No suitable video
7/7/2018,Coming Home,Keith Urban Featuring Julia Michaels,No suitable video
6/30/2018,Cop Shot The Kid,Nas Featuring Kanye West,No suitable video
6/30/2018,Born To Be Yours,Kygo & Imagine Dragons,No suitable video
7/7/2018,Solo,Clean Bandit Featuring Demi Lovato,No suitable video
7/7/2018,Sober,Demi Lovato,No suitable video
7/14/2018,Growing Pains,Alessia Cara,No suitable video
7/28/2018,Hooked,Dylan Scott,No suitable video
7/28/2018,You Say,Lauren Daigle,No suitable video
7/28/2018,Summertime Magic,Childish Gambino,No suitable video
7/21/2018,Jackie Chan,Tiesto & Dzeko Featuring Preme & Post Malone,No suitable video
7/28/2018,Nico And The Niners,twenty one pilots,No suitable video
7/21/2018,Jumpsuit,twenty one pilots,No suitable video
7/28/2018,God Is A Woman,Ariana Grande,No suitable video
7/14/2018,Kiss Somebody,Morgan Evans,No suitable video
7/28/2018,Hopeless Romantic,Wiz Khalifa Featuring Swae Lee,No suitable video
7/28/2018,I'm A Mess,Bebe Rexha,No suitable video
8/4/2018,FEFE,6ix9ine Featuring Nicki Minaj & Murda Beatz,No suitable video
8/11/2018,Handgun,YG Featuring A$AP Rocky,No suitable video
8/11/2018,No Brainer,"DJ Khaled Featuring Justin Bieber, Chance The Rapper & Quavo",No suitable video
8/25/2018,Thought I Knew You,Nicki Minaj Featuring The Weeknd,No suitable video
8/4/2018,Natural,Imagine Dragons,No suitable video
8/11/2018,Side Effects,The Chainsmokers Featuring Emily Warren,No suitable video
9/1/2018,Made For Now,Janet & Daddy Yankee,No suitable video
9/1/2018,Happier,Marshmello & Bastille,No suitable video
9/8/2018,Mo Bamba,Sheck Wes,No suitable video
9/1/2018,Promises,Calvin Harris & Sam Smith,No suitable video
9/8/2018,The Way I Am,Charlie Puth,No suitable video
9/15/2018,Nice Guy,Eminem & Jessie Reyez,No suitable video
9/8/2018,Drunk Girl,Chris Janson,No suitable video
9/15/2018,Not Alike,Eminem Featuring Royce Da 5'9,No suitable video
9/22/2018,Vaina Loca,Ozuna x Manuel Turizo,No suitable video
9/22/2018,Speechless,Dan + Shay,No suitable video
9/15/2018,Feels Like Summer,Childish Gambino,No suitable video
9/8/2018,Unica,Ozuna,No suitable video
9/22/2018,Electricity,Silk City x Dua Lipa,No suitable video
9/22/2018,Rap Devil,Machine Gun Kelly,No suitable video
9/22/2018,I Love It,Kanye West & Lil Pump,No suitable video
10/6/2018,This Feeling,The Chainsmokers Featuring Kelsea Ballerini,No suitable video
9/29/2018,Noticed,Lil Mosey,No suitable video
9/15/2018,Good Guy,Eminem Featuring Jessie Reyez,No suitable video
10/6/2018,Head Above Water,Avril Lavigne,No suitable video
10/13/2018,Shallow,Lady Gaga & Bradley Cooper,No suitable video
10/13/2018,Taki Taki,"DJ Snake Featuring Selena Gomez, Ozuna & Cardi B",No suitable video
10/20/2018,I'll Never Love Again,Lady Gaga,No suitable video
10/20/2018,STOOPID,6ix9ine Featuring Bobby Shmurda,No suitable video
10/20/2018,Always Remember Us This Way,Lady Gaga,No suitable video
10/20/2018,Never Recover,Lil Baby & Gunna Featuring Drake,No suitable video
10/13/2018,"If I'm Lyin, I'm Flyin",Kodak Black,No suitable video
10/27/2018,Rerun,Quavo Featuring Travis Scott,No suitable video
10/20/2018,My Blood,twenty one pilots,No suitable video
10/27/2018,Pass Out,Quavo Featuring 21 Savage,No suitable video
10/27/2018,Lose It,Quavo Featuring Lil Baby,No suitable video
10/27/2018,Huncho Dreams,Quavo,No suitable video
10/27/2018,Flip The Switch,Quavo Featuring Drake,No suitable video
10/27/2018,MIA,Bad Bunny Featuring Drake,No suitable video
11/3/2018,Yacht Club,Lil Yachty Featuring Juice WRLD,No suitable video
11/3/2018,Saturday Nights,Khalid & Kane Brown,No suitable video
10/27/2018,Biggest Alley Oop,Quavo,No suitable video
11/10/2018,A Million Dreams,P!nk,No suitable video
11/17/2018,Casper,TakeOff,No suitable video
11/10/2018,Waste It On Me,Steve Aoki Featuring BTS,No suitable video
11/3/2018,Get Dripped,Lil Yachty Featuring Playboi Carti,No suitable video
11/10/2018,Be Alright,Dean Lewis,No suitable video
11/17/2018,"Thank U, Next",Ariana Grande,No suitable video
12/1/2018,Ocean Eyes,Billie Eilish,No suitable video
11/24/2018,Bad Liar,Imagine Dragons,No suitable video
11/24/2018,Good Girl,Dustin Lynch,No suitable video
11/17/2018,Ella Quiere Beber,Anuel AA & Romeo Santos,No suitable video
12/1/2018,Burn The House Down,AJR,No suitable video
12/8/2018,KIKA,6ix9ine Featuring Tory Lanez,No suitable video
12/8/2018,WAKA,6ix9ine Featuring A Boogie Wit da Hoodie,No suitable video
12/8/2018,TIC TOC,6ix9ine Featuring Lil Baby,No suitable video
1/12/2019,Solo de Mi,Bad Bunny,No suitable video
12/8/2018,MAMA,6ix9ine Featuring Nicki Minaj & Kanye West,No suitable video
12/29/2018,Sweet But Psycho,Ava Max,No suitable video
1/12/2019,Body,Loud Luxury Featuring Brando,No suitable video
1/12/2019,Love Wins,Carrie Underwood,No suitable video
12/29/2018,Happy Xmas (War Is Over),John & Yoko/The Plastic Ono Band With The Harlem Community Choir,No suitable video
1/12/2019,Down To The Honkytonk,Jake Owen,No suitable video
1/19/2019,Butterfly Doors,Lil Pump,No suitable video
1/19/2019,Valuable Pain,YoungBoy Never Broke Again,No suitable video
1/26/2019,Let Me Down Slowly,Alec Benjamin + Alessia Cara,No suitable video
1/26/2019,Lost In The Fire,Gesaffelstein & The Weeknd,No suitable video
1/12/2019,Love Someone,Lukas Graham,No suitable video
2/2/2019,GIRL,Maren Morris,No suitable video
2/2/2019,Face My Fears,Hikaru Utada & Skrillex,No suitable video
2/2/2019,Murder On My Mind,YNW Melly,No suitable video
2/2/2019,Mixed Personalities,YNW Melly Featuring Kanye West,No suitable video
2/9/2019,Sauce!,XXXTENTACION,No suitable video
2/23/2019,Rainbow,Kacey Musgraves,No suitable video
2/9/2019,Bury A Friend,Billie Eilish,No suitable video
2/9/2019,Con Calma,Daddy Yankee & Katy Perry Featuring Snow,No suitable video
3/9/2019,How Did I Get Here,Offset Featuring  J. Cole,No suitable video
3/9/2019,Clout,Offset Featuring Cardi B,No suitable video
2/23/2019,Who Do You Love,The Chainsmokers Featuring 5 Seconds Of Summer,No suitable video
3/9/2019,Lick,Offset,No suitable video
3/9/2019,Legacy,Offset Featuring Travis Scott & 21 Savage,No suitable video
3/9/2019,Walk Me Home,P!nk,No suitable video
3/23/2019,Undrunk,FLETCHER,No suitable video
3/9/2019,Girls Need Love,Summer Walker X Drake,No suitable video
3/23/2019,Here With Me,Marshmello Featuring CHVRCHES,No suitable video
3/16/2019,Sucker,Jonas Brothers,No suitable video
3/30/2019,Numb Numb Juice,ScHoolboy Q,No suitable video
4/13/2019,All The Good Girls Go To Hell,Billie Eilish,No suitable video
4/6/2019,Don't Call Me Up,Mabel,No suitable video
4/6/2019,Last Hurrah,Bebe Rexha,No suitable video
4/13/2019,Xanny,Billie Eilish,No suitable video
4/13/2019,Bad Guy,Billie Eilish,No suitable video
4/13/2019,Suge,DaBaby,No suitable video
4/20/2019,Big Ole Freak,Megan Thee Stallion,No suitable video
4/20/2019,Right Back,Khalid Featuring A Boogie Wit da Hoodie,No suitable video
4/20/2019,Inmortal,Aventura,No suitable video
4/27/2019,SOS,Avicii Featuring Aloe Blacc,No suitable video
4/20/2019,Cool,Jonas Brothers,No suitable video
5/4/2019,Earth,Lil Dicky,No suitable video
5/4/2019,Shotta Flow,NLE Choppa,No suitable video
5/18/2019,If I Can't Have You,Shawn Mendes,No suitable video
5/18/2019,Truth Hurts,Lizzo,No suitable video
5/11/2019,Baila Baila Baila,Ozuna x Daddy Yankee x J Balvin x Farruko x Anuel AA,No suitable video
5/25/2019,Soltera,"Lunay, Daddy Yankee & Bad Bunny",No suitable video
5/25/2019,Triggered,Jhene Aiko,No suitable video
5/18/2019,All To Myself,Dan + Shay,No suitable video
5/25/2019,Juice,Lizzo,No suitable video
5/25/2019,Te Robare,Nicky Jam X Ozuna,No suitable video
5/25/2019,I Don't Care,Ed Sheeran & Justin Bieber,No suitable video
5/11/2019,Power Is Power,"SZA, The Weeknd & Travis Scott",No suitable video
6/1/2019,Weather The Storm,DJ Khaled Featuring Meek Mill & Lil Baby,No suitable video
6/1/2019,You Stay,"DJ Khaled Featuring Meek Mill, J Balvin, Lil Baby & Jeremih",No suitable video
6/1/2019,Higher,DJ Khaled Featuring Nipsey Hussle & John Legend,No suitable video
6/1/2019,Wish Wish,DJ Khaled Featuring Cardi B & 21 Savage,No suitable video
6/8/2019,Cross Me,Ed Sheeran Featuring Chance The Rapper & PnB Rock,No suitable video
6/1/2019,Jealous,"DJ Khaled Featuring Chris Brown, Lil Wayne & Big Sean",No suitable video
6/1/2019,Celebrate,DJ Khaled Featuring Travis Scott & Post Malone,No suitable video
6/8/2019,Rearview Town,Jason Aldean,No suitable video
6/8/2019,Easier,5 Seconds Of Summer,No suitable video
6/1/2019,Just Us,DJ Khaled Featuring SZA,No suitable video
6/15/2019,Never Really Over,Katy Perry,No suitable video
6/22/2019,Otro Trago,"Sech, Darell, Nicky Jam, Ozuna & Anuel AA",No suitable video
6/22/2019,Heaven,Avicii,No suitable video
6/22/2019,Callaita,Bad Bunny & Tainy,No suitable video
6/29/2019,Rescue Me,Marshmello Featuring A Day To Remember,No suitable video
6/15/2019,Call You Mine,The Chainsmokers & Bebe Rexha,No suitable video
7/6/2019,Out The Mud,Lil Baby Featuring Future,No suitable video
6/29/2019,It's You,Ali Gatie,No suitable video
6/8/2019,HP,Maluma,No suitable video
7/6/2019,Summer Days,Martin Garrix Featuring Macklemore & Patrick Stump,No suitable video
7/20/2019,Under The Sun,"Dreamville Featuring J. Cole, Lute & DaBaby",No suitable video
7/13/2019,Beautiful People,Ed Sheeran Featuring Khalid,No suitable video
7/13/2019,Que Pretendes,J Balvin & Bad Bunny,No suitable video
7/20/2019,BLOW,Ed Sheeran With Chris Stapleton & Bruno Mars,No suitable video
7/6/2019,Panini,Lil Nas X,No suitable video
7/27/2019,Best Part Of Me,Ed Sheeran Featuring YEBBA,No suitable video
7/27/2019,Spirit,Beyonce,No suitable video
7/27/2019,Tip Of My Tongue,Kenny Chesney,No suitable video
7/27/2019,Antisocial,Ed Sheeran & Travis Scott,No suitable video
8/3/2019,Mood 4 Eva,"Beyonce, JAY-Z & Childish Gambino Featuring Oumou Sangare",No suitable video
8/3/2019,Hate Me,Ellie Goulding & Juice WRLD,No suitable video
8/3/2019,The Archer,Taylor Swift,No suitable video
8/3/2019,Baby,Lil Baby & DaBaby,No suitable video
7/20/2019,No Me Conoce,"Jhay Cortez, J Balvin & Bad Bunny",No suitable video
8/3/2019,China,"Anuel AA, Daddy Yankee, Karol G, Ozuna & J Balvin",No suitable video
8/3/2019,Brown Skin Girl,"Beyonce, SAINt JHN & Wizkid Featuring Blue Ivy Carter",No suitable video
7/27/2019,South Of The Border,Ed Sheeran Featuring Camila Cabello & Cardi B,No suitable video
8/10/2019,Takeaway,The Chainsmokers & ILLENIUM Featuring Lennon Stella,No suitable video
8/17/2019,Prayed For You,Matt Stell,No suitable video
8/17/2019,Fear Inoculum,Tool,Every channel is None or video duration is not between 60 and 600 seconds
8/17/2019,Fear Inoculum,Tool,No suitable video
8/17/2019,Love You Too Late,Cole Swindell,No suitable video
8/17/2019,Uno,Ambjaay,No suitable video
8/31/2019,Won't Be Late,Swae Lee Featuring Drake,No suitable video
9/14/2019,Good Vibes,Chris Janson,No suitable video
8/31/2019,Heartless,Diplo Presents Thomas Wesley Featuring Morgan Wallen,No suitable video
8/24/2019,Small Talk,Katy Perry,No suitable video
8/24/2019,Night Falls,"Dove Cameron, Sofia Carson, Booboo Stewart, Cameron Boyce, Thomas Doherty, China Anne McClain & Dylan Playfair",No suitable video
8/31/2019,Lover,Taylor Swift,No suitable video
9/14/2019,God Only Knows,for KING & COUNTRY,No suitable video
9/14/2019,Babushka Boi,A$AP Rocky,No suitable video
9/21/2019,Shameless,Camila Cabello,No suitable video
9/28/2019,Hot Girl Bummer,blackbear,No suitable video
9/28/2019,Don't Call Me Angel (Charlie's Angels),"Ariana Grande, Miley Cyrus & Lana Del Rey",No suitable video
10/5/2019,Loco Contigo,"DJ Snake, J. Balvin & Tyga",No suitable video
10/5/2019,Stuck In A Dream,Lil Mosey x Gunna,No suitable video
10/5/2019,Memories,Maroon 5,No suitable video
10/19/2019,"10,000 Hours",Dan + Shay & Justin Bieber,No suitable video
10/19/2019,Dance Monkey,Tones And I,No suitable video
10/19/2019,Nice To Meet Ya,Niall Horan,No suitable video
10/19/2019,Stretch You Out,Summer Walker Featuring A Boogie Wit da Hoodie,No suitable video
11/16/2019,Don't Start Now,Dua Lipa,No suitable video
11/2/2019,DHL,Frank Ocean,No suitable video
11/9/2019,Closed On Sunday,Kanye West,No suitable video
11/2/2019,Lose You To Love Me,Selena Gomez,No suitable video
11/16/2019,In My Room,Frank Ocean,No suitable video
11/23/2019,Valentino,24kGoldn,No suitable video
11/9/2019,What She Wants Tonight,Luke Bryan,No suitable video
11/16/2019,Easy,DaniLeigh Featuring Chris Brown,No suitable video
11/23/2019,Tusa,Karol G & Nicki Minaj,No suitable video
11/23/2019,Heart On Ice,Rod Wave,No suitable video
11/23/2019,Yellow Hearts,Ant Saunders,No suitable video
11/30/2019,None Of Your Concern,Jhene Aiko Featuring Big Sean,No suitable video
10/26/2019,All Dat,Moneybagg Yo X Megan Thee Stallion,No suitable video
11/30/2019,Falling,Trevor Daniel,No suitable video
11/23/2019,Better Together,Luke Combs,No suitable video
11/30/2019,Homesick,Kane Brown,No suitable video
12/7/2019,Cuban Links,Rod Wave & Kevin Gates,No suitable video
12/7/2019,Suicidal,YNW Melly & Juice WRLD,No suitable video
12/14/2019,No Idea,Don Toliver,No suitable video
12/7/2019,Show Yourself,Idina Menzel & Evan Rachel Wood,No suitable video
12/14/2019,Tip Toe,Roddy Ricch Featuring A Boogie Wit da Hoodie,No suitable video
12/7/2019,Into The Unknown,Panic! At The Disco,No suitable video
12/28/2019,Famous Hoes,NLE Choppa,No suitable video
1/11/2020,HAD ENOUGH,Don Toliver Featuring Quavo & Offset,No suitable video
1/11/2020,GANG GANG,JACKBOYS & Sheck Wes,No suitable video
1/11/2020,WHAT TO DO?,JACKBOYS Featuring Don Toliver,No suitable video
1/11/2020,Out West,JACKBOYS Featuring Young Thug,No suitable video
12/28/2019,Falling,Harry Styles,No suitable video
1/18/2020,All I Want,Olivia Rodrigo,No suitable video
1/11/2020,Make Me Want To,Jimmie Allen,No suitable video
1/25/2020,Eleven,Khalid,No suitable video
1/18/2020,Yummy,Justin Bieber,No suitable video
2/1/2020,No Regrets,Eminem Featuring Don Toliver,No suitable video
1/18/2020,I Hope You're Happy Now,Carly Pearce & Lee Brice,No suitable video
2/8/2020,Dive Bar,Garth Brooks & Blake Shelton,No suitable video
2/1/2020,What A Man Gotta Do,Jonas Brothers,No suitable video
2/8/2020,Anyone,Demi Lovato,No suitable video
2/8/2020,Underdog,Alicia Keys,No suitable video
2/8/2020,Homemade,Jake Owen,No suitable video
2/15/2020,Physical,Dua Lipa,No suitable video
2/8/2020,Before You Go,Lewis Capaldi,No suitable video
2/15/2020,Only The Young,Taylor Swift,No suitable video
2/8/2020,What If I Told You That I Love You,Ali Gatie,No suitable video
2/22/2020,Intentions,Justin Bieber Featuring Quavo,No suitable video
2/22/2020,No Judgement,Niall Horan,No suitable video
2/29/2020,Ignorantes,Bad Bunny & Sech,No suitable video
2/22/2020,Run,Joji,No suitable video
3/7/2020,Feel Me,Selena Gomez,No suitable video
3/7/2020,Shake The Room,Pop Smoke Featuring Quavo,No suitable video
3/14/2020,La Dificil,Bad Bunny,No suitable video
3/14/2020,Grace,Lil Baby & 42 Dugg,No suitable video
3/14/2020,Live Off My Closet,Lil Baby Featuring Future,No suitable video
3/21/2020,Happiness Over Everything (H.O.E.),Jhene Aiko Featuring Future & Miguel,No suitable video
3/28/2020,Cardigan,Don Toliver,No suitable video
3/21/2020,Oprah's Bank Account,"Lil Yachty, Drake & DaBaby",No suitable video
4/4/2020,Roses,SAINt JHN,No suitable video
4/4/2020,Scared To Live,The Weeknd,No suitable video
4/11/2020,Break My Heart,Dua Lipa,No suitable video
4/18/2020,Here And Now,Kenny Chesney,No suitable video
4/18/2020,The Greatest,Rod Wave,No suitable video
4/11/2020,If The World Was Ending,JP Saxe Featuring Julia Michaels,No suitable video
4/18/2020,Thief In The Night,Rod Wave,No suitable video
4/18/2020,Be A Light,"Thomas Rhett Featuring Reba McEntire, Hillary Scott, Chris Tomlin & Keith Urban",No suitable video
4/18/2020,Pray 4 Love,Rod Wave,No suitable video
4/25/2020,Boyfriend,Selena Gomez,No suitable video
4/25/2020,Boss Bitch,Doja Cat,No suitable video
5/2/2020,I Dare You,Kelly Clarkson,No suitable video
5/2/2020,After Party,Don Toliver,No suitable video
5/2/2020,God Whispered Your Name,Keith Urban,No suitable video
5/2/2020,I'm Ready,Sam Smith & Demi Lovato,No suitable video
5/9/2020,Party Girl,StaySolidRocky,No suitable video
5/16/2020,Be Kind,Marshmello & Halsey,No suitable video
5/16/2020,Six Feet Apart,Luke Combs,No suitable video
5/16/2020,One Margarita,Luke Bryan,No suitable video
5/30/2020,X,Jonas Brothers Featuring Karol G,No suitable video
5/23/2020,Viral Moment,Lil Durk,No suitable video
5/16/2020,We Paid,Lil Baby & 42 Dugg,No suitable video
5/23/2020,Stuck With U,Ariana Grande & Justin Bieber,No suitable video
6/13/2020,T.D,"Lil Yachty & Tierra Whack Featuring A$AP Rocky & Tyler, The Creator",No suitable video
6/13/2020,One Of Them Girls,Lee Brice,No suitable video
6/13/2020,Hasta Que Dios Diga,Anuel AA & Bad Bunny,No suitable video
6/6/2020,Need It,Migos Featuring YoungBoy Never Broke Again,No suitable video
6/20/2020,Hard Days,Brantley Gilbert,No suitable video
6/27/2020,Go!,Kid LAROI & Juice WRLD,No suitable video
6/27/2020,Need Me,J.I The Prince Of N.Y,No suitable video
6/20/2020,One Night Standards,Ashley McBryde,No suitable video
7/4/2020,Bleed,A Boogie Wit da Hoodie,No suitable video
6/27/2020,Done,Chris Janson,No suitable video
7/4/2020,Bang!,AJR,No suitable video
7/11/2020,Wash Us In The Blood,Kanye West Featuring Travis Scott,No suitable video
6/27/2020,The Man Who Loves You The Most,Zac Brown Band,No suitable video
6/27/2020,Trollz,6ix9ine & Nicki Minaj,No suitable video
7/4/2020,My Truck,Breland,No suitable video
7/11/2020,Girls In The Hood,Megan Thee Stallion,No suitable video
7/11/2020,Lovin' On You,Luke Combs,No suitable video
7/18/2020,Bad Bitch From Tokyo (Intro),Pop Smoke,No suitable video
8/1/2020,Popstar,DJ Khaled Featuring Drake,No suitable video
8/1/2020,Greece,DJ Khaled Featuring Drake,No suitable video
8/8/2020,Happy Anywhere,Blake Shelton Featuring Gwen Stefani,No suitable video
8/8/2020,My Tears Ricochet,Taylor Swift,No suitable video
8/8/2020,This Is Me Trying,Taylor Swift,No suitable video
8/8/2020,Illicit Affairs,Taylor Swift,No suitable video
8/8/2020,Mirrorball,Taylor Swift,No suitable video
8/8/2020,Nobody's Love,Maroon 5,No suitable video
8/8/2020,Epiphany,Taylor Swift,No suitable video
8/8/2020,Invisible String,Taylor Swift,No suitable video
8/8/2020,Seven,Taylor Swift,No suitable video
8/8/2020,August,Taylor Swift,No suitable video
8/15/2020,Move Ya Hips,A$AP Ferg Featuring  Nicki Minaj & MadeinTYO,No suitable video
8/15/2020,My Future,Billie Eilish,No suitable video
8/8/2020,Betty,Taylor Swift,No suitable video
8/22/2020,Freestyle,Rod Wave,No suitable video
8/15/2020,I Should Probably Go To Bed,Dan + Shay,No suitable video
8/22/2020,Letter From Houston,Rod Wave,No suitable video
8/22/2020,Kings & Queens,Ava Max,No suitable video
8/22/2020,My Ex's Best Friend,Machine Gun Kelly X blackbear,No suitable video
8/22/2020,La Jeepeta,Nio Garcia x Anuel AA x Myke Towers x Brray x Juanka,No suitable video
8/22/2020,Smile,Juice WRLD & The Weeknd,No suitable video
8/29/2020,Lemonade,Internet Money & Gunna Featuring Don Toliver & NAV,No suitable video
8/29/2020,Caramelo,Ozuna x Karol G x Myke Towers,No suitable video
9/5/2020,Hawai,Maluma & The Weeknd,No suitable video
9/19/2020,Relacion,"Sech, Daddy Yankee & J Balvin Featuring Rosalia & Farruko",No suitable video
8/29/2020,Midnight Sky,Miley Cyrus,No suitable video
9/5/2020,You Broke Me First.,Tate McRae,No suitable video
9/19/2020,Everywhere But On,Matt Stell,No suitable video
10/10/2020,Good Time,Niko Moon,No suitable video
10/3/2020,Diamonds,Sam Smith,No suitable video
10/3/2020,Whole Lotta Choppas,Sada Baby Featuring Nicki Minaj,No suitable video
10/17/2020,Fallin',Why Don't We,No suitable video
10/17/2020,Levitating,Dua Lipa Featuring DaBaby,No suitable video
10/24/2020,Sofia,Clairo,No suitable video
10/24/2020,"Baby, I'm Jealous",Bebe Rexha Featuring Doja Cat,No suitable video
10/31/2020,Hate The Way,G-Eazy Featuring blackbear,No suitable video
9/19/2020,The Voice,Lil Durk,No suitable video
10/31/2020,Throat Baby (Go Baby),BRS Kash,No suitable video
10/31/2020,Lonely,Justin Bieber & benny blanco,No suitable video
11/7/2020,Head & Heart,Joel Corry X MNEK,No suitable video
11/7/2020,"Wine, Beer, Whiskey",Little Big Town,No suitable video
11/7/2020,La Toxica,Farruko,No suitable video
11/7/2020,Spicy,Ty Dolla $ign Featuring Post Malone,No suitable video
11/7/2020,Back To The Streets,Saweetie Featuring Jhene Aiko,No suitable video
11/14/2020,Stay Down,"Lil Durk, 6LACK & Young Thug",No suitable video
11/14/2020,Weeeeee,Trippie Redd,No suitable video
11/7/2020,Damage,H.E.R.,No suitable video
11/14/2020,Take You Dancing,Jason Derulo,No suitable video
10/31/2020,Canceled,Larray,No suitable video
11/14/2020,Dakiti,Bad Bunny & Jhay Cortez,No suitable video
11/21/2020,Whoopty,CJ,No suitable video
11/14/2020,Thick,DJ Chose Featuring BeatKing,No suitable video
11/21/2020,Took Her To The O,King Von,No suitable video
11/21/2020,Therefore I Am,Billie Eilish,No suitable video
11/21/2020,Beers And Sunshine,Darius Rucker,No suitable video
11/21/2020,All These N**gas,King Von Featuring Lil Durk,No suitable video
12/5/2020,Prisoner,Miley Cyrus Featuring Dua Lipa,No suitable video
11/28/2020,Iris,Phoebe & Maggie,No suitable video
12/12/2020,Yo Visto Asi,Bad Bunny,No suitable video
12/5/2020,Cover Me Up,Morgan Wallen,No suitable video
12/12/2020,Under The Mistletoe,Kelly Clarkson & Brett Eldredge,No suitable video
12/19/2020,Without You,The Kid LAROI,No suitable video
12/26/2020,Long Story Short,Taylor Swift,No suitable video
12/26/2020,Evermore,Taylor Swift Featuring Bon Iver,No suitable video
12/19/2020,Silent Night,Carrie Underwood,No suitable video
12/19/2020,Oh Santa!,Mariah Carey Featuring Ariana Grande & Jennifer Hudson,No suitable video
12/26/2020,Dorothea,Taylor Swift,No suitable video
12/26/2020,Closure,Taylor Swift,No suitable video
12/26/2020,Coney Island,Taylor Swift Featuring The National,No suitable video
12/26/2020,'Tis The Damn Season,Taylor Swift,No suitable video
1/2/2021,Have Yourself A Merry Little Christmas,Michael Buble,No suitable video
12/26/2020,Marjorie,Taylor Swift,No suitable video
12/26/2020,"No Body, No Crime",Taylor Swift Featuring HAIM,No suitable video
1/2/2021,Santa Claus Is Comin' To Town,Jackson 5,No suitable video
1/2/2021,Moonwalking In Calabasas,DDG,No suitable video
1/16/2021,Heat Waves,Glass Animals,No suitable video
12/26/2020,Willow,Taylor Swift,No suitable video
1/2/2021,Adderall (Corvette Corvette),Popp Hunna,No suitable video
1/9/2021,Still Trappin',Lil Durk & King Von,No suitable video
1/9/2021,Down To One,Luke Bryan,No suitable video
1/16/2021,Momma's House,Dustin Lynch,No suitable video
1/16/2021,Long Live,Florida Georgia Line,No suitable video
1/23/2021,Best Friend,Saweetie Featuring Doja Cat,No suitable video
1/30/2021,Masterpiece,DaBaby,No suitable video
1/30/2021,De Una Vez,Selena Gomez,No suitable video
1/30/2021,Somebody Like That,Tenille Arts,No suitable video
1/23/2021,Drivers License,Olivia Rodrigo,No suitable video
1/30/2021,Goosebumps,Travis Scott & HVME,No suitable video
2/6/2021,Lo Vas A Olvidar,Billie Eilish & ROSALIA,No suitable video
2/13/2021,Finesse Out The Gang Way,Lil Durk Featuring Lil Baby,No suitable video
2/6/2021,Antes,Anuel AA & Ozuna,No suitable video
2/6/2021,Opp Stoppa,YBN Nahmir Featuring 21 Savage,No suitable video
2/20/2021,Time Today,Moneybagg Yo,No suitable video
2/20/2021,My Head And My Heart,Ava Max,No suitable video
2/20/2021,Bandido,Myke Towers & Juhn,No suitable video
2/13/2021,Baila Conmigo,Selena Gomez With Rauw Alejandro,No suitable video
2/27/2021,Heartbreak Anniversary,Giveon,No suitable video
2/20/2021,Quicksand,Morray,No suitable video
2/27/2021,Calling My Phone,Lil Tjay Featuring 6LACK,No suitable video
2/27/2021,Love Story (Taylor's Version),Taylor Swift,No suitable video
2/27/2021,How They Remember You,Rascal Flatts,No suitable video
2/27/2021,Like I Want You,Giveon,No suitable video
3/6/2021,ZaZa,6ix9ine,No suitable video
2/20/2021,Glad You Exist,Dan + Shay,No suitable video
3/6/2021,Chicken Tendies,Clinton Kane,No suitable video
3/13/2021,Only Wanna Be With You,Post Malone,No suitable video
3/6/2021,Made For You,Jake Owen,No suitable video
3/13/2021,AP,Pop Smoke,No suitable video
3/20/2021,Beautiful Mistakes,Maroon 5 Featuring Megan Thee Stallion,No suitable video
3/13/2021,Breaking Up Was Easy In The 90's,Sam Hunt,No suitable video
3/20/2021,Wants And Needs,Drake Featuring Lil Baby,No suitable video
3/27/2021,Lost,NF Featuring Hopsin,No suitable video
3/20/2021,Real As It Gets,Lil Baby Featuring EST Gee,No suitable video
3/20/2021,Leave The Door Open,Silk Sonic (Bruno Mars & Anderson .Paak),No suitable video
3/27/2021,Street Runner,Rod Wave,No suitable video
3/27/2021,Follow You,Imagine Dragons,No suitable video
4/10/2021,You All Over Me (Taylor's Version) (From The Vault),Taylor Swift Featuring Maren Morris,No suitable video
4/3/2021,Famous Friends,Chris Young + Kane Brown,No suitable video
4/10/2021,Hard For The Next,Moneybagg Yo & Future,No suitable video
4/3/2021,Tombstone,Rod Wave,No suitable video
4/17/2021,Deja Vu,Olivia Rodrigo,No suitable video
4/17/2021,Arcade,Duncan Laurence,No suitable video
4/17/2021,Mr. Perfectly Fine (Taylor's Version) (From The Vault),Taylor Swift,No suitable video
4/24/2021,Shy Away,twenty one pilots,No suitable video
4/24/2021,Rapstar,Polo G,No suitable video
4/24/2021,Fearless (Taylor's Version),Taylor Swift,No suitable video
4/24/2021,Kiss Me More,Doja Cat Featuring SZA,No suitable video
4/24/2021,Forever & Always (Taylor's Version),Taylor Swift,No suitable video
5/1/2021,Chasing After You,Ryan Hurd With Maren Morris,No suitable video
5/8/2021,Save Your Tears,The Weeknd & Ariana Grande,No suitable video
5/15/2021,Big Paper,DJ Khaled Featuring Cardi B,No suitable video
5/8/2021,Botella Tras Botella,Gera MX + Christian Nodal,No suitable video
5/8/2021,Way Less Sad,AJR,No suitable video
5/15/2021,Thankful,DJ Khaled Featuring Lil Wayne & Jeremih,No suitable video
5/8/2021,Without You,The Kid LAROI & Miley Cyrus,No suitable video
5/15/2021,Sorry Not Sorry,"DJ Khaled Featuring Nas, JAY-Z & James Fauntleroy",No suitable video
5/15/2021,Your Power,Billie Eilish,No suitable video
5/15/2021,Body In Motion,"DJ Khaled Featuring Bryson Tiller, Lil Baby & Roddy Ricch",No suitable video
5/15/2021,Every Chance I Get,DJ Khaled Featuring Lil Baby & Lil Durk,No suitable video
5/15/2021,Let It Go,DJ Khaled Featuring Justin Bieber & 21 Savage,No suitable video
5/15/2021,I Did It,"DJ Khaled Featuring Post Malone, Megan Thee Stallion, Lil Baby & DaBaby",No suitable video
5/15/2021,Country Again,Thomas Rhett,No suitable video
5/22/2021,34+35,Ariana Grande Feat. Doja Cat & Megan Thee Stallion,No suitable video
5/22/2021,Minimum Wage,Blake Shelton,No suitable video
5/29/2021,His & Hers,"Internet Money, Don Toliver & Lil Uzi Vert Featuring Gunna",No suitable video
6/5/2021,Traitor,Olivia Rodrigo,No suitable video
6/5/2021,Hope Ur OK,Olivia Rodrigo,No suitable video
6/5/2021,Gang Gang,Polo G & Lil Wayne,No suitable video
5/29/2021,Good 4 U,Olivia Rodrigo,No suitable video
5/29/2021,Straightenin,Migos,No suitable video
6/5/2021,Enough For You,Olivia Rodrigo,No suitable video
6/5/2021,Maybach,42 Dugg Featuring Future,No suitable video
6/5/2021,Favorite Crime,Olivia Rodrigo,No suitable video
6/5/2021,Happier,Olivia Rodrigo,No suitable video
6/5/2021,"Jealousy, Jealousy",Olivia Rodrigo,No suitable video
6/5/2021,Leave Before You Love Me,Marshmello X Jonas Brothers,No suitable video
6/5/2021,Sun Goes Down,Lil Nas X,No suitable video
6/12/2021,Outside,MO3 X OG Bobby Billions,No suitable video
6/26/2021,You,Regard x Troye Sivan x Tate McRae,No suitable video
6/12/2021,Voice Of The Heroes,Lil Baby & Lil Durk,No suitable video
6/19/2021,Yonaguni,Bad Bunny,No suitable video
6/12/2021,Todo de Ti,Rauw Alejandro,No suitable video
6/19/2021,Lost Cause,Billie Eilish,No suitable video
6/26/2021,Need To Know,Doja Cat,No suitable video
6/12/2021,Killer,Eminem Featuring Jack Harlow & Cordae,No suitable video
7/3/2021,Fancy Like,Walker Hayes,No suitable video
7/3/2021,Waves,Luke Bryan,No suitable video
7/10/2021,AM,Nio Garcia X J Balvin X Bad Bunny,No suitable video
6/26/2021,Fiel,"Los Legendarios, Wisin & Jhay Cortez",No suitable video
7/10/2021,Beggin',Maneskin,No suitable video
7/10/2021,Bad Habits,Ed Sheeran,No suitable video
6/26/2021,transparentsoul,Willow Featuring Travis Barker,No suitable video
7/17/2021,A-O-K,Tai Verdes,No suitable video
7/24/2021,Volando,"Mora, Bad Bunny & Sech",No suitable video
7/17/2021,I Was On A Boat That Day,Old Dominion,No suitable video
7/17/2021,Am I The Only One,Aaron Lewis,No suitable video
7/17/2021,Renegade,Big Red Machine Featuring Taylor Swift,No suitable video
7/17/2021,Essence,Wizkid Featuring Tems,No suitable video
7/24/2021,Whole Lotta Money,BIA Featuring Nicki Minaj,No suitable video
7/24/2021,Next Girl,Carly Pearce,No suitable video
7/24/2021,Stay,The Kid LAROI & Justin Bieber,No suitable video
7/31/2021,Love Again,Dua Lipa,No suitable video
7/24/2021,Essence,Wizkid Featuring Justin Bieber & Tems,No suitable video
7/31/2021,Holy Smokes,Trippie Redd Featuring Lil Uzi Vert,No suitable video
7/24/2021,Levitating,Dua Lipa,No suitable video
7/31/2021,2055,Sleepy Hallow,No suitable video
8/7/2021,Don't Go Yet,Camila Cabello,No suitable video
7/31/2021,Wild Side,Normani Featuring Cardi B,No suitable video
8/7/2021,Memory I Don't Mess With,Lee Brice,No suitable video
8/7/2021,Not Sober,The Kid LAROI Featuring Polo G & Stunna Gambino,No suitable video
8/14/2021,Halley's Comet,Billie Eilish,No suitable video
8/14/2021,Skate,Silk Sonic (Bruno Mars & Anderson .Paak),No suitable video
8/14/2021,Volvi,Aventura x Bad Bunny,No suitable video
8/7/2021,If I Didn't Love You,Jason Aldean & Carrie Underwood,No suitable video
8/21/2021,I Hope Ur Miserable Until Ur Dead,Nessa Barrett,No suitable video
8/28/2021,Steal My Love,Dan + Shay,No suitable video
8/14/2021,Gyalis,Capella Grey,No suitable video
8/28/2021,Cold Heart (PNAU Remix),Elton John & Dua Lipa,No suitable video
8/28/2021,I Like Dat,T-Pain & Kehlani,No suitable video
8/28/2021,Papercuts,Machine Gun Kelly,No suitable video
9/4/2021,Visiting Hours,Ed Sheeran,No suitable video
9/4/2021,One Mississippi,Kane Brown,No suitable video
9/4/2021,Don't Go,"Skrillex, Justin Bieber & Don Toliver",No suitable video
8/28/2021,Rumors,Lizzo Featuring Cardi B,No suitable video
9/4/2021,MP5,Trippie Redd Featuring SoFaygo,No suitable video
9/4/2021,Summer Of Love,Shawn Mendes & Tainy,No suitable video
9/18/2021,Blue Note$ II,Meek Mill Featuring Lil Uzi Vert,No suitable video
9/4/2021,Danny Phantom,Trippie Redd Featuring XXXTENTACION,No suitable video
9/4/2021,I Guess I'm In Love,Clinton Kane,No suitable video
9/11/2021,Family Ties,Baby Keem & Kendrick Lamar,No suitable video
9/4/2021,Demon Time,Trippie Redd Featuring Ski Mask The Slump God,No suitable video
9/4/2021,Matt Hardy 999,Trippie Redd Featuring Juice WRLD,No suitable video
9/25/2021,Shivers,Ed Sheeran,No suitable video
9/11/2021,Keep My Spirit Alive,Kanye West,No suitable video
9/25/2021,Have Mercy,Chloe,No suitable video
10/2/2021,Same Boat,Zac Brown Band,No suitable video
10/2/2021,Love Nwantiti (Ah Ah Ah),CKay,No suitable video
9/18/2021,You Only Live Twice,Drake Featuring Lil Wayne & Rick Ross,No suitable video
10/9/2021,Your Heart,Joyner Lucas & J. Cole,No suitable video
10/9/2021,Chosen,Blxst & Tyga Featuring Ty Dolla $ign,No suitable video
10/16/2021,Esta Danada,Ivan Cornejo,No suitable video
10/23/2021,Who's In Your Head,Jonas Brothers,No suitable video
10/23/2021,Like A Lady,Lady A,No suitable video
10/23/2021,Life Goes On,Oliver Tree,No suitable video
10/23/2021,'Til You Can't,Cody Johnson,No suitable video
10/23/2021,Easy On Me,Adele,No suitable video
10/23/2021,WFM,Realestk,No suitable video
10/23/2021,Who Want Smoke??,"Nardo Wick Featuring G Herbo, Lil Durk & 21 Savage",No suitable video
10/9/2021,My Universe,Coldplay x BTS,No suitable video
10/30/2021,Lets Go Brandon,Loza Alexander,No suitable video
10/30/2021,Let Somebody Go,Coldplay X Selena Gomez,No suitable video
10/30/2021,Pissed Me Off,Lil Durk,No suitable video
11/6/2021,Big Energy,Latto,No suitable video
10/30/2021,Ex For A Reason,Summer Walker & JT,No suitable video
11/6/2021,Not In The Mood,"Lil Tjay, Fivio Foreign & Kay Flock",No suitable video
11/13/2021,WFM,RealestK,No suitable video
11/6/2021,Moth To A Flame,Swedish House Mafia & The Weeknd,No suitable video
11/13/2021,Til You Can't,Cody Johnson,No suitable video
11/13/2021,Rap Freaks,Yung Miami,No suitable video
11/13/2021,Ghost Town,Benson Boone,No suitable video
11/13/2021,Overpass Graffiti,Ed Sheeran,No suitable video
11/20/2021,Unloyal,Summer Walker & Ari Lennox,No suitable video
11/20/2021,Jumpin,NLE Choppa Featuring Polo G,No suitable video
11/20/2021,Sad Girlz Luv Money,Amaarae & Moliy Featuring Kali Uchis,No suitable video
11/20/2021,No Love,Summer Walker & SZA,No suitable video
11/20/2021,Slow Down Summer,Thomas Rhett,No suitable video
11/20/2021,Smokin Out The Window,Silk Sonic (Bruno Mars & Anderson .Paak),No suitable video
11/27/2021,Babe (Taylor's Version) (From The Vault),Taylor Swift,No suitable video
11/27/2021,The Very First Night (Taylor's Version) (From The Vault),Taylor Swift,No suitable video
11/27/2021,I Bet You Think About Me (Taylor's Version) (From The Vault),Taylor Swift Featuring Chris Stapleton,No suitable video
11/27/2021,Doin' This,Luke Combs,No suitable video
11/27/2021,State Of Grace (Taylor's Version),Taylor Swift,No suitable video
11/27/2021,Red (Taylor's Version),Taylor Swift,No suitable video
11/27/2021,Message In A Bottle (Taylor's Version) (From The Vault),Taylor Swift,No suitable video
11/27/2021,Forever Winter (Taylor's Version) (From The Vault),Taylor Swift,No suitable video
11/27/2021,The Lucky One (Taylor's Version),Taylor Swift,No suitable video
11/27/2021,All Too Well (Taylor's Version),Taylor Swift,No suitable video
11/27/2021,Nothing New (Taylor's Version) (From The Vault),Taylor Swift Featuring Phoebe Bridgers,No suitable video
11/27/2021,I Knew You Were Trouble (Taylor's Version),Taylor Swift,No suitable video
12/4/2021,I Drink Wine,Adele,No suitable video
11/27/2021,Run (Taylor's Version) (From The Vault),Taylor Swift Featuring Ed Sheeran,No suitable video
12/4/2021,God's Country,State Of Mine & Drew Jacobs,No suitable video
12/4/2021,Enemy,Imagine Dragons X JID,No suitable video
11/27/2021,Holy Ground (Taylor's Version),Taylor Swift,No suitable video
12/4/2021,Heart On Fire,Eric Church,No suitable video
12/11/2021,Always Been You,Jessie Murph,No suitable video
12/11/2021,By Your Side,Rod Wave,No suitable video
12/18/2021,Merry Christmas,Ed Sheeran & Elton John,No suitable video
1/1/2022,Christmas Isn't Canceled (Just You),Kelly Clarkson,No suitable video
1/1/2022,Do It To It,Acraze Featuring Cherish,No suitable video
1/8/2022,We Don't Talk About Bruno,"Carolina Gaitan, Mauro Castillo, Adassa, Rhenzy Feliz, Diane Guerrero, Stephanie Beatriz & Encanto Cast",No suitable video
1/15/2022,Home Sweet,Russell Dickerson,No suitable video
1/15/2022,Waiting On A Miracle,Stephanie Beatriz,No suitable video
1/15/2022,AA,Walker Hayes,No suitable video
1/15/2022,Dos Oruguitas,Sebastian Yatra,No suitable video
1/15/2022,The Family Madrigal,"Stephanie Beatriz, Olga Merediz & Encanto Cast",No suitable video
1/15/2022,Fingers Crossed,Lauren Spencer-Smith,No suitable video
1/29/2022,Cold December,Rod Wave,No suitable video
1/15/2022,Flower Shops,ERNEST Featuring Morgan Wallen,No suitable video
1/8/2022,Surface Pressure,Jessica Darrow,No suitable video
1/15/2022,Never Wanted To Be That Girl,Carly Pearce & Ashley McBryde,No suitable video
1/29/2022,All Of You,"Stephanie Beatriz, Olga Merediz, John Leguizamo, Adassa, Maluma & Encanto Cast",No suitable video
2/5/2022,Long Live,YoungBoy Never Broke Again,No suitable video
1/29/2022,Eazy,The Game & Kanye West,No suitable video
2/5/2022,Light Switch,Charlie Puth,No suitable video
2/5/2022,Flossin',Internet Money Featuring YoungBoy Never Broke Again,No suitable video
2/12/2022,High,The Chainsmokers,No suitable video
2/12/2022,The Motto,Tiesto & Ava Max,No suitable video
2/12/2022,Rumors,Gucci Mane Featuring Lil Durk,No suitable video
2/19/2022,Black Summer,Red Hot Chili Peppers,No suitable video
2/12/2022,"Colombia, Mi Encanto",Carlos Vives,No suitable video
2/19/2022,When I'm Gone,Alesso / Katy Perry,No suitable video
3/5/2022,Ahhh Ha,Lil Durk,No suitable video
3/5/2022,Banking On Me,Gunna,No suitable video
3/26/2022,Bones,Imagine Dragons,No suitable video
3/26/2022,Golden Child,Lil Durk,No suitable video
2/19/2022,Emo Girl,Machine Gun Kelly & WILLOW,No suitable video
2/26/2022,The Joker And The Queen,Ed Sheeran Featuring Taylor Swift,No suitable video
3/19/2022,Handsomer,Russ Featuring Ktlyn,No suitable video
4/2/2022,Ghost Story,Carrie Underwood,No suitable video
3/19/2022,Ay!,Machine Gun Kelly & Lil Wayne,No suitable video
4/2/2022,Computer Murderers,Lil Durk,No suitable video
4/2/2022,Money So Big,Yeat,No suitable video
4/2/2022,Tom's Diner,AnnenMayKantereit & Giant Rooks,No suitable video
4/2/2022,Maybe,Machine Gun Kelly & Bring Me The Horizon,No suitable video
4/2/2022,Nobody Like U,4*TOWN (From Disney And Pixar's Turning Red),No suitable video
4/9/2022,Make Up Sex,Machine Gun Kelly X blackbear,No suitable video
4/9/2022,Chaotic,Tate McRae,No suitable video
4/9/2022,X Ultima Vez,Daddy Yankee & Bad Bunny,No suitable video
4/16/2022,Stick,JID & J. Cole Featuring Kenny Mason & Sheck Wes,No suitable video
4/9/2022,Sigue,J Balvin & Ed Sheeran,No suitable video
4/23/2022,In A Minute,Lil Baby,No suitable video
4/9/2022,Soy El Unico,Yahritza y Su Esencia,No suitable video
4/16/2022,In My Head,Lil Tjay,No suitable video
4/23/2022,Thump Shit,42 Dugg & EST Gee,No suitable video
4/16/2022,As It Was,Harry Styles,No suitable video
4/16/2022,Complete Mess,5 Seconds Of Summer,No suitable video
4/23/2022,Psychofreak,Camila Cabello Featuring WILLOW,No suitable video
4/16/2022,Desesperados,Rauw Alejandro & Chencho Corleone,No suitable video
4/2/2022,Blick Blick!,Coi Leray & Nicki Minaj,No suitable video
4/23/2022,Treat Me,Chloe,No suitable video
4/30/2022,Flowers,Lauren Spencer-Smith,No suitable video
4/30/2022,Don't Think Jesus,Morgan Wallen,No suitable video
4/30/2022,Shake It,"Kay Flock, Cardi B, Dougie B & Bory300",No suitable video
5/7/2022,Scrape It Off,Pusha T Featuring Lil Uzi Vert & Don Toliver,No suitable video
5/7/2022,2step,Ed Sheeran Featuring Lil Baby,No suitable video
4/30/2022,GINE,6ix9ine,No suitable video
5/7/2022,Thousand Miles,The Kid LAROI,No suitable video
5/7/2022,Provenza,Karol G,No suitable video
5/14/2022,In The Stars,Benson Boone,No suitable video
5/21/2022,Hold My Hand,Lady Gaga,No suitable video
5/14/2022,Honest,Justin Bieber & Don Toliver,No suitable video
5/21/2022,This Love (Taylor's Version),Taylor Swift,No suitable video
5/21/2022,Whiskey On You,Nate Smith,No suitable video
5/28/2022,You Proof,Morgan Wallen,No suitable video
5/21/2022,Neverita,Bad Bunny,No suitable video
6/4/2022,Hotel Lobby (Unc And Phew),Quavo & Takeoff,No suitable video
6/11/2022,See Wat I'm Sayin,Moneybagg Yo,No suitable video
6/11/2022,Sleazy Flow,SleazyWorld Go Featuring Lil Baby,No suitable video
6/11/2022,Until I Found You,Stephen Sanchez,No suitable video
6/11/2022,F.N.F. (Let's Go),Hitkidd & Glorilla,No suitable video
6/11/2022,Die Young,Sleepy Hallow Featuring 347aidan,No suitable video
6/11/2022,Running Up That Hill (A Deal With God),Kate Bush,No suitable video
6/18/2022,Wrapped Around Your Finger,Post Malone,No suitable video
6/11/2022,Potion,"Calvin Harris, Dua Lipa & Young Thug",No suitable video
6/25/2022,New Truck,Dylan Scott,No suitable video
6/18/2022,Te Felicito,Shakira & Rauw Alejandro,No suitable video
6/18/2022,Distraction,Polo G,No suitable video
6/25/2022,I Ain't Worried,OneRepublic,No suitable video
6/25/2022,5 Foot 9,Tyler Hubbard,No suitable video
6/25/2022,Glimpse Of Us,Joji,No suitable video
7/2/2022,U-Digg,"Lil Baby, 42 Dugg & Veeze",No suitable video
7/2/2022,Wild As Her,Corey Kent,No suitable video
7/9/2022,Did Shit To Me,Lil Durk Featuring Doodie Lo,No suitable video
7/16/2022,Rich Minion,Yeat,No suitable video
7/2/2022,Break My Soul,Beyonce,No suitable video
7/2/2022,The Kind Of Love We Make,Luke Combs,No suitable video
7/9/2022,Late To Da Party (F*CK BET),Lil Nas X & Youngboy Never Broke Again,No suitable video
7/30/2022,Truth About You,Mitchell Tenpenny,No suitable video
7/23/2022,Betty (Get Money),Yung Gravy,No suitable video
7/23/2022,Last Last,Burna Boy,No suitable video
8/6/2022,TV,Billie Eilish,No suitable video
7/30/2022,Free Mind,Tems,No suitable video
7/9/2022,From The D 2 The LBC,Eminem & Snoop Dogg,No suitable video
8/6/2022,With A Woman You Love,Justin Moore,No suitable video
8/6/2022,The 30th,Billie Eilish,No suitable video
8/13/2022,All Up In Your Mind,Beyonce,No suitable video
8/13/2022,Move,Beyonce Featuring Grace Jones & Tems,No suitable video
8/13/2022,Thique,Beyonce,No suitable video
8/13/2022,Pure/Honey,Beyonce,No suitable video
8/13/2022,Alien Superstar,Beyonce,No suitable video
8/13/2022,Cozy,Beyonce,No suitable video
8/13/2022,Cuff It,Beyonce,No suitable video
8/13/2022,America Has A Problem,Beyonce,No suitable video
8/13/2022,Plastic Off The Sofa,Beyonce,No suitable video
8/13/2022,Virgo's Groove,Beyonce,No suitable video
8/13/2022,Summer Renaissance,Beyonce,No suitable video
8/13/2022,Energy,Beyonce Featuring BEAM,No suitable video
8/13/2022,Church Girl,Beyonce,No suitable video
8/13/2022,Heated,Beyonce,No suitable video
8/13/2022,I'm That Girl,Beyonce,No suitable video
8/20/2022,F.N.F. (Let's Go),Hitkidd & GloRilla,No suitable video
8/27/2022,Stone Rolling,Rod Wave,No suitable video
8/27/2022,Alone,Rod Wave,No suitable video
8/20/2022,Staying Alive,DJ Khaled Featuring Drake & Lil Baby,No suitable video
9/3/2022,29,Demi Lovato,No suitable video
9/3/2022,Soul,Lee Brice,No suitable video
9/3/2022,Where It Ends,Bailey Zimmerman,No suitable video
8/27/2022,What My World Spins Around,Jordan Davis,No suitable video
9/3/2022,Snap,Rosa Linn,No suitable video
9/10/2022,Golden Hour,JVKE,No suitable video
9/10/2022,It Ain't Safe,DJ Khaled Featuring Nardo Wick & Kodak Black,No suitable video
9/10/2022,Big Time,DJ Khaled Featuring Future & Lil Baby,No suitable video
9/10/2022,No Secret,DJ Khaled Featuring Drake,No suitable video
9/10/2022,Party,DJ Khaled Featuring Quavo & Takeoff,No suitable video
9/10/2022,Wait In The Truck,HARDY Featuring Lainey Wilson,No suitable video
9/10/2022,God Did,"DJ Khaled Featuring Rick Ross, Lil Wayne, JAY-Z, John Legend & Fridayy",No suitable video
9/10/2022,Use This Gospel (Remix),DJ Khaled Featuring Kanye West & Eminem,No suitable video
9/10/2022,Gatubela,Karol G x Maldy,No suitable video
9/10/2022,Let's Pray,DJ Khaled Featuring Don Toliver & Travis Scott,No suitable video
9/10/2022,Keep Going,"DJ Khaled Featuring Lil Durk, 21 Savage & Roddy Ricch",No suitable video
9/10/2022,Beautiful,DJ Khaled Featuring Future & SZA,No suitable video
9/10/2022,I'm Good (Blue),David Guetta & Bebe Rexha,No suitable video
9/17/2022,Calm Down,Rema & Selena Gomez,No suitable video
9/17/2022,Sin Fin,Romeo Santos & Justin Timberlake,No suitable video
9/24/2022,Freestyle,Lil Baby,No suitable video
9/24/2022,"Burn, Burn, Burn",Zach Bryan,No suitable video
9/24/2022,Thank God,Kane Brown With Katelyn Brown,No suitable video
10/1/2022,Evergreen,Omar Apollo,No suitable video
10/1/2022,Love In The Way,BLEU & Nicki Minaj,No suitable video
10/1/2022,Hell Yeah,Little Big Town,No suitable video
10/8/2022,Down Home,Jimmie Allen,No suitable video
10/15/2022,What He Didn't Do,Carly Pearce,No suitable video
10/22/2022,Lokera,"Rauw Alejandro, Lyanno & Brray",No suitable video
10/22/2022,To The Bone,"Quavo, Takeoff & YoungBoy Never Broke Again",No suitable video
10/8/2022,World's Smallest Violin,AJR,No suitable video
10/29/2022,Stop Playin,Lil Baby Featuring Jeremih,No suitable video
10/8/2022,Tomorrow 2,GloRilla & Cardi B,No suitable video
10/22/2022,Poland,Lil Yachty,No suitable video
10/29/2022,Cost To Be Alive,Lil Baby & Rylo Rodriguez,No suitable video
10/29/2022,From Now On,Lil Baby Featuring Future,No suitable video
10/29/2022,Pop Out,Lil Baby & Nardo Wick,No suitable video
10/29/2022,Back And Forth,Lil Baby & EST Gee,No suitable video
10/29/2022,Forever,Lil Baby Featuring Fridayy,No suitable video
10/29/2022,Never Hating,Lil Baby & Young Thug,No suitable video
10/29/2022,Shiest Talk,Lil Baby Featuring Pooh Shiesty,No suitable video
11/5/2022,"Would've, Could've, Should've",Taylor Swift,No suitable video
11/5/2022,Bejeweled,Taylor Swift,No suitable video
11/5/2022,Labyrinth,Taylor Swift,No suitable video
11/5/2022,Monotonia,Shakira + Ozuna,No suitable video
11/5/2022,"You're On Your Own, Kid",Taylor Swift,No suitable video
11/5/2022,Bigger Than The Whole Sky,Taylor Swift,No suitable video
11/5/2022,Miss You,Oliver Tree & Robin Schulz,No suitable video
11/5/2022,The Great War,Taylor Swift,No suitable video
11/5/2022,Anti-Hero,Taylor Swift,No suitable video
11/5/2022,Mastermind,Taylor Swift,No suitable video
11/5/2022,Lavender Haze,Taylor Swift,No suitable video
11/5/2022,Sweet Nothing,Taylor Swift,No suitable video
11/5/2022,Glitch,Taylor Swift,No suitable video
11/5/2022,High Infidelity,Taylor Swift,No suitable video
11/5/2022,Karma,Taylor Swift,No suitable video
11/5/2022,Midnight Rain,Taylor Swift,No suitable video
11/5/2022,Dear Reader,Taylor Swift,No suitable video
11/19/2022,My Mind & Me,Selena Gomez,No suitable video
11/5/2022,Paris,Taylor Swift,No suitable video
11/12/2022,Ain't Safe,Trippie Redd & Don Toliver,No suitable video
12/10/2022,Last Christmas,Lauren Spencer-Smith,No suitable video
11/26/2022,Heart Like A Truck,Lainey Wilson,No suitable video
12/3/2022,Got It Right,Rod Wave,No suitable video
12/17/2022,I Can't Save You (Interlude),Metro Boomin & Future Featuring Don Toliver,No suitable video
12/17/2022,Too Many Nights,Metro Boomin Featuring Don Toliver & Future,No suitable video
12/3/2022,Down In Atlanta,Pharrell Williams & Travis Scott,No suitable video
12/24/2022,Used,SZA Featuring Don Toliver,No suitable video
1/7/2023,Gato de Noche,Nengo Flow & Bad Bunny,No suitable video
1/7/2023,Que Vuelvas,Carin Leon X Grupo Frontera,No suitable video
1/28/2023,On Wat U On,Moneybagg Yo x GloRilla,No suitable video
12/31/2022,Face 2 Face,Juice WRLD,No suitable video
2/4/2023,Next Thing You Know,Jordan Davis,No suitable video
1/28/2023,Flowers,Miley Cyrus,No suitable video
2/11/2023,Fin de Semana,Junior H X Oscar Maydon,No suitable video
2/4/2023,Red,HARDY Featuring Morgan Wallen,No suitable video
2/4/2023,Back End,Finesse2Tymes,No suitable video
2/11/2023,Love Again,The Kid LAROI,No suitable video
2/18/2023,Watch The World Burn,Falling In Reverse,No suitable video
2/18/2023,Yandel 150,Yandel & Feid,No suitable video
2/18/2023,"Boy's A Liar, Pt. 2",PinkPantheress & Ice Spice,No suitable video
2/25/2023,Fix'n To Break,Bailey Zimmerman,No suitable video
2/25/2023,Painting Pictures,Superstar Pride,No suitable video
3/4/2023,Slut Me Out,NLE Choppa,No suitable video
2/25/2023,Love You Anyway,Luke Combs,No suitable video
3/4/2023,Heaven,Niall Horan,No suitable video
3/4/2023,Gold,Dierks Bentley,No suitable video
3/4/2023,Lottery,Latto Featuring LU KALA,No suitable video
3/4/2023,Watch This (ARIZONATEARS Pluggnb Remix),Lil Uzi Vert,No suitable video
3/11/2023,Cairo,Karol G & Ovy On The Drums,No suitable video
3/18/2023,Last Drive Down Main,Morgan Wallen,No suitable video
3/11/2023,Joe,Luke Combs,No suitable video
3/11/2023,Private Landing,Don Toliver Featuring Justin Bieber & Future,No suitable video
3/25/2023,Rose Colored Lenses,Miley Cyrus,No suitable video
3/25/2023,Thousand Miles,Miley Cyrus Featuring Brandi Carlile,No suitable video
3/25/2023,Por Las Noches,Peso Pluma,No suitable video
4/1/2023,Ella Baila Sola,Eslabon Armado X Peso Pluma,No suitable video
4/1/2023,Moonlight,Kali Uchis,No suitable video
4/1/2023,Eat Your Young,Hozier,No suitable video
4/1/2023,El Gordo Trae El Mando,Chino Pacas,No suitable video
4/8/2023,Ch y La Pizza,Fuerza Regida X Natanael Cano,No suitable video
4/1/2023,La Bebe,Yng Lvcas x Peso Pluma,No suitable video
4/8/2023,Memory Lane,Old Dominion,No suitable video
4/8/2023,Eyes Closed,Ed Sheeran,No suitable video
4/8/2023,Fast Car,Luke Combs,No suitable video
4/8/2023,Don't Play With It,Lola Brooke X Latto X Yung Miami Or Featuring Billy B,No suitable video
4/8/2023,Beso,Rosalia & Rauw Alejandro,No suitable video
4/15/2023,Hot Boy,Nardo Wick Featuring Lil Baby,No suitable video
4/15/2023,Fight The Feeling,Rod Wave,No suitable video
4/22/2023,WTF,YoungBoy Never Broke Again Featuring Nicki Minaj,No suitable video
4/22/2023,Careful,NF & Cordae,No suitable video
4/29/2023,Princess Diana,Ice Spice & Nicki Minaj,No suitable video
5/6/2023,Fragil,Yahritza y Su Esencia x Grupo Frontera,No suitable video
4/29/2023,Un x100to,Grupo Frontera X Bad Bunny,No suitable video
4/29/2023,Di Que Si,Grupo Marca Registrada X Grupo Frontera,No suitable video
4/29/2023,Daylight,David Kushner,No suitable video
5/13/2023,Wreckage,Nate Smith,No suitable video
4/29/2023,Igualito A Mi Apa,Fuerza Regida & Peso Pluma,No suitable video
5/13/2023,Waffle House,Jonas Brothers,No suitable video
5/20/2023,What It Is (Block Boy),Doechii Featuring Kodak Black,No suitable video
5/27/2023,Everything She Ain't,Hailey Whitters,No suitable video
5/20/2023,Curtains,Ed Sheeran,No suitable video
5/20/2023,Mathematical Disrespect,Lil Mabu,No suitable video
6/3/2023,TQM,Fuerza Regida,No suitable video
6/10/2023,Dance The Night,Dua Lipa,No suitable video
6/10/2023,Bye,Peso Pluma,No suitable video
5/27/2023,Acrostico,Shakira,No suitable video
6/3/2023,Baby Don't Hurt Me,"David Guetta, Anne-Marie & Coi Leray",No suitable video
6/3/2023,America Has A Problem,Beyonce Featuring Kendrick Lamar,No suitable video
6/10/2023,Pelle Coat,Lil Durk,No suitable video
6/3/2023,You,Dan + Shay,No suitable video
6/24/2023,Plebada,El Alfa x Peso Pluma,No suitable video
6/17/2023,Danger (Spider),Offset & JID,No suitable video
5/27/2023,Your Heart Or Mine,Jon Pardi,No suitable video
7/1/2023,Girl In Mine,Parmalee,No suitable video
6/24/2023,The Hillbillies,Baby Keem & Kendrick Lamar,No suitable video
6/24/2023,Dial Drunk,Noah Kahan,No suitable video
7/8/2023,Lady Gaga,"Peso Pluma, Gabito Ballesteros & Junior H",No suitable video
6/17/2023,All The Way Live,"Metro Boomin, Future & Lil Uzi Vert",No suitable video
7/8/2023,Doomsday.,Juice WRLD & Cordae,No suitable video
7/8/2023,Oh U Went,Young Thug Featuring Drake,No suitable video
7/1/2023,Bluffin,Gucci Mane & Lil Baby,No suitable video
7/1/2023,Classy 101,Feid x Young Miko,No suitable video
7/15/2023,Vampire,Olivia Rodrigo,No suitable video
7/8/2023,Sabor Fresa,Fuerza Regida,No suitable video
7/15/2023,Patience,Lil Uzi Vert Featuring Don Toliver,No suitable video
7/15/2023,We Didn't Start The Fire,Fall Out Boy,No suitable video
7/22/2023,Mean (Taylor's Version),Taylor Swift,No suitable video
7/22/2023,Innocent (Taylor's Version),Taylor Swift,No suitable video
7/22/2023,Dear John (Taylor's Version),Taylor Swift,No suitable video
7/15/2023,Tulum,Peso Pluma & Grupo Frontera,No suitable video
7/22/2023,Long Live (Taylor's Version),Taylor Swift,No suitable video
7/22/2023,Sparks Fly (Taylor's Version),Taylor Swift,No suitable video
7/22/2023,LaLa,Myke Towers,No suitable video
7/22/2023,Haunted (Taylor's Version),Taylor Swift,No suitable video
7/22/2023,Enchanted (Taylor's Version),Taylor Swift,No suitable video
7/22/2023,Foolish One (Taylor's Version) (From The Vault),Taylor Swift,No suitable video
7/22/2023,Speak Now (Taylor's Version),Taylor Swift,No suitable video
7/22/2023,I Can See You (Taylor's Version) (From The Vault),Taylor Swift,No suitable video
7/22/2023,Electric Touch (Taylor's Version) (From The Vault),Taylor Swift Featuring Fall Out Boy,No suitable video
7/22/2023,Better Than Revenge (Taylor's Version),Taylor Swift,No suitable video
7/22/2023,Timeless (Taylor's Version) (From The Vault),Taylor Swift,No suitable video
7/22/2023,Superman (Taylor's Version),Taylor Swift,No suitable video
7/22/2023,When Emma Falls In Love (Taylor's Version) (From The Vault),Taylor Swift,No suitable video
7/29/2023,Rush,Troye Sivan,No suitable video
7/29/2023,Save Me The Trouble,Dan + Shay,No suitable video
7/22/2023,Castles Crumbling (Taylor's Version) (From The Vault),Taylor Swift Featuring Hayley Williams,No suitable video
8/5/2023,I'm Just Ken,Ryan Gosling,No suitable video
7/29/2023,Turn Yo Clic Up,Quavo & Future,No suitable video
7/29/2023,S91,Karol G,No suitable video
8/5/2023,Dial Drunk,Noah Kahan With Post Malone,No suitable video
8/5/2023,Heartbroken,"Diplo, Jessie Murph & Polo G",No suitable video
7/29/2023,Quema,Ryan Castro x Pe$o Pluma,No suitable video
7/29/2023,What Was I Made For?,Billie Eilish,No suitable video
8/12/2023,Aqui Te Espero,Ivan Cornejo,No suitable video
8/12/2023,Jealousy,Offset & Cardi B,No suitable video
8/12/2023,In Your Love,Tyler Childers,No suitable video
8/19/2023,El Amor de Su Vida,Grupo Frontera & Grupo Firme,No suitable video
8/26/2023,Rich Men North Of Richmond,Oliver Anthony Music,No suitable video
8/26/2023,Una Noche En Medellin (Remix),"Karol G, Cris Mj & Ryan Castro",No suitable video
8/26/2023,Supposed To Be Loved,"DJ Khaled, Lil Baby, Future & Lil Uzi Vert",No suitable video
8/26/2023,Bad Idea Right?,Olivia Rodrigo,No suitable video
8/26/2023,Aint Gotta Dollar,Oliver Anthony Music,No suitable video
9/2/2023,Barely Holdin' On,Polo G,No suitable video
9/16/2023,SkeeYee,Sexyy Red,No suitable video
9/9/2023,Single Soon,Selena Gomez,No suitable video
9/9/2023,On My Mama,Victoria Monet,No suitable video
8/26/2023,Pretty Little Poison,Warren Zeiders,No suitable video
9/9/2023,Used To Be Young,Miley Cyrus,No suitable video
9/2/2023,Call Your Friends,Rod Wave,No suitable video
9/16/2023,Come See Me,Rod Wave,No suitable video
9/23/2023,Get Him Back!,Olivia Rodrigo,No suitable video
9/23/2023,All-American Bitch,Olivia Rodrigo,No suitable video
9/23/2023,Bipolar,Peso Pluma x Jasiel Nunez x Junior H,No suitable video
9/23/2023,Logical,Olivia Rodrigo,No suitable video
9/23/2023,Lacy,Olivia Rodrigo,No suitable video
9/30/2023,Boyz Don't Cry,Rod Wave,No suitable video
9/30/2023,Greedy,Tate McRae,No suitable video
9/23/2023,Teenage Dream,Olivia Rodrigo,No suitable video
9/30/2023,Another One Of Me,"Diddy, French Montana & The Weeknd Featuring 21 Savage",No suitable video
9/30/2023,Strangers,Kenya Grace,No suitable video
9/30/2023,Lil Boo Thang,Paul Russell,No suitable video
9/30/2023,Checkmate,Rod Wave,No suitable video
9/23/2023,Ballad Of A Homeschooled Girl,Olivia Rodrigo,No suitable video
10/7/2023,My Love Mine All Mine,Mitski,No suitable video
10/7/2023,Can't Have Mine,Dylan Scott,No suitable video
10/7/2023,Segun Quien,Maluma & Carin Leon,No suitable video
10/7/2023,Un Preview,Bad Bunny,No suitable video
10/14/2023,Mamaw's House,Thomas Rhett Featuring Morgan Wallen,No suitable video
10/21/2023,Y Lloro,Junior H,No suitable video
10/14/2023,The Secret Recipe,Lil Yachty & J. Cole,No suitable video
10/28/2023,Worth It,Offset & Don Toliver,No suitable video
10/21/2023,Wild Ones,Jessie Murph & Jelly Roll,No suitable video
10/14/2023,Stick Season,Noah Kahan,No suitable video
10/28/2023,Baby Nueva,Bad Bunny,No suitable video
10/28/2023,Baticano,Bad Bunny,No suitable video
10/28/2023,Acho PR,"Bad Bunny, Arcangel, De La Ghetto & Nengo Flow",No suitable video
11/4/2023,One Of Your Girls,Troye Sivan,No suitable video
11/11/2023,Now That We Don't Talk (Taylor's Version) [From The Vault],Taylor Swift,No suitable video
11/11/2023,Welcome To New York (Taylor's Version),Taylor Swift,No suitable video
11/11/2023,Is It Over Now? (Taylor's Version) [From The Vault],Taylor Swift,No suitable video
11/11/2023,Wonderland (Taylor's Version),Taylor Swift,No suitable video
11/11/2023,Slut! (Taylor's Version) [From The Vault],Taylor Swift,No suitable video
11/11/2023,Suburban Legends (Taylor's Version) [From The Vault],Taylor Swift,No suitable video
11/11/2023,I Know Places (Taylor's Version),Taylor Swift,No suitable video
11/11/2023,Shake It Off (Taylor's Version),Taylor Swift,No suitable video
11/11/2023,World On Fire,Nate Smith,No suitable video
11/11/2023,Clean (Taylor's Version),Taylor Swift,No suitable video
11/11/2023,Say Don't Go (Taylor's Version) [From The Vault],Taylor Swift,No suitable video
11/18/2023,Harley Quinn,Fuerza Regida & Marshmello,No suitable video
11/18/2023,Cobra,Megan Thee Stallion,No suitable video
11/25/2023,Soak City (Do It),310babii,No suitable video
11/18/2023,We Don't Fight Anymore,Carly Pearce Featuring Chris Stapleton,No suitable video
12/2/2023,"I Swear, I Really Wanted To Make A ""Rap"" Album But...",Andre 3000,No suitable video
11/25/2023,Smurk Carter,Lil Durk,No suitable video
12/30/2023,Winter Wonderland,Chloe,Every channel is None or video duration is not between 60 and 600 seconds
12/30/2023,Winter Wonderland,Chloe,No suitable video
12/16/2023,Feather,Sabrina Carpenter,No suitable video
12/30/2023,La Victima,Xavi,No suitable video
12/2/2023,Where The Wild Things Are,Luke Combs,No suitable video
12/16/2023,My House,Beyonce,No suitable video
12/30/2023,DJ Play A Christmas Song,Cher,No suitable video
12/30/2023,The Christmas Song (Merry Christmas To You),"Nat ""King"" Cole",No suitable video
12/30/2023,Wondering Why,The Red Clay Strays,No suitable video
12/30/2023,Bellakeo,Peso Pluma & Anitta,No suitable video
1/6/2024,I Saw Mommy Kissing Santa Claus,Jackson 5,No suitable video
1/20/2024,Soak City,310babii,No suitable video
2/3/2024,Beautiful Things,Benson Boone,No suitable video
1/13/2024,Rompe La Dompe,"Peso Pluma, Junior H & Oscar Maydon",No suitable video
2/10/2024,Creek Will Rise,Conner Smith,No suitable video
1/27/2024,J Christ,Lil Nas X,No suitable video
2/3/2024,No Caller ID,Megan Moroney,No suitable video
2/10/2024,Selfish,Justin Timberlake,No suitable video
2/17/2024,Scared To Start,Michael Marcagi,No suitable video
2/17/2024,A Cold Sunday,Lil Yachty,No suitable video
2/3/2024,First Love,Oscar Ortiz X Edgardo Nunez,No suitable video
1/20/2024,Coal,Dylan Gossett,No suitable video
2/10/2024,Hiss,Megan Thee Stallion,No suitable video
2/17/2024,Turn The Lights Back On,Billy Joel,No suitable video
2/24/2024,Paid,¥$: Kanye West & Ty Dolla $ign,No suitable video
2/24/2024,Forever,Noah Kahan,No suitable video
2/24/2024,Problematic,¥$: Kanye West & Ty Dolla $ign,No suitable video
2/24/2024,Hoodrat,¥$: Kanye West & Ty Dolla $ign,No suitable video
2/24/2024,Good (Don't Die),¥$: Kanye West & Ty Dolla $ign,No suitable video
3/2/2024,Whatever She Wants,Bryson Tiller,No suitable video
3/2/2024,End Of Beginning,Djo,No suitable video
3/2/2024,Contigo,Karol G & Tiesto,No suitable video
2/24/2024,Texas Hold 'Em,Beyonce,No suitable video
2/24/2024,Do It,¥$: Kanye West & Ty Dolla $ign,No suitable video
3/9/2024,Easy,LE SSERAFIM,No suitable video
3/2/2024,Training Season,Dua Lipa,No suitable video
2/24/2024,Burn,¥$: Kanye West & Ty Dolla $ign,No suitable video
3/9/2024,Love On,Selena Gomez,No suitable video
3/16/2024,Doctor (Work It Out),Pharrell & Miley Cyrus,No suitable video
3/9/2024,Holy Smokes,Bailey Zimmerman,No suitable video
3/16/2024,Tucson Too Late,Jordan Davis,No suitable video
3/23/2024,Back Then Right Now,Tyler Hubbard,No suitable video
3/23/2024,Act II: Date @ 8,4Batz Featuring Drake,No suitable video
3/23/2024,Burn,¥$: Ye & Ty Dolla $ign,No suitable video
