country,country_code,iso2,source,Date,Song,Artist,songID,youtube_songID,youtube_videoID,youtube_video_type,youtube_search_match_score,youtube_title,youtube_duration
South Korea,KOR,KR,Melon Chart,1995,그대만의 전설,오태호,그대만의 전설₩오태호,그대만의 전설₩오태호 (Oh Tae Ho),QdRtgMP3IEo,youtube music,0.62,그대만의 전설,274.0
South Korea,KOR,KR,Melon Chart,2008,라라라,Sg 워너비,라라라₩sg 워너비,라라라₩SG 워너비,eAoTw0xBtM0,youtube music,1.0,라라라,
South Korea,KOR,KR,Melon Chart,1991,꿈에서 본 거리,푸른하늘,꿈에서 본 거리₩푸른하늘,꿈에서 본 거리₩푸른하늘,llXVw700naE,youtube music,1.0,꿈에서 본 거리,
South Korea,KOR,KR,Melon Chart,1998,이별,안재욱,이별₩안재욱,이별₩안재욱,vabmWwFw1tk,youtube music,1.0,이별,
South Korea,KOR,KR,Melon Chart,1985,나는 사랑에 빠졌어요,이선희,나는 사랑에 빠졌어요₩이선희,💗나는 사랑에 빠졌어요 이선희₩길성배,9n6G7JYxJWE,youtube video,0.85,💗나는 사랑에 빠졌어요 이선희,
South Korea,KOR,KR,Melon Chart,1973,소낙비,이연실,소낙비₩이연실,소낙비₩이연실,jlXFCLrVb28,youtube music,1.0,소낙비,
South Korea,KOR,KR,Melon Chart,2002,구해주오,Cb Mass,구해주오₩cb mass,구해주오₩씨비매스(CB MASS),o8l6em6Viwk,youtube music,0.71,구해주오,282.0
South Korea,KOR,KR,Melon Chart,2001,기억이란 사랑보다,이문세,기억이란 사랑보다₩이문세,기억이란 사랑보다₩이문세,CzyWIeScg7A,youtube music,1.0,기억이란 사랑보다,
South Korea,KOR,KR,Melon Chart,2003,The Best,유진,the best₩유진,The Best₩유진,L1hqL59-wsQ,youtube music,1.0,The Best,
South Korea,KOR,KR,Melon Chart,1964,워싱턴 광장,정 시스터즈,워싱턴 광장₩정 시스터즈,워싱턴광장₩정시스터즈,YCAIztHldc4,youtube music,0.73,워싱턴광장,161.0
South Korea,KOR,KR,Melon Chart,1992,내일을 향해,신성우,내일을 향해₩신성우,To the Future₩Shin Sung Woo,bfmYRehRtEs,youtube music,0.0,To the Future,267.0
South Korea,KOR,KR,Melon Chart,2001,Wow (Ver.2),유승준,wow (ver.2)₩유승준,Wow (Ver. 2)₩유승준,cfpUQqJpkIw,youtube music,0.9,Wow (Ver. 2),
South Korea,KOR,KR,Melon Chart,2005,환희,싸이 (Psy),환희₩싸이 (psy),싸이(PSY)-환희₩박성호,rrzzPR1P-FE,youtube video,0.61,싸이(PSY)-환희,205.0
South Korea,KOR,KR,Melon Chart,1968,능금빛 순정,신행일,능금빛 순정₩신행일,능금빛 순정₩신상희,Vq_32keo56Y,youtube music,0.78,능금빛 순정,
South Korea,KOR,KR,Melon Chart,2001,사진속에 담긴 추억,임재범,사진속에 담긴 추억₩임재범,사진속에 담긴 추억₩임재범,7Qd5RfVXS0g,youtube music,1.0,사진속에 담긴 추억,
South Korea,KOR,KR,Melon Chart,1987,하늘이여,김학래,하늘이여₩김학래,하늘이여₩김학래,EuFL1ZijC-k,youtube music,1.0,하늘이여,
South Korea,KOR,KR,Melon Chart,2002,어머니,원타임,어머니₩원타임,어머니₩원타임,uO7JR93_CM0,youtube music,1.0,어머니,
South Korea,KOR,KR,Melon Chart,1988,언제나 그대 내곁에 (응답하라 1988 삽입곡),김현식,언제나 그대 내곁에 (응답하라 1988 삽입곡)₩김현식,언제나 그대 내곁에₩Kim Hyunshik,2irFzUIFwKE,youtube music,0.39,언제나 그대 내곁에,281.0
South Korea,KOR,KR,Melon Chart,1986,허공,조용필,허공₩조용필,조용필 - '허공'₩Again 가요톱10 : KBS KPOP Classic,ikxRk-qjI_E,youtube video,0.13,조용필 - '허공',181.0
South Korea,KOR,KR,Melon Chart,2009,Candy Man,브라운아이드걸스,candy man₩브라운아이드걸스,Candy Man₩브라운아이드걸스,RCeprysY674,youtube music,1.0,Candy Man,
South Korea,KOR,KR,Melon Chart,2008,미워도 사랑하니까,다비치,미워도 사랑하니까₩다비치,미워도 사랑하니까₩다비치,X_CC-Gb8qfI,youtube music,1.0,미워도 사랑하니까,
South Korea,KOR,KR,Melon Chart,1987,그 겨울의 찻집,조용필,그 겨울의 찻집₩조용필,그 겨울의 찻집₩신유,J2wrnhB2P2A,youtube music,0.76,그 겨울의 찻집,
South Korea,KOR,KR,Melon Chart,1985,이별노래,이동원,이별노래₩이동원,이별노래₩이동원,MNIeSOehL6Y,youtube music,1.0,이별노래,
South Korea,KOR,KR,Melon Chart,2004,긴 하루,이승철,긴 하루₩이승철,긴 하루₩이승철,5XJ2F4FrOqM,youtube music,1.0,긴 하루,
South Korea,KOR,KR,Melon Chart,1988,"돌고, 돌고, 돌고",전인권,"돌고, 돌고, 돌고₩전인권",돌고 돌고 돌고₩Jun In Kwon,t-uLWtLUV4g,youtube music,0.38,돌고 돌고 돌고,274.0
South Korea,KOR,KR,Melon Chart,1998,커플,젝스키스,커플₩젝스키스,커플₩젝스키스 (SECHSKIES),hPu72MUS5aY,youtube music,0.5,커플,250.0
South Korea,KOR,KR,Melon Chart,1998,그녀의 생일,뱅크,그녀의 생일₩뱅크,그녀의 생일₩뱅크,uzuAf2NuAOI,youtube music,1.0,그녀의 생일,
South Korea,KOR,KR,Melon Chart,1999,세가지 소원,이승환,세가지 소원₩이승환,세가지 소원₩허밍노트,Dde6b9B8Y4Y,youtube music,0.63,세가지 소원,309.0
South Korea,KOR,KR,Melon Chart,1972,까투리 사냥,비둘기 시스터즈,까투리 사냥₩비둘기 시스터즈,까투리 사냥₩비둘기 씨스터즈,stgSKswKrUo,youtube music,0.86,까투리 사냥,
South Korea,KOR,KR,Melon Chart,1987,내가 왜 웁니까,주현미,내가 왜 웁니까₩주현미,내가 왜 웁니까₩주현미,wBc2YOwlLHQ,youtube music,1.0,내가 왜 웁니까,
South Korea,KOR,KR,Melon Chart,1973,잘 있어요,이현,잘 있어요₩이현,잘 있어요₩이현,5ncQPaj92cU,youtube music,1.0,잘 있어요,
South Korea,KOR,KR,Melon Chart,2008,So Hot,원더걸스,so hot₩원더걸스,So Hot₩원더걸스,agL-oiDlyYo,youtube music,1.0,So Hot,
South Korea,KOR,KR,Melon Chart,1986,내가 좋아하는 화가,정희정,내가 좋아하는 화가₩정희정,내가 좋아하는 화가₩이미령,4eiBACGjtjM,youtube music,0.77,내가 좋아하는 화가,
South Korea,KOR,KR,Melon Chart,1981,옛시인의 노래,한경애,옛시인의 노래₩한경애,옛시인의 노래₩한경애,KOEL0ooKqEc,youtube music,1.0,옛시인의 노래,
South Korea,KOR,KR,Melon Chart,1987,영어 선생님,강인원,영어 선생님₩강인원,영어 선생님₩강인원 ( ),XvKtZD7CTWk,youtube music,0.82,영어 선생님,
South Korea,KOR,KR,Melon Chart,1998,거짓말₩BIGBANG,김현철,거짓말도 보여요₩김현철,거짓말도 보여요₩김현철,BdAWaUniEVY,youtube music,1.0,거짓말도 보여요,
South Korea,KOR,KR,Melon Chart,1989,네게 줄수 있는건 오직 사랑뿐,변진섭,네게 줄수 있는건 오직 사랑뿐₩변진섭,네게 줄수 있는건 오직 사랑뿐₩변진섭,S6fW3fXInf4,youtube music,1.0,네게 줄수 있는건 오직 사랑뿐,
South Korea,KOR,KR,Melon Chart,2002,Season In The Sun,정재욱,season in the sun₩정재욱,Season In The Sun₩정재욱,erN0YoKgYIg,youtube music,1.0,Season In The Sun,
South Korea,KOR,KR,Melon Chart,1987,잃어버린 계절,이치현과 벗님들,잃어버린 계절₩이치현과 벗님들,이치현과 벗님들 - 잃어버린 계절₩기타선생김용남,yKwAOI4080w,youtube video,0.7,이치현과 벗님들 - 잃어버린 계절,231.0
South Korea,KOR,KR,Melon Chart,1981,어느 소녀의 사랑 이야기,민해경,어느 소녀의 사랑 이야기₩민해경,어느 소녀의 사랑 이야기₩이화,TJ8iebUZYgs,youtube music,0.84,어느 소녀의 사랑 이야기,
South Korea,KOR,KR,Melon Chart,1991,이 밤이 지나면,임재범,이 밤이 지나면₩임재범,이 밤이 지나면₩심스,9oBZ8Ycq4Ew,youtube music,0.76,이 밤이 지나면,
South Korea,KOR,KR,Melon Chart,2004,My Name,보아 (Boa),my name₩보아 (boa),My Name₩보아 (BoA),BkO1xDybJO4,youtube music,1.0,My Name,
South Korea,KOR,KR,Melon Chart,1998,하나의 사랑,박상민,하나의 사랑₩박상민,하나의 사랑₩박상민,smNYEAEO5n0,youtube music,1.0,하나의 사랑,
South Korea,KOR,KR,Melon Chart,1984,길 바람 아이,김광일,길 바람 아이₩김광일,길 바람 아이₩김광일,emFguRdoPQs,youtube music,1.0,길 바람 아이,
South Korea,KOR,KR,Melon Chart,1993,내일은 늦으리,올스타 밴드,내일은 늦으리₩올스타 밴드,내일은늦으리₩올스타밴드,b1QsENelnrI,youtube music,0.75,내일은늦으리,259.0
South Korea,KOR,KR,Melon Chart,1995,Mystery,봄여름가을겨울,mystery₩봄여름가을겨울,미련₩봄 여름 가을 겨울,TTp6BJ2tBNw,youtube music,0.31,미련,317.0
South Korea,KOR,KR,Melon Chart,2005,"별, 바람, 햇살 그리고 사랑",김종국,"별, 바람, 햇살 그리고 사랑₩김종국","별, 바람, 햇살 그리고 사랑₩김종국",412GY0P47nI,youtube music,1.0,"별, 바람, 햇살 그리고 사랑",
South Korea,KOR,KR,Melon Chart,2007,Ordinary People,Sg 워너비,ordinary people₩sg 워너비,SG워너비 - Ordinary People₩진영이,EfCF0_kz4Lw,youtube video,0.77,SG워너비 - Ordinary People,
South Korea,KOR,KR,Melon Chart,1998,진심,김광진,진심₩김광진,진심 Truly₩김광진 KIM Kwang Jin,PDlNQv5XN-8,youtube music,0.33,진심 Truly,247.0
South Korea,KOR,KR,Melon Chart,2008,사랑해 (Feat. 윤은혜),마이티 마우스,사랑해 (feat. 윤은혜)₩마이티 마우스,사랑해₩Mighty Mouth,JCzyBCOjMFo,youtube music,0.16,사랑해,243.0
South Korea,KOR,KR,Melon Chart,1981,청춘,산울림,청춘₩산울림,청춘₩산울림,kumjzuAU_yg,youtube music,1.0,청춘,
South Korea,KOR,KR,Melon Chart,1989,흐린 가을 하늘에 편지를 써,김광석,흐린 가을 하늘에 편지를 써₩김광석,흐린 가을 하늘에 편지를 써₩김광석,X90-C6K49-8,youtube music,1.0,흐린 가을 하늘에 편지를 써,
South Korea,KOR,KR,Melon Chart,1977,호수에 잠긴 달,세부엉,호수에 잠긴 달₩세부엉,호수에 잠긴 달₩세부엉,bC6dl8sLdRo,youtube music,1.0,호수에 잠긴 달,
South Korea,KOR,KR,Melon Chart,1971,창밖에는 비 오고요,송창식,창밖에는 비 오고요₩송창식,창밖에는 비오고요₩송창식,XBKgDQ6CS9g,youtube music,0.88,창밖에는 비오고요,
South Korea,KOR,KR,Melon Chart,1997,"Here, I Stand For You (Original Ver.)",넥스트,"here, i stand for you (original ver.)₩넥스트","Here, I Stand For You₩넥스트",-saceK8m5-w,youtube music,0.75,"Here, I Stand For You",294.0
South Korea,KOR,KR,Melon Chart,1965,산너머 남촌에는,박재란,산너머 남촌에는₩박재란,산넘어 남촌에는₩박재란,YTvufCNN8l0,youtube music,0.73,산넘어 남촌에는,172.0
South Korea,KOR,KR,Melon Chart,1993,그때는 알겠지,강수지,그때는 알겠지₩강수지,그때는알겠지₩강수지,YEiqLMODTzE,youtube music,0.84,그때는알겠지,
South Korea,KOR,KR,Melon Chart,1985,새장속의 사랑은 싫어,김학래,새장속의 사랑은 싫어₩김학래,새장속의 사랑은 싫어₩김학래,ibWJPwp_Jy4,youtube music,1.0,새장속의 사랑은 싫어,
South Korea,KOR,KR,Melon Chart,1974,비,김세환,비₩김세환,비₩김세환,YQFCqsqMEcg,youtube music,1.0,비,
South Korea,KOR,KR,Melon Chart,1967,돌지않는 풍차,문주란,돌지않는 풍차₩문주란,돌지않는 풍차₩문주란,LusayxM_aUI,youtube music,1.0,돌지않는 풍차,
South Korea,KOR,KR,Melon Chart,1999,불멸의 사랑,조성모,불멸의 사랑₩조성모,불멸의 사랑₩조성모,A0yPS9O4xVg,youtube music,1.0,불멸의 사랑,
South Korea,KOR,KR,Melon Chart,2000,기도,정일영,기도₩정일영,기도₩정일영,-WLtn9EiZIE,youtube music,1.0,기도,
South Korea,KOR,KR,Melon Chart,1990,샴푸의 요정,빛과 소금,샴푸의 요정₩빛과 소금,샴푸의 요정₩빛과 소금,8_UYuUWX-5w,youtube music,1.0,샴푸의 요정,
South Korea,KOR,KR,Melon Chart,1987,어둠은 걷히고,이선희,어둠은 걷히고₩이선희,🌸어둠은 걷히고  이선희₩길성배,Xo6BKqkC2IM,youtube video,0.77,🌸어둠은 걷히고  이선희,
South Korea,KOR,KR,Melon Chart,1978,겨울 장미,이은하,겨울 장미₩이은하,겨울 장미₩이은하,dem2lIpJ4_8,youtube music,1.0,겨울 장미,
South Korea,KOR,KR,Melon Chart,1964,아빠 안녕,현미,아빠 안녕₩현미,아빠 안녕₩현미,EmqvRJJcP1I,youtube music,1.0,아빠 안녕,
South Korea,KOR,KR,Melon Chart,1993,사는게 뭔지,이무송,사는게 뭔지₩이무송,이무송 - '사는게 뭔지' | Lee Mu song - 'What Is the Meaning of Life?' 【KBS 가요톱10】₩Again 가요톱10 : KBS KPOP Classic,dc5JZZHsHTA,youtube video,0.12,이무송 - '사는게 뭔지' | Lee Mu song - 'What Is the Meaning of Life?' 【KBS 가요톱10】,197.0
South Korea,KOR,KR,Melon Chart,2005,사랑했나봐,윤도현,사랑했나봐₩윤도현,사랑했나봐₩윤도현,MDNzHG4DDhE,youtube music,1.0,사랑했나봐,
South Korea,KOR,KR,Melon Chart,1984,유리벽,신형원,유리벽₩신형원,유리벽₩신형원,W6e7qKK9Pis,youtube music,1.0,유리벽,
South Korea,KOR,KR,Melon Chart,1997,질투,영턱스클럽,질투₩영턱스클럽,질투₩영턱스클럽,pVR0AXskurA,youtube video,1.0,질투,
South Korea,KOR,KR,Melon Chart,1999,어머님께,God,어머님께₩god,어머님께 (어머님께)₩god,8lhHdSkHomU,youtube music,0.67,어머님께 (어머님께),256.0
South Korea,KOR,KR,Melon Chart,2001,미소천사,성시경,미소천사₩성시경,미소천사₩성시경,VCg1EI53bkw,youtube music,1.0,미소천사,
South Korea,KOR,KR,Melon Chart,1973,그건 너,이장희,그건 너₩이장희,그건 너₩이장희,D0_dsKRo-yI,youtube music,1.0,그건 너,
South Korea,KOR,KR,Melon Chart,1992,가장무도회,김완선,가장무도회₩김완선,가장무도회₩김완선,QEf6RJ68xaY,youtube music,1.0,가장무도회,
South Korea,KOR,KR,Melon Chart,1984,사랑의 미로,최진희,사랑의 미로₩최진희,사랑의 미로₩최진희,_SEJV7k8Nmw,youtube music,1.0,사랑의 미로,
South Korea,KOR,KR,Melon Chart,2003,Loveholic,러브홀릭,loveholic₩러브홀릭,Loveholic₩러브홀릭,CkB2ikXNooA,youtube music,1.0,Loveholic,
South Korea,KOR,KR,Melon Chart,1966,동백꽃 피는 고향,남상규,동백꽃 피는 고향₩남상규,동백꽃 피는 고향₩노성,pcY2ytRZfi0,youtube music,0.78,동백꽃 피는 고향,
South Korea,KOR,KR,Melon Chart,1998,보낼수밖에 없는 난,소찬휘,보낼수밖에 없는 난₩소찬휘,보낼 수 밖에 없는 난₩소찬휘,p2Fqo_w6mek,youtube music,0.79,보낼 수 밖에 없는 난,
South Korea,KOR,KR,Melon Chart,2002,진실,쿨 (Cool),진실₩쿨 (cool),진실₩쿨 (Cool),Q2qH4-LzI3s,youtube music,1.0,진실,
South Korea,KOR,KR,Melon Chart,1995,하루,장필순,하루₩장필순,하루₩장필순,0nJ7rA_bgcI,youtube music,1.0,하루,
South Korea,KOR,KR,Melon Chart,2009,눈물아 안녕,아이비,눈물아 안녕₩아이비,눈물아 안녕₩투피알,WHUEJ5G5slM,youtube music,0.67,눈물아 안녕,223.0
South Korea,KOR,KR,Melon Chart,1980,외할머니 댁,논두렁 밭두렁,외할머니 댁₩논두렁 밭두렁,외할머니 댁₩논두렁 밭두렁,O-NUIiN2CIc,youtube music,1.0,외할머니 댁,
South Korea,KOR,KR,Melon Chart,1993,너의 사고방식,모자이크,너의 사고방식₩모자이크,Your Way of Thinking₩Mosaic,YQ6usaW0uAI,youtube music,0.0,Your Way of Thinking,271.0
South Korea,KOR,KR,Melon Chart,1970,망향,배성,망향₩배성,망향₩배성,vHfd3oEqfNM,youtube music,1.0,망향,
South Korea,KOR,KR,Melon Chart,1986,님,김정호,님₩김정호,김정호 - 님.wmv₩Kim Jung Ho,ShasjTy39h8,youtube video,0.15,김정호 - 님.wmv,283.0
South Korea,KOR,KR,Melon Chart,2000,위대한 탄생 (Fetticcini),드렁큰 타이거,위대한 탄생 (fetticcini)₩드렁큰 타이거,드렁큰타이거 - 위대한 탄생 (Fetticcini)₩비마라라,wOMQQc-uA1w,youtube video,0.79,드렁큰타이거 - 위대한 탄생 (Fetticcini),
South Korea,KOR,KR,Melon Chart,1996,이젠 널 인정하려 해,뱅크,이젠 널 인정하려 해₩뱅크,이젠 널 인정하려해₩뱅크,eEd9MkdsmSs,youtube music,0.88,이젠 널 인정하려해,
South Korea,KOR,KR,Melon Chart,1996,나보다 조금 더 높은 곳에 니가 있을 뿐,신승훈,나보다 조금 더 높은 곳에 니가 있을 뿐₩신승훈,나보다 조금 더 높은 곳에 니가 있을 뿐₩신승훈,_vu9y_QnITI,youtube music,1.0,나보다 조금 더 높은 곳에 니가 있을 뿐,
South Korea,KOR,KR,Melon Chart,1985,강변연가,권진경,강변연가₩권진경,강변연가₩권진경,cq00b6PWTas,youtube music,1.0,강변연가,
South Korea,KOR,KR,Melon Chart,2008,Love,브라운아이드걸스,love₩브라운아이드걸스,LOVE₩브라운 아이드 걸스,CdsQsniwoDk,youtube music,0.77,LOVE,
South Korea,KOR,KR,Melon Chart,1999,Lying,샵,lying₩샵,Lying₩S#arp,jhpkzq6Zi9A,youtube music,0.62,Lying,244.0
South Korea,KOR,KR,Melon Chart,1993,두근 두근 쿵쿵,현진영,두근 두근 쿵쿵₩현진영,두근 두근 쿵쿵 - 현진영₩my my radio,FawsPr4x740,youtube video,0.61,두근 두근 쿵쿵 - 현진영,240.0
South Korea,KOR,KR,Melon Chart,1999,영원한 사랑,핑클,영원한 사랑₩핑클,영원한 사랑₩Fin.K.L,xw2I0MO3P60,youtube music,0.57,영원한 사랑,249.0
South Korea,KOR,KR,Melon Chart,2009,미스터,카라,미스터₩카라,Mr. (미스터)₩KARA,lP6yruxrvdE,youtube music,0.22,Mr. (미스터),194.0
South Korea,KOR,KR,Melon Chart,1985,"어제, 오늘, 그리고",조용필,"어제, 오늘, 그리고₩조용필",어제 오늘 그리고₩조용필,dICIVrTQOug,youtube music,0.77,어제 오늘 그리고,
South Korea,KOR,KR,Melon Chart,1987,외로운 밤은 싫어,높은음자리,외로운 밤은 싫어₩높은음자리,외로운 밤은 싫어₩높은음자리,0vJdexqG9dw,youtube music,1.0,외로운 밤은 싫어,
South Korea,KOR,KR,Melon Chart,1982,종이학,전영록,종이학₩전영록,종이학₩전영록,cqWtrwDciBI,youtube music,1.0,종이학,
South Korea,KOR,KR,Melon Chart,1988,아쉬움,신촌 블루스,아쉬움₩신촌 블루스,아쉬움₩신촌 블루스,DPnW90s91J8,youtube music,1.0,아쉬움,
South Korea,KOR,KR,Melon Chart,2007,단발머리,이수영,단발머리₩이수영,단발머리₩이수영,w1927yxtNqg,youtube music,1.0,단발머리,
South Korea,KOR,KR,Melon Chart,1984,눈물의 재회,강승모,눈물의 재회₩강승모,눈물의 재회₩강승모,4AvGu6prRn0,youtube music,1.0,눈물의 재회,
South Korea,KOR,KR,Melon Chart,1994,비밀은 없어,룰라,비밀은 없어₩룰라,비밀은 없어₩룰라,7rHYKavhkAc,youtube music,1.0,비밀은 없어,
South Korea,KOR,KR,Melon Chart,1997,이별,이지훈,이별₩이지훈,이별₩이지훈,PR5zKo3yEvc,youtube music,1.0,이별,
South Korea,KOR,KR,Melon Chart,1986,사랑도 추억도 I,방미,사랑도 추억도 i₩방미,사랑도 추억도₩방미,UTRT8Jdw53A,youtube music,0.9,사랑도 추억도,
South Korea,KOR,KR,Melon Chart,1991,오늘 같은 밤이면,박정운,오늘 같은 밤이면₩박정운,오늘 같은 밤이면₩박정운,XBCOp1b_rDY,youtube music,1.0,오늘 같은 밤이면,
South Korea,KOR,KR,Melon Chart,2003,인연,노을,인연₩노을,인연₩노을,Wy39NId6da8,youtube music,1.0,인연,
South Korea,KOR,KR,Melon Chart,1998,사랑만들기,엔알지,사랑만들기₩엔알지,사랑만들기₩엔알지,RTFl-un6x8k,youtube music,1.0,사랑만들기,
South Korea,KOR,KR,Melon Chart,2009,Diva,애프터스쿨,diva₩애프터스쿨,DIVA₩애프터스쿨,CveilV83S7U,youtube music,1.0,DIVA,
South Korea,KOR,KR,Melon Chart,1973,돌아와,박우철,돌아와₩박우철,돌아와₩박우철,4xLycEAam_Q,youtube music,1.0,돌아와,
South Korea,KOR,KR,Melon Chart,1995,살다보면,권진원,살다보면₩권진원,살다보면₩권진원,ZUOk9byoZaU,youtube music,1.0,살다보면,
South Korea,KOR,KR,Melon Chart,2005,Tonight,홍경민,tonight₩홍경민,Tonight₩SPICA,c6QFLNlIgsw,youtube music,0.64,Tonight,220.0
South Korea,KOR,KR,Melon Chart,1979,한동안 뜸 했었지,사랑과 평화,한동안 뜸 했었지₩사랑과 평화,한동안 뜸 했었지₩사랑과 평화,MyBhKjgOFlY,youtube music,1.0,한동안 뜸 했었지,
South Korea,KOR,KR,Melon Chart,1972,모닥불,박인희,모닥불₩박인희,모닥불₩박인희,JJUP6cnn2fw,youtube music,1.0,모닥불,
South Korea,KOR,KR,Melon Chart,2009,결혼해 줄래 (Feat. Bizniz),이승기,결혼해 줄래 (feat. bizniz)₩이승기,Lee Seung Gi (이승기) - Will You Marry Me.. (결혼해줄래)₩J.S Lee,g7cG4AThdsc,youtube video,0.2,Lee Seung Gi (이승기) - Will You Marry Me.. (결혼해줄래),231.0
South Korea,KOR,KR,Melon Chart,2006,하고싶은 말,김태우,하고싶은 말₩김태우,하고 싶은 말₩김태우,5YMGUBnHraE,youtube music,0.84,하고 싶은 말,
South Korea,KOR,KR,Melon Chart,1999,신부에게,유리상자,신부에게₩유리상자,신부에게₩유리상자,4chelyBIZNk,youtube music,1.0,신부에게,
South Korea,KOR,KR,Melon Chart,1994,약한 남자,듀스,약한 남자₩듀스,약한남자₩듀스,yMSMF0Le-Ak,youtube music,0.77,약한남자,
South Korea,KOR,KR,Melon Chart,1986,건널수 없는 강,한영애,건널수 없는 강₩한영애,건널수 없는 강₩이정선,MgTPugxoORg,youtube music,0.73,건널수 없는 강,213.0
South Korea,KOR,KR,Melon Chart,1978,순이 생각,물레방아,순이 생각₩물레방아,순이 생각 | 물레방아₩올겐자리,KC6JZHPDaII,youtube video,0.72,순이 생각 | 물레방아,176.0
South Korea,KOR,KR,Melon Chart,1982,꿈을 먹는 젊은이,남궁옥분,꿈을 먹는 젊은이₩남궁옥분,꿈을 먹는 젊은이₩남궁옥분,tYFnWUYGSdE,youtube music,1.0,꿈을 먹는 젊은이,
South Korea,KOR,KR,Melon Chart,1992,하룻밤의 꿈,이상우,하룻밤의 꿈₩이상우,하룻밤의 꿈₩이상우,2g2FwTQ8GDM,youtube music,1.0,하룻밤의 꿈,
South Korea,KOR,KR,Melon Chart,1986,추억의 밤,이치현,추억의 밤₩이치현,추억의 밤₩이치현,H2WJs3CcE_k,youtube music,1.0,추억의 밤,
South Korea,KOR,KR,Melon Chart,1996,운명,신승훈,운명₩신승훈,운명₩신승훈,uN97lTxJDHc,youtube music,1.0,운명,
South Korea,KOR,KR,Melon Chart,2003,고백하는 날,이기찬,고백하는 날₩이기찬,고백하는 날₩이기찬,jetVZSKrhfI,youtube music,1.0,고백하는 날,
South Korea,KOR,KR,Melon Chart,1987,나홀로 뜰 앞에서,김완선,나홀로 뜰 앞에서₩김완선,나홀로 뜰 앞에서₩김완선,45ajF1GyF6s,youtube music,1.0,나홀로 뜰 앞에서,
South Korea,KOR,KR,Melon Chart,1971,꽃동네 새동네,정훈희,꽃동네 새동네₩정훈희,꽃동네 새동네₩정훈희,cXnTzYxEKHY,youtube music,1.0,꽃동네 새동네,
South Korea,KOR,KR,Melon Chart,2009,사랑해 (Feat. 유리상자 박승화),Sg 워너비,사랑해 (feat. 유리상자 박승화)₩sg 워너비,사랑해 (feat. 유리상자 박승화)₩SG WANNABE,ZosElD8PdWQ,youtube music,0.82,사랑해 (feat. 유리상자 박승화),
South Korea,KOR,KR,Melon Chart,1984,고니,이태원,고니₩이태원,고니₩이태원,B_PqVNuweiY,youtube music,1.0,고니,
South Korea,KOR,KR,Melon Chart,2004,사람찾기,유리상자,사람찾기₩유리상자,사람찾기₩유리상자,kznMEtC3ork,youtube music,1.0,사람찾기,
South Korea,KOR,KR,Melon Chart,1994,마법의 성,더 클래식,마법의 성₩더 클래식,더 클래식 - 마법의 성 (1994) 꼬마버젼.₩pops8090,aP8lYrd5QMY,youtube video,0.41,더 클래식 - 마법의 성 (1994) 꼬마버젼.,286.0
South Korea,KOR,KR,Melon Chart,1999,Gimme! Gimme!,컨츄리 꼬꼬,gimme! gimme!₩컨츄리 꼬꼬,[AUDIO] 컨츄리꼬꼬 - Gimme! Gimme!₩Magictwinzleeplay,FDYJzsIlV4s,youtube video,0.52,[AUDIO] 컨츄리꼬꼬 - Gimme! Gimme!,239.0
South Korea,KOR,KR,Melon Chart,1992,한번 더 생각해봐요,양수경,한번 더 생각해봐요₩양수경,한번 더 생각해봐요₩양수경,pD_GZsVuWjk,youtube music,1.0,한번 더 생각해봐요,
South Korea,KOR,KR,Melon Chart,1994,오래전 그날,윤종신,오래전 그날₩윤종신,오래전 그날₩윤종신,onpgt7YzGiw,youtube music,1.0,오래전 그날,
South Korea,KOR,KR,Melon Chart,1988,그대 만을,이광조,그대 만을₩이광조,그대만을₩이광조,R6CcstahKzM,youtube music,0.8,그대만을,
South Korea,KOR,KR,Melon Chart,1985,사랑의 눈동자,유익종,사랑의 눈동자₩유익종,사랑의 눈동자₩유익종,1cMrDMiu6pY,youtube music,1.0,사랑의 눈동자,
South Korea,KOR,KR,Melon Chart,1968,서울이여 안녕,이미자,서울이여 안녕₩이미자,서울이여 안녕₩이미자,TVV86gCi-EQ,youtube music,1.0,서울이여 안녕,
South Korea,KOR,KR,Melon Chart,1987,새벽새,높은음자리,새벽새₩높은음자리,새벽새₩높은음자리,XLpdsPq95UI,youtube music,1.0,새벽새,
South Korea,KOR,KR,Melon Chart,2003,결혼을 할 거라면,쿨 (Cool),결혼을 할 거라면₩쿨 (cool),결혼을 할 거라면₩쿨 (Cool),f_N7RvnfG1Y,youtube music,1.0,결혼을 할 거라면,
South Korea,KOR,KR,Melon Chart,2008,여자는 사랑을 먹고,왁스,여자는 사랑을 먹고₩왁스,여자는 사랑을 먹고₩왁스,Y8ADX2Qb03A,youtube music,1.0,여자는 사랑을 먹고,
South Korea,KOR,KR,Melon Chart,1975,마음은 서러워도,박일남,마음은 서러워도₩박일남,마음은 서러워도₩박일남,_qTO5Li5B7A,youtube music,1.0,마음은 서러워도,
South Korea,KOR,KR,Melon Chart,2006,Must Have Love,"Sg 워너비, 브라운아이드걸스","must have love₩sg 워너비, 브라운아이드걸스",Must Have Love₩브라운아이드걸스,HLasqiCzquc,youtube music,0.85,Must Have Love,
South Korea,KOR,KR,Melon Chart,1989,화려한 날은 가고,유열,화려한 날은 가고₩유열,화려한 날은 가고₩석양,n8wlOO1ermg,youtube music,0.82,화려한 날은 가고,
South Korea,KOR,KR,Melon Chart,2008,10점 만점에 10점,2pm,10점 만점에 10점₩2pm,10 Out of 10 (10점 만점에 10점)₩2PM,lqfbYfWeNhc,youtube music,0.6,10 Out of 10 (10점 만점에 10점),205.0
South Korea,KOR,KR,Melon Chart,1967,사월이 가면,패티김,사월이 가면₩패티김,사월이 가면₩패티김,6zMBuhm6DWk,youtube music,1.0,사월이 가면,
South Korea,KOR,KR,Melon Chart,1996,내 방식대로의 사랑 (House Version),신승훈,내 방식대로의 사랑 (house version)₩신승훈,내 방식대로의 사랑 (House Version)₩신승훈,9krXTDHnOAI,youtube music,1.0,내 방식대로의 사랑 (House Version),
South Korea,KOR,KR,Melon Chart,1980,그 사람 바보,희자매,그 사람 바보₩희자매,그 사람 바보₩희자매,1gQTKvcXMUc,youtube music,1.0,그 사람 바보,
South Korea,KOR,KR,Melon Chart,1973,바다의 여인,4월과 5월,바다의 여인₩4월과 5월,바다의 여인₩4월과 5월,1IGWWMJyNZw,youtube music,1.0,바다의 여인,
South Korea,KOR,KR,Melon Chart,2003,오리 날다 (영화 '권순분여사 납치사건' Cf 테마송),체리 필터,오리 날다 (영화 '권순분여사 납치사건' cf 테마송)₩체리 필터,flying duck(오리 날다 (영화 '권순분여사 납치사건' CF 테마송))₩체리필터,FYjWDBEA76E,youtube music,0.8,flying duck(오리 날다 (영화 '권순분여사 납치사건' CF 테마송)),
South Korea,KOR,KR,Melon Chart,1976,둘이서,박상규,둘이서₩박상규,둘이서₩박상규,Mqj7enmWcIA,youtube music,1.0,둘이서,
South Korea,KOR,KR,Melon Chart,2006,운다,손호영,운다₩손호영,손호영 - 운다 kpop 韓國歌謠₩Nareusha Jeong,cGBBXURZoQQ,youtube video,0.22,손호영 - 운다 kpop 韓國歌謠,259.0
South Korea,KOR,KR,Melon Chart,1995,너를 품에 안으면,컬트,너를 품에 안으면₩컬트,너를 품에 안으면₩컬트,raSkJFOu54Q,youtube music,1.0,너를 품에 안으면,
South Korea,KOR,KR,Melon Chart,1974,제비,조영남,제비₩조영남,제비₩조영남,YD44BskkeM0,youtube music,1.0,제비,
South Korea,KOR,KR,Melon Chart,1988,누구없소?,한영애,누구없소?₩한영애,누구없소?₩한영애,IY5uJY1sRzM,youtube music,1.0,누구없소?,
South Korea,KOR,KR,Melon Chart,1993,신(新) 인류의 사랑,015b,신(新) 인류의 사랑₩015b,신(新) 인류의 사랑₩공일오비(015B),v5s2ZgYBXlk,youtube music,0.78,신(新) 인류의 사랑,
South Korea,KOR,KR,Melon Chart,1985,겨울 비는 내리고,김범룡,겨울 비는 내리고₩김범룡,겨울비는 내리고₩김범룡,TdxLQam4LwU,youtube music,0.87,겨울비는 내리고,
South Korea,KOR,KR,Melon Chart,2009,Love Like This (네게로),Ss501,love like this (네게로)₩ss501,Love Like This (네게로)₩SS501,3cPLDqE9lqo,youtube music,1.0,Love Like This (네게로),
South Korea,KOR,KR,Melon Chart,1990,보라빛 향기,강수지,보라빛 향기₩강수지,보라빛 향기₩강수지,JNO61Tk7j1w,youtube music,1.0,보라빛 향기,
South Korea,KOR,KR,Melon Chart,1990,저 창살에 햇살이,안치환,저 창살에 햇살이₩안치환,저 창살에 햇살이₩안치환,0BY_rRpYOy0,youtube music,1.0,저 창살에 햇살이,
South Korea,KOR,KR,Melon Chart,1988,내 그리운 나라,임지훈,내 그리운 나라₩임지훈,내 그리운 나라₩임지훈,BLG7Iny7fvA,youtube music,1.0,내 그리운 나라,
South Korea,KOR,KR,Melon Chart,1989,바람아 멈추어다오,이지연,바람아 멈추어다오₩이지연,바람아 멈추어다오₩이지연,SqRw5Y_x7uY,youtube music,1.0,바람아 멈추어다오,
South Korea,KOR,KR,Melon Chart,1987,빗속의 연가,김현식,빗속의 연가₩김현식,빗속의 연가₩김현식,71zL9lk0giQ,youtube music,1.0,빗속의 연가,
South Korea,KOR,KR,Melon Chart,1972,영원한 세실리아,최동길,영원한 세실리아₩최동길,영원한 세실리아₩최동길,4nGHQWZsBDg,youtube music,1.0,영원한 세실리아,
South Korea,KOR,KR,Melon Chart,2002,그리고 사랑해,이수영,그리고 사랑해₩이수영,그리고 사랑해₩이수영,8tIUpihDuLY,youtube music,1.0,그리고 사랑해,
South Korea,KOR,KR,Melon Chart,1985,제비꽃,조동진,제비꽃₩조동진,제비꽃₩조동진,92kgRHh1W4w,youtube music,1.0,제비꽃,
South Korea,KOR,KR,Melon Chart,1987,너,해바라기,너₩해바라기,너₩해바라기,_w-MOQJyw-U,youtube music,1.0,너,
South Korea,KOR,KR,Melon Chart,1998,"Oh, My Love",S.e.s.,"oh, my love₩s.e.s.","Oh, My Love₩S.E.S.",O6mN6rpjcGY,youtube music,1.0,"Oh, My Love",
South Korea,KOR,KR,Melon Chart,1969,웨딩 드레스,한상일,웨딩 드레스₩한상일,웨딩 드레스₩한상일,5-4W9-7UaxA,youtube music,1.0,웨딩 드레스,
South Korea,KOR,KR,Melon Chart,1990,숙녀에게,변진섭,숙녀에게₩변진섭,숙녀에게₩변진섭,ELHJ9M74u3E,youtube music,1.0,숙녀에게,
South Korea,KOR,KR,Melon Chart,1989,너무 늦었잖아요,변진섭,너무 늦었잖아요₩변진섭,너무 늦었잖아요₩변진섭,tmKMS0ZSRCM,youtube music,1.0,너무 늦었잖아요,
South Korea,KOR,KR,Melon Chart,2007,그래도 사랑합니다,일락,그래도 사랑합니다₩일락,그래도 사랑합니다₩일락,NPo4JdGgX8M,youtube music,1.0,그래도 사랑합니다,
South Korea,KOR,KR,Melon Chart,1980,사랑은 아직도 끝나지 않았네,조용필,사랑은 아직도 끝나지 않았네₩조용필,사랑은 아직도 끝나지 않았네₩지윤,SoYKMQJaAI0,youtube music,0.86,사랑은 아직도 끝나지 않았네,
South Korea,KOR,KR,Melon Chart,2003,보고 싶다,김범수,보고 싶다₩김범수,보고싶다₩김범수,F_w3jpFiiEw,youtube music,0.8,보고싶다,
South Korea,KOR,KR,Melon Chart,1969,한번 준 마음인데,이미자,한번 준 마음인데₩이미자,한번준 마음인데₩이미자,kz0W1EYGSYY,youtube music,0.87,한번준 마음인데,
South Korea,KOR,KR,Melon Chart,1966,아카시아의 마음,문주란,아카시아의 마음₩문주란,아카시아의 마음₩문주란,TYYXhgyG2jk,youtube music,1.0,아카시아의 마음,
South Korea,KOR,KR,Melon Chart,1978,밀려오는 파도소리에,썰물,밀려오는 파도소리에₩썰물,밀려오는 파도소리에₩썰물,Rm7Vb-Xe5Sw,youtube music,1.0,밀려오는 파도소리에,
South Korea,KOR,KR,Melon Chart,2003,점점,브라운 아이즈,점점₩브라운 아이즈,희망₩브라운 아이즈,mUq_3YlrumU,youtube music,0.78,희망,
South Korea,KOR,KR,Melon Chart,1995,훈련소로 가는 길,이장우,훈련소로 가는 길₩이장우,On my way (2019 Ver.)₩LEE JANG WOO,kaVd5u5byeI,youtube music,0.0,On my way (2019 Ver.),270.0
South Korea,KOR,KR,Melon Chart,1996,작별의식,베이시스,작별의식₩베이시스,베이시스 - 작별의식₩노루잠,QsaVUti0Tas,youtube video,0.64,베이시스 - 작별의식,110.0
South Korea,KOR,KR,Melon Chart,1984,이름없는 새,손현희,이름없는 새₩손현희,이름없는 새 - 손현희₩불사조,SAxCu8NRGS8,youtube video,0.75,이름없는 새 - 손현희,246.0
South Korea,KOR,KR,Melon Chart,2009,사랑..다 거짓말,린,사랑..다 거짓말₩린,사랑..다 거짓말₩린,D33LTGerx-o,youtube music,1.0,사랑..다 거짓말,
South Korea,KOR,KR,Melon Chart,1984,내 나이 육십하고 하나일때,김태화,내 나이 육십하고 하나일때₩김태화,이장희 - 내 나이 육십하고 하나일 때₩유유명진,SLiatssM1gs,youtube video,0.62,이장희 - 내 나이 육십하고 하나일 때,226.0
South Korea,KOR,KR,Melon Chart,1998,하나,옐로우,하나₩옐로우,하나₩옐로우,nilBA3x1-C0,youtube music,1.0,하나,
South Korea,KOR,KR,Melon Chart,2009,죽일 놈 (Guilty),다이나믹 듀오,죽일 놈 (guilty)₩다이나믹 듀오,Guilty₩Dynamicduo,PJfZViVdOwM,youtube music,0.28,Guilty,225.0
South Korea,KOR,KR,Melon Chart,1977,돌아와요 부산항에,조용필,돌아와요 부산항에₩조용필,돌아와요 부산항에₩조용필,kxifYdEvww8,youtube music,1.0,돌아와요 부산항에,
South Korea,KOR,KR,Melon Chart,2000,831 8,제이,831 8₩제이,831 8₩제이,7XW8FfQmjf4,youtube music,1.0,831 8,
South Korea,KOR,KR,Melon Chart,1998,마지막 사랑,에코,마지막 사랑₩에코,마지막 사랑₩에코(Eco),c0ZhmxcCVSQ,youtube music,0.76,마지막 사랑,
South Korea,KOR,KR,Melon Chart,2003,Mr. A-Jo,애즈원,mr. a-jo₩애즈원,애즈원(As One) Mr. A-Jo (가사 첨부)₩All NORE,GuxE6szk3oQ,youtube video,0.43,애즈원(As One) Mr. A-Jo (가사 첨부),257.0
South Korea,KOR,KR,Melon Chart,1998,뭐를 잘못한거니!,Esther,뭐를 잘못한거니!₩esther,Esther-뭐를 잘못한거니!₩약빠는 dj,Fbj2SG_bKOI,youtube video,0.76,Esther-뭐를 잘못한거니!,
South Korea,KOR,KR,Melon Chart,1986,"애고,도솔천아","정태춘, 박은옥","애고,도솔천아₩정태춘, 박은옥","애고, 도솔천아₩정태춘",_Hs6OgwSsbs,youtube video,0.77,"애고, 도솔천아",
South Korea,KOR,KR,Melon Chart,1988,신사동 그사람,주현미,신사동 그사람₩주현미,신사동 그사람₩주현미,RovrTvFMeEQ,youtube video,1.0,신사동 그사람,
South Korea,KOR,KR,Melon Chart,2008,마지막 인사,Bigbang,마지막 인사₩bigbang,마지막 인사₩BIGBANG,VT9lKAPWG5E,youtube music,1.0,마지막 인사,
South Korea,KOR,KR,Melon Chart,1997,배반의 장미,엄정화,배반의 장미₩엄정화,배반의 장미₩레인보우 현영,lOdNU4v1h1g,youtube music,0.55,배반의 장미,205.0
South Korea,KOR,KR,Melon Chart,2003,너의 결혼식,신화,너의 결혼식₩신화,너의 결혼식₩신화,Zwx83Ch4cQw,youtube music,1.0,너의 결혼식,
South Korea,KOR,KR,Melon Chart,1974,서로 좋아해,남진,서로 좋아해₩남진,서로좋아해₩남진,_b0Xat_63Fc,youtube music,0.8,서로좋아해,
South Korea,KOR,KR,Melon Chart,2002,No.1,보아 (Boa),no.1₩보아 (boa),NO.1₩보아 (BoA),0bHHPkJIxiU,youtube music,1.0,NO.1,
South Korea,KOR,KR,Melon Chart,1990,마음에 쓰는 편지,임백천,마음에 쓰는 편지₩임백천,마음에 쓰는 편지₩임백천,xxnItc1NQvQ,youtube music,1.0,마음에 쓰는 편지,
South Korea,KOR,KR,Melon Chart,1975,긴머리 소녀,둘 다섯,긴머리 소녀₩둘 다섯,긴머리 소녀₩둘다섯,CZQbk5gxdLA,youtube music,0.84,긴머리 소녀,
South Korea,KOR,KR,Melon Chart,1985,인생은 미완성,이진관,인생은 미완성₩이진관,인생은 미완성₩이진관,wYy76-nApAE,youtube music,1.0,인생은 미완성,
South Korea,KOR,KR,Melon Chart,2008,사랑을 원해,쿨 (Cool),사랑을 원해₩쿨 (cool),애상₩Cool,mwt-TpwRhvI,youtube music,0.3,애상,210.0
South Korea,KOR,KR,Melon Chart,1992,50년 후의 내모습,신해철,50년 후의 내모습₩신해철,50년 후의 내 모습₩신해철,y8cWbhTlQQA,youtube music,0.89,50년 후의 내 모습,
South Korea,KOR,KR,Melon Chart,2000,엄마야,신승훈,엄마야₩신승훈,엄마야₩신승훈,E_t4-BKd044,youtube music,1.0,엄마야,
South Korea,KOR,KR,Melon Chart,1992,질투,유승범,질투₩유승범,질투₩유승범,WuBJXVGgBdw,youtube music,1.0,질투,
South Korea,KOR,KR,Melon Chart,2004,오래오래,바이브,오래오래₩바이브,오래오래₩바이브,aoPXI3XmEv4,youtube music,1.0,오래오래,
South Korea,KOR,KR,Melon Chart,1988,아! 바람이여,박남정,아! 바람이여₩박남정,아! 바람이여₩박남정,nNMOjVkCGGc,youtube music,1.0,아! 바람이여,
South Korea,KOR,KR,Melon Chart,2002,안녕,이소라,안녕₩이소라,쉼₩Lee So Ra,sFGOLr39yIw,youtube music,0.0,쉼,322.0
South Korea,KOR,KR,Melon Chart,2000,다 알아요,양파,다 알아요₩양파,다 알아요₩양파,HNWrQJcI5Ag,youtube music,1.0,다 알아요,
South Korea,KOR,KR,Melon Chart,1976,당신은 모르실거야,혜은이,당신은 모르실거야₩혜은이,당신은 모르실거야₩혜은이,_jN9SDSP8Kc,youtube music,1.0,당신은 모르실거야,
South Korea,KOR,KR,Melon Chart,1980,또 만났네,이치현과 벗님들,또 만났네₩이치현과 벗님들,또 만났네₩벗님들,bxNWG4CELus,youtube music,0.76,또 만났네,
South Korea,KOR,KR,Melon Chart,2005,그녀에게,유엔,그녀에게₩유엔,그녀에게₩유엔,vbWhkSNxXyw,youtube music,1.0,그녀에게,
South Korea,KOR,KR,Melon Chart,1987,이제는,서울패밀리,이제는₩서울패밀리,이제는₩서울패밀리,QsyiIWOf_80,youtube music,1.0,이제는,
South Korea,KOR,KR,Melon Chart,1999,마지막 사랑,박기영,마지막 사랑₩박기영,마지막 사랑₩박기영,u7nPaigbD6k,youtube music,1.0,마지막 사랑,
South Korea,KOR,KR,Melon Chart,1983,가슴앓이,한마음,가슴앓이₩한마음,가슴앓이₩한마음,chBVOB8P0B0,youtube music,1.0,가슴앓이,
South Korea,KOR,KR,Melon Chart,1995,굴레를 벗어나 (Mo Funk Ver.),듀스,굴레를 벗어나 (mo funk ver.)₩듀스,굴레를 벗어나 (mo funk ver.)₩듀스(DEUX),E-nLA-kqZw4,youtube music,0.89,굴레를 벗어나 (mo funk ver.),
South Korea,KOR,KR,Melon Chart,2003,만취 In Melody,은지원,만취 in melody₩은지원,"Eun Ji-won - Dead drunk in Melody, 은지원 - 만취 in Melody, Music Camp 20031018₩MBCkpop",GiEKbIXOH3c,youtube video,0.29,"Eun Ji-won - Dead drunk in Melody, 은지원 - 만취 in Melody, Music Camp 20031018",196.0
South Korea,KOR,KR,Melon Chart,2008,It`S Okay (Feat. 화요비),언터쳐블,it`s okay (feat. 화요비)₩언터쳐블,QMIS It's Okay - 언터쳐블 (Feat. 화요비)₩kjchokim,cFCONBWKvrI,youtube video,0.7,QMIS It's Okay - 언터쳐블 (Feat. 화요비),316.0
South Korea,KOR,KR,Melon Chart,2007,사랑은 맛있다♡,휘성 (Realslow),사랑은 맛있다♡₩휘성 (realslow),사랑은 맛있다 ♡₩휘성(Realslow),2SKHcUcjwis,youtube music,0.86,사랑은 맛있다 ♡,
South Korea,KOR,KR,Melon Chart,2002,사랑하고 싶어,왁스,사랑하고 싶어₩왁스,Wax - 사랑하고 싶어₩one's whole heart,aeDOTcBcdWc,youtube video,0.36,Wax - 사랑하고 싶어,258.0
South Korea,KOR,KR,Melon Chart,1993,각자의 길,E.o.s,각자의 길₩e.o.s,각자의 길₩Star,Sy4lCvX90rQ,youtube music,0.53,각자의 길,258.0
South Korea,KOR,KR,Melon Chart,1986,스잔(Original Ver.),김승진,스잔(original ver.)₩김승진,Susanne₩Kim Seung Jin,CUidB0Q7AYw,youtube music,0.05,Susanne,205.0
South Korea,KOR,KR,Melon Chart,2008,사랑해 미안해,지아,사랑해 미안해₩지아,"Zi-A - Love you Sorry, 지아 - 사랑해 미안해, Music Core 20080809₩MBCkpop",v8jAGZfS4yQ,youtube video,0.22,"Zi-A - Love you Sorry, 지아 - 사랑해 미안해, Music Core 20080809",172.0
South Korea,KOR,KR,Melon Chart,2005,"Anyclub (Feat.teddy) ( Cf - Anycall Anyclub 이효리, 에릭, 권상우편 )",이효리,"anyclub (feat.teddy) ( cf - anycall anyclub 이효리, 에릭, 권상우편 )₩이효리",Anyclub (Feat.Teddy) - 이효리  LEE HYORI₩iminkkim,LEqi5jPNwWA,youtube video,0.47,Anyclub (Feat.Teddy) - 이효리  LEE HYORI,362.0
South Korea,KOR,KR,Melon Chart,1996,널 위한 거야,미스 미스터,널 위한 거야₩미스 미스터,It is for you₩Miss Mister,7d_e4UZ72z0,youtube music,0.0,It is for you,285.0
South Korea,KOR,KR,Melon Chart,1982,얼굴 빨개졌다네,이명훈,얼굴 빨개졌다네₩이명훈,얼굴 빨개졌다네₩이명훈,FtffFexGJQk,youtube music,1.0,얼굴 빨개졌다네,
South Korea,KOR,KR,Melon Chart,1975,여고 졸업반,김인순,여고 졸업반₩김인순,여고 졸업반₩김인순,Ne-Esbyfi8s,youtube music,1.0,여고 졸업반,
South Korea,KOR,KR,Melon Chart,1990,어두운 하늘 아래서,유영석,어두운 하늘 아래서₩유영석,어두운 하늘 아래서₩유영석,irebrshLHJQ,youtube music,1.0,어두운 하늘 아래서,
South Korea,KOR,KR,Melon Chart,2008,Hey Mr. Big,이효리,hey mr. big₩이효리,Hey Mr. Big₩이효리,lljIlD1jzj4,youtube video,1.0,Hey Mr. Big,
South Korea,KOR,KR,Melon Chart,1995,널 보낸 후에,최재훈,널 보낸 후에₩최재훈,널 보낸 후에₩최재훈,CKqmG95PVIk,youtube music,1.0,널 보낸 후에,
South Korea,KOR,KR,Melon Chart,2003,Music,바다,music₩바다,Music₩바다,sU9EQzyTemY,youtube music,1.0,Music,
South Korea,KOR,KR,Melon Chart,1995,떠나려는 그대를,일기예보,떠나려는 그대를₩일기예보,떠나려는 그대를 -일기예보₩태주엔터,cnEFfdt5Mec,youtube video,0.73,떠나려는 그대를 -일기예보,249.0
South Korea,KOR,KR,Melon Chart,2000,Escape,엄정화,escape₩엄정화,Escape₩엄정화,AntJzvux9_4,youtube music,1.0,Escape,
South Korea,KOR,KR,Melon Chart,1976,처녀 뱃사공,투에이스,처녀 뱃사공₩투에이스,처녀 뱃사공₩현정,q1pg34XmDUc,youtube music,0.67,처녀 뱃사공,149.0
South Korea,KOR,KR,Melon Chart,1986,그대 떠나는 날 비가 오는가,산울림,그대 떠나는 날 비가 오는가₩산울림,그대 떠나는 날 비가 오는가₩잔나비,YY_P7hEcFQI,youtube music,0.83,그대 떠나는 날 비가 오는가,
South Korea,KOR,KR,Melon Chart,1996,존재의 이유 1,김종환,존재의 이유 1₩김종환,존재의 이유 1₩김종환,hHGEo5aMbAw,youtube music,1.0,존재의 이유 1,
South Korea,KOR,KR,Melon Chart,2008,사랑이 그렇게 쉬워 (Feat. 태인),나몰라패밀리 (Namolla Family),사랑이 그렇게 쉬워 (feat. 태인)₩나몰라패밀리 (namolla family),Namolla Family나몰라패밀리(feat.Taein) - 사랑이 그렇게 쉬워₩GPENT2007,-PmQFgrKJH4,youtube video,0.69,Namolla Family나몰라패밀리(feat.Taein) - 사랑이 그렇게 쉬워,250.0
South Korea,KOR,KR,Melon Chart,1999,너희가 힙합을 아느냐?,드렁큰 타이거,너희가 힙합을 아느냐?₩드렁큰 타이거,너희가 힙합을 아느냐?₩드렁큰 타이거,I3q7Up-UjJk,youtube music,1.0,너희가 힙합을 아느냐?,
South Korea,KOR,KR,Melon Chart,1972,개여울,정미조,개여울₩정미조,개여울₩정미조,XS--tmjIUpg,youtube music,1.0,개여울,
South Korea,KOR,KR,Melon Chart,1968,과거는 흘러갔다,여운,과거는 흘러갔다₩여운,과거는 흘러갔다₩여운,qx0xDUAsv0w,youtube music,1.0,과거는 흘러갔다,
South Korea,KOR,KR,Melon Chart,1984,별리,김수철,별리₩김수철,별리₩김수철,OGFZ7smnLus,youtube music,1.0,별리,
South Korea,KOR,KR,Melon Chart,2005,아니,거미,아니₩거미,아니₩거미,z3YyIB26ilo,youtube music,1.0,아니,
South Korea,KOR,KR,Melon Chart,2003,내게로 와,체리 필터,내게로 와₩체리 필터,체리필터 - 내게로 와 | Cherryfilter - Come to me₩Cherryfilter,TgseVMSkK0M,youtube video,0.23,체리필터 - 내게로 와 | Cherryfilter - Come to me,223.0
South Korea,KOR,KR,Melon Chart,2003,백설공주를 사랑한 일곱번째 난장이,쿨 (Cool),백설공주를 사랑한 일곱번째 난장이₩쿨 (cool),백설공주를 사랑한 일곱번째 난장이₩쿨(COOL),8o55P4ile2o,youtube music,0.94,백설공주를 사랑한 일곱번째 난장이,
South Korea,KOR,KR,Melon Chart,2005,빙고 (아싸),거북이,빙고 (아싸)₩거북이,빙고₩Turtles,Wzr-vzrXrRY,youtube video,0.21,빙고,189.0
South Korea,KOR,KR,Melon Chart,1992,그런대로,김현철,그런대로₩김현철,그런대로₩김현철,-LnKXPU4zRI,youtube music,1.0,그런대로,
South Korea,KOR,KR,Melon Chart,1994,핑계,김건모,핑계₩김건모,김건모 - 핑계₩순풍순풍,P4cvqF106fI,youtube video,0.47,김건모 - 핑계,216.0
South Korea,KOR,KR,Melon Chart,2004,그곳에 서서,박효신,그곳에 서서₩박효신,그 곳에 서서₩박효신,iTPy7Mu6olU,youtube music,0.84,그 곳에 서서,
South Korea,KOR,KR,Melon Chart,2009,커플 (Feat. 황정음),김용준,커플 (feat. 황정음)₩김용준,"Kim Yong-jun & Hwang Jung-eum - Couple, 김용준 & 황정음 - 커플, Music Core 20090627₩MBCkpop",HAbOXEzU4zI,youtube video,0.14,"Kim Yong-jun & Hwang Jung-eum - Couple, 김용준 & 황정음 - 커플, Music Core 20090627",205.0
South Korea,KOR,KR,Melon Chart,1973,토요일 밤에,김세환,토요일 밤에₩김세환,토요일 밤에₩김세환,TrkHH-hB4ng,youtube music,1.0,토요일 밤에,
South Korea,KOR,KR,Melon Chart,2004,I`M Missing You,휘성 (Realslow),i`m missing you₩휘성 (realslow),I Am Missing You₩WHEESUNG,rs_GoHRp-Ug,youtube music,0.5,I Am Missing You,223.0
South Korea,KOR,KR,Melon Chart,1984,가난한 연인들의 기도,홍서범,가난한 연인들의 기도₩홍서범,가난한 연인들의 기도₩홍서범,F6RXK6EZccg,youtube music,1.0,가난한 연인들의 기도,
South Korea,KOR,KR,Melon Chart,1998,Poison(Remix),엄정화,poison(remix)₩엄정화,Poison₩Uhm Jung Hwa,mxk6PwcRtio,youtube video,0.29,Poison,224.0
South Korea,KOR,KR,Melon Chart,2000,다짐,조성모,다짐₩조성모,다짐₩조성모,_tsl-ghB7rk,youtube music,1.0,다짐,
South Korea,KOR,KR,Melon Chart,1999,거짓말 같은 시간,김연우,거짓말 같은 시간₩김연우,거짓말 같은 시간₩토이,v_3HKVEdLPw,youtube music,0.78,거짓말 같은 시간,
South Korea,KOR,KR,Melon Chart,2005,눈물씻고 화장하고,렉시,눈물씻고 화장하고₩렉시,"Lexy - Tears, 렉시 - 눈물 씻고 화장하고, Music Camp 20050730₩MBCkpop",WbpYi57Dp3k,youtube video,0.26,"Lexy - Tears, 렉시 - 눈물 씻고 화장하고, Music Camp 20050730",251.0
South Korea,KOR,KR,Melon Chart,1977,제비처럼,윤승희,제비처럼₩윤승희,제비처럼₩윤승희,CRi2Aq-9FII,youtube music,1.0,제비처럼,
South Korea,KOR,KR,Melon Chart,2007,사랑에 미치면 (Feat. 아웃캐스트 빅보이 & J.y.park `The Asiansoul`),임정희,사랑에 미치면 (feat. 아웃캐스트 빅보이 & j.y.park `the asiansoul`)₩임정희,사랑에 미치면 (Feat. 아웃캐스트 빅보이 & J.Y. Park ″The Asian Soul″)₩임정희,aIC-b2SrH7U,youtube music,0.88,사랑에 미치면 (Feat. 아웃캐스트 빅보이 & J.Y. Park ″The Asian Soul″),
South Korea,KOR,KR,Melon Chart,2008,클래식,Kcm,클래식₩kcm,클래식₩KCM,r1JhSBsySi0,youtube music,1.0,클래식,
South Korea,KOR,KR,Melon Chart,1999,몰라,엄정화,몰라₩엄정화,몰라₩엄정화,5VmQ5ReoDDI,youtube music,1.0,몰라,
South Korea,KOR,KR,Melon Chart,1992,아주 오래된 연인들,015b,아주 오래된 연인들₩015b,아주 오래된 연인들₩영탁,vnfMPtnoQ2E,youtube music,0.77,아주 오래된 연인들,
South Korea,KOR,KR,Melon Chart,1990,존대말을 써야할지 반말로 얘기해야 할지,민해경,존대말을 써야할지 반말로 얘기해야 할지₩민해경,존대말을 써야할지 반말로 얘기해야할지₩민해경,gd7Rfh7AyxM,youtube music,0.94,존대말을 써야할지 반말로 얘기해야할지,
South Korea,KOR,KR,Melon Chart,2002,넌 감동이었어,성시경,넌 감동이었어₩성시경,넌 감동이었어₩성시경,yPzSRKbjnCw,youtube music,1.0,넌 감동이었어,
South Korea,KOR,KR,Melon Chart,2008,다시 시작해보자,김동률,다시 시작해보자₩김동률,다시 시작해보자₩김동률,_-7jh00vcdw,youtube music,1.0,다시 시작해보자,
South Korea,KOR,KR,Melon Chart,2006,마이동풍,배치기,마이동풍₩배치기,마이동풍₩배치기,fNAzj6vW4cQ,youtube music,1.0,마이동풍,
South Korea,KOR,KR,Melon Chart,1988,당신도 울고 있네요,김종찬,당신도 울고 있네요₩김종찬,당신도 울고 있네요₩김종찬,0y-DI7-LcAE,youtube music,1.0,당신도 울고 있네요,
South Korea,KOR,KR,Melon Chart,1986,어서 말을 해,해바라기,어서 말을 해₩해바라기,어서 말을 해₩해바라기,tgTjv1z7wg8,youtube music,1.0,어서 말을 해,
South Korea,KOR,KR,Melon Chart,1998,먼 훗날,Yb,먼 훗날₩yb,먼 훗날₩YB,EAgzIa98t7o,youtube music,1.0,먼 훗날,
South Korea,KOR,KR,Melon Chart,2005,혼자만 하는 사랑,거미,혼자만 하는 사랑₩거미,혼자만 하는 사랑₩거미,yQFzGcuu9Ps,youtube music,1.0,혼자만 하는 사랑,
South Korea,KOR,KR,Melon Chart,1991,삐에로는 우릴 보고 웃지,김완선,삐에로는 우릴 보고 웃지₩김완선,삐에로는 우릴 보고 웃지₩김완선,2Au_na-wtlQ,youtube music,1.0,삐에로는 우릴 보고 웃지,
South Korea,KOR,KR,Melon Chart,1968,첫눈 내린 거리,이미자,첫눈 내린 거리₩이미자,첫눈 내린 거리₩이미자,BCtAa8E-lPM,youtube music,1.0,첫눈 내린 거리,
South Korea,KOR,KR,Melon Chart,1983,못잊겠어요,김수희,못잊겠어요₩김수희,못잊겠어요₩김수희,eEzkeyqIec4,youtube music,1.0,못잊겠어요,
South Korea,KOR,KR,Melon Chart,1985,새벽기차,다섯손가락,새벽기차₩다섯손가락,새벽기차₩다섯손가락,chR1bFtP05k,youtube music,1.0,새벽기차,
South Korea,KOR,KR,Melon Chart,2001,어제 오늘 그리고,유승준,어제 오늘 그리고₩유승준,어제 오늘 그리고₩유승준,BjQLTE_1c4c,youtube music,1.0,어제 오늘 그리고,
South Korea,KOR,KR,Melon Chart,1999,오직 너뿐인 나를…,이승철,오직 너뿐인 나를…₩이승철,오직 너뿐인 나를₩이승철,QG-3iYfSHBA,youtube music,0.88,오직 너뿐인 나를,
South Korea,KOR,KR,Melon Chart,1984,사랑도 못해본 사람은,이은하,사랑도 못해본 사람은₩이은하,사랑도 못해본 사람은₩이은하,NIngApCZRmA,youtube music,1.0,사랑도 못해본 사람은,
South Korea,KOR,KR,Melon Chart,1974,철지난 바닷가,송창식,철지난 바닷가₩송창식,철지난 바닷가₩송창식,iGZbnSUsFqg,youtube music,1.0,철지난 바닷가,
South Korea,KOR,KR,Melon Chart,1989,멀리 보이네,박남정,멀리 보이네₩박남정,멀리 보이네₩박남정,btUd98Rb6gY,youtube music,1.0,멀리 보이네,
South Korea,KOR,KR,Melon Chart,2004,열정,세븐,열정₩세븐,열정₩세븐,Cqokr695Gic,youtube music,1.0,열정,
South Korea,KOR,KR,Melon Chart,1986,님 떠난 후,장덕,님 떠난 후₩장덕,님 떠난후₩장덕,mHUhSnPg6uQ,youtube music,0.8,님 떠난후,
South Korea,KOR,KR,Melon Chart,1990,찬바람이 불면,김지연,찬바람이 불면₩김지연,찬바람이 불면₩김지연,hdxQJjKcQVA,youtube music,1.0,찬바람이 불면,
South Korea,KOR,KR,Melon Chart,1985,비내리는 영동교,주현미,비내리는 영동교₩주현미,비내리는 영동교₩주현미,JEGllFKkVyw,youtube music,1.0,비내리는 영동교,
South Korea,KOR,KR,Melon Chart,1992,더 이상 내게 아픔을 남기지마,하수빈,더 이상 내게 아픔을 남기지마₩하수빈,더 이상 내게 아픔을 남기지마₩하수빈,LpVtFH9_w8o,youtube music,1.0,더 이상 내게 아픔을 남기지마,
South Korea,KOR,KR,Melon Chart,1996,그대 내품에,박정운,그대 내품에₩박정운,그대 내품에₩박정운,NXenHh4Ob1s,youtube music,1.0,그대 내품에,
South Korea,KOR,KR,Melon Chart,2005,은영이에게 Part 2,Kcm,은영이에게 part 2₩kcm,은영이에게 Part2₩KCM,JBfij_KEX8g,youtube music,0.9,은영이에게 Part2,
South Korea,KOR,KR,Melon Chart,1976,터질거에요,김씨네,터질거에요₩김씨네,터질꺼예요₩김씨네,qwiFn4XYT8M,youtube music,0.62,터질꺼예요,198.0
South Korea,KOR,KR,Melon Chart,1990,슬픈 바다,조정현,슬픈 바다₩조정현,슬픈바다₩조정현,FSIiZg8CR4w,youtube music,0.8,슬픈바다,
South Korea,KOR,KR,Melon Chart,1994,시작되는 연인들을 위해,이원진,시작되는 연인들을 위해₩이원진,시작되는 연인들을 위해₩이원진,O3Nm7yBQjiI,youtube music,1.0,시작되는 연인들을 위해,
South Korea,KOR,KR,Melon Chart,1983,앉으나 서나 당신 생각,현철,앉으나 서나 당신 생각₩현철,앉으나 서나 당신 생각₩현철,Negmpqu75a4,youtube music,1.0,앉으나 서나 당신 생각,
South Korea,KOR,KR,Melon Chart,1971,세월이 약이겠지요,송대관,세월이 약이겠지요₩송대관,세월이 약이겠지요₩송대관,l8qZi2ZduuE,youtube music,1.0,세월이 약이겠지요,
South Korea,KOR,KR,Melon Chart,1996,비련,비비,비련₩비비,Tragic Love₩BB,IEV5ammabXU,youtube music,0.0,Tragic Love,249.0
South Korea,KOR,KR,Melon Chart,2009,나쁜 여자야,Ftisland,나쁜 여자야₩ftisland,Bad Woman₩FTISLAND,QhYV8vWzcwQ,youtube music,0.52,Bad Woman,233.0
South Korea,KOR,KR,Melon Chart,2000,나의 연인(我戀),임창정,나의 연인(我戀)₩임창정,나의 연인(我戀)₩임창정,zofSGqA2Uus,youtube music,0.83,나의 연인(我戀),
South Korea,KOR,KR,Melon Chart,1992,보이지 않는 사랑,신승훈,보이지 않는 사랑₩신승훈,보이지 않는 사랑₩신승훈,I-Bbj2uqoIo,youtube music,1.0,보이지 않는 사랑,
South Korea,KOR,KR,Melon Chart,1968,낙엽따라 가버린 사랑,차중락,낙엽따라 가버린 사랑₩차중락,낙엽따라 가버린 사랑₩차중락,3imzVaEQnvs,youtube music,1.0,낙엽따라 가버린 사랑,
South Korea,KOR,KR,Melon Chart,2008,착한 사람,Bigbang,착한 사람₩bigbang,착한 사람₩BIGBANG,D9eow9Iu1Yw,youtube music,1.0,착한 사람,
South Korea,KOR,KR,Melon Chart,2009,그 놈 목소리,씨야,그 놈 목소리₩씨야,그 놈 목소리 His voice₩씨야(SeeYa),678GDIWAgPg,youtube music,0.51,그 놈 목소리 His voice,185.0
South Korea,KOR,KR,Melon Chart,2008,처음처럼,Sg 워너비,처음처럼₩sg 워너비,first snow₩SG Wanna Be,S2hGZMR7mlQ,youtube music,0.19,first snow,235.0
South Korea,KOR,KR,Melon Chart,1987,새벽 아침,수와 진,새벽 아침₩수와 진,새벽 아침₩수와 진,y7RQnb0RJt4,youtube music,1.0,새벽 아침,
South Korea,KOR,KR,Melon Chart,2005,Rising Sun (순수),동방신기,rising sun (순수)₩동방신기,Rising Sun (순수)₩TVXQ!,2ZxK60hbX-s,youtube video,0.77,Rising Sun (순수),
South Korea,KOR,KR,Melon Chart,2002,잘가요,정재욱,잘가요₩정재욱,잘가요₩정재욱,YZ6keKVEjuY,youtube music,1.0,잘가요,
South Korea,KOR,KR,Melon Chart,1979,입영 전야,최백호,입영 전야₩최백호,입영 전야₩최백호,eEiyXWn3spM,youtube music,1.0,입영 전야,
South Korea,KOR,KR,Melon Chart,1971,찻집의 고독,나훈아,찻집의 고독₩나훈아,찻집의 고독₩나훈아,C1BSxpyMPKI,youtube music,1.0,찻집의 고독,
South Korea,KOR,KR,Melon Chart,1995,슬프도록 아름다운 ...,K2 김성면,슬프도록 아름다운 ...₩k2 김성면,슬프도록 아름다운₩K2 김성면,sP5COoiJg1w,youtube music,0.88,슬프도록 아름다운,
South Korea,KOR,KR,Melon Chart,1993,그대안의 블루,"김현철, 이소라","그대안의 블루₩김현철, 이소라",그대안의 블루₩이소라,6cZa0WozHWA,youtube music,0.8,그대안의 블루,
South Korea,KOR,KR,Melon Chart,2007,하루,포지션,하루₩포지션,[MUSIC VIDEO] 하루 - 포지션(POSITION)₩SHIN entertainment,bartnrMbUZI,youtube video,0.18,[MUSIC VIDEO] 하루 - 포지션(POSITION),1920.0
South Korea,KOR,KR,Melon Chart,2002,부탁해요,왁스,부탁해요₩왁스,부탁해요₩UP,g2FCLbrcetI,youtube music,0.67,부탁해요,245.0
South Korea,KOR,KR,Melon Chart,1999,슬픈 침묵,유승준,슬픈 침묵₩유승준,슬픈 침묵₩유승준,_ihhlsQE5yA,youtube music,1.0,슬픈 침묵,
South Korea,KOR,KR,Melon Chart,1975,맨처음 고백,송창식,맨처음 고백₩송창식,맨처음 고백₩송창식,8KSjyALpFHI,youtube music,1.0,맨처음 고백,
South Korea,KOR,KR,Melon Chart,2000,노을의 연가,주영훈,노을의 연가₩주영훈,노을의 연가₩주영훈,oetYm0e6XWc,youtube music,1.0,노을의 연가,
South Korea,KOR,KR,Melon Chart,1995,슬픈 언약식,김정민,슬픈 언약식₩김정민,슬픈 언약식₩김정민,iDQxyxQVOUA,youtube music,1.0,슬픈 언약식,
South Korea,KOR,KR,Melon Chart,2000,연가,유승준,연가₩유승준,연가₩유승준,ZmoAcd8TbyM,youtube music,1.0,연가,
South Korea,KOR,KR,Melon Chart,2006,Hold The Line,"조Pd (Zopd), 브라운아이드걸스","hold the line₩조pd (zopd), 브라운아이드걸스",Hold The Line (HOLD THE LINE)₩CHO PD & Brown Eyed Girls,PZ6GNwZ0RfE,youtube music,0.37,Hold The Line (HOLD THE LINE),214.0
South Korea,KOR,KR,Melon Chart,1970,슬퍼도 떠나주마,펄 시스터즈,슬퍼도 떠나주마₩펄 시스터즈,펄시스터즈 스테레오 일대작 - 슬퍼도 떠나주마 / 비 (1976)₩메종[ph9002],CWL2S7MGY_k,youtube video,0.37,펄시스터즈 스테레오 일대작 - 슬퍼도 떠나주마 / 비 (1976),1961.0
South Korea,KOR,KR,Melon Chart,1982,정거장,김수희,정거장₩김수희,정거장₩김수희,moXNmlowkpY,youtube music,1.0,정거장,
South Korea,KOR,KR,Melon Chart,1992,오! 사라,이상우,오! 사라₩이상우,오! 사라₩이상우,ytbE0zNRyxY,youtube music,1.0,오! 사라,
South Korea,KOR,KR,Melon Chart,1993,다시만난 너에게,피노키오,다시만난 너에게₩피노키오,피노키오   다시만난 너에게₩Biny,jjPFDr3sTlM,youtube video,0.71,피노키오   다시만난 너에게,244.0
South Korea,KOR,KR,Melon Chart,1987,사랑의 슬픔,이치현과 벗님들,사랑의 슬픔₩이치현과 벗님들,벗님들(이치현) - 사랑의 슬픔 (1986年)₩din vandino,n4PLN8C5deI,youtube video,0.4,벗님들(이치현) - 사랑의 슬픔 (1986年),212.0
South Korea,KOR,KR,Melon Chart,1991,거울도 안보는 여자,태진아,거울도 안보는 여자₩태진아,거울도 안보는 여자₩태진아,3UAOrZ-TeLw,youtube music,1.0,거울도 안보는 여자,
South Korea,KOR,KR,Melon Chart,1985,사랑과 진실,임채무,사랑과 진실₩임채무,사랑과 진실₩임채무,kdzGK1ml-cY,youtube music,1.0,사랑과 진실,
South Korea,KOR,KR,Melon Chart,1989,마지막 인사,김창완,마지막 인사₩김창완,Last Bow₩Nami,08Ba5Dc3SZE,youtube music,0.0,Last Bow,236.0
South Korea,KOR,KR,Melon Chart,1968,강건너 등불,정훈희,강건너 등불₩정훈희,강건너 등불₩정훈희,YevicMKsSUU,youtube music,1.0,강건너 등불,
South Korea,KOR,KR,Melon Chart,2000,부탁,김원준,부탁₩김원준,부탁 김원준₩오늘도승리,ZuY2HZeSOBs,youtube video,0.62,부탁 김원준,250.0
South Korea,KOR,KR,Melon Chart,1976,그대 있음에,송창식,그대 있음에₩송창식,그대 있음에₩송창식,8hWfAmbwqLY,youtube music,1.0,그대 있음에,
South Korea,KOR,KR,Melon Chart,2008,Lie,가비엔제이,lie₩가비엔제이,Lie₩가비엔제이,mSiGAKBPC5U,youtube music,1.0,Lie,
South Korea,KOR,KR,Melon Chart,2008,하루 하루,Bigbang,하루 하루₩bigbang,하루하루₩BIGBANG,c84VnpGFbrw,youtube music,0.87,하루하루,
South Korea,KOR,KR,Melon Chart,1977,행복,이수만,행복₩이수만,행복₩이수만,JgNVyfCbPDc,youtube music,1.0,행복,
South Korea,KOR,KR,Melon Chart,1982,연상의 여인,윤민호,연상의 여인₩윤민호,연상의 여인₩윤민호,vBt8j8YYmM8,youtube music,1.0,연상의 여인,
South Korea,KOR,KR,Melon Chart,1984,님그림자,노사연,님그림자₩노사연,님그림자₩노사연,tPyy1BpdxQA,youtube music,1.0,님그림자,
South Korea,KOR,KR,Melon Chart,2009,반쪽,화요비,반쪽₩화요비,화요비 - 반쪽₩Park Hwayobi,4Uc9f4JySZo,youtube video,0.32,화요비 - 반쪽,196.0
South Korea,KOR,KR,Melon Chart,1972,희야,박일남,희야₩박일남,희야₩박일남,WLrCw1qf8Zo,youtube music,1.0,희야,
South Korea,KOR,KR,Melon Chart,1986,카페에서,최진희,카페에서₩최진희,카페에서₩최진희,fGmFurbfHPs,youtube music,1.0,카페에서,
South Korea,KOR,KR,Melon Chart,1990,난 그대만을 사랑했나봐,박정운,난 그대만을 사랑했나봐₩박정운,난 그대만을 사랑했나봐₩박정운,ct5_36w4mEw,youtube music,1.0,난 그대만을 사랑했나봐,
South Korea,KOR,KR,Melon Chart,2006,아무리 생각해도 난 너를,스윗소로우,아무리 생각해도 난 너를₩스윗소로우,아무리 생각해도 난 너를₩스윗소로우,uDq7A97hbVU,youtube video,1.0,아무리 생각해도 난 너를,
South Korea,KOR,KR,Melon Chart,2009,Chocolate Love (Retro Pop Ver.),소녀시대,chocolate love (retro pop ver.)₩소녀시대,Chocolate Love(Retro Pop ver)₩Girls’ Generation,RaEPUfyl1ak,youtube music,0.67,Chocolate Love(Retro Pop ver),221.0
South Korea,KOR,KR,Melon Chart,1964,보고싶은 얼굴,현미,보고싶은 얼굴₩현미,보고싶은 얼굴₩현미,OtYbryKrG0c,youtube music,1.0,보고싶은 얼굴,
South Korea,KOR,KR,Melon Chart,2006,사랑을 찾아서,엠씨더맥스,사랑을 찾아서₩엠씨더맥스,Looking for Love₩M.C The Max ,blUmcLOLyBE,youtube music,0.0,Looking for Love,263.0
South Korea,KOR,KR,Melon Chart,1976,이상해,송창식,이상해₩송창식,이상해₩송창식,7WUDFpwbsXw,youtube music,1.0,이상해,
South Korea,KOR,KR,Melon Chart,1975,날이 갈수록,송창식,날이 갈수록₩송창식,날이 갈수록₩송창식,0b42H-MU53k,youtube music,1.0,날이 갈수록,
South Korea,KOR,KR,Melon Chart,1990,너를 잊겠다는 생각은,최진영,너를 잊겠다는 생각은₩최진영,너를 잊겠다는 생각은₩최진영,J0zAzMby0bU,youtube music,1.0,너를 잊겠다는 생각은,
South Korea,KOR,KR,Melon Chart,2009,Ah,애프터스쿨,ah₩애프터스쿨,AH₩애프터스쿨,fMwxbbmiwAk,youtube music,1.0,AH,
South Korea,KOR,KR,Melon Chart,1979,장미,4월과 5월,장미₩4월과 5월,장미₩4월과 5월,ctuO_uQtsmY,youtube music,1.0,장미,
South Korea,KOR,KR,Melon Chart,1981,일편단심 민들레야,조용필,일편단심 민들레야₩조용필,일편단심 민들레야₩신웅,d4fNJzbb4zg,youtube music,0.78,일편단심 민들레야,
South Korea,KOR,KR,Melon Chart,1978,전우가 남긴 한마디,허성희,전우가 남긴 한마디₩허성희,전우가 남긴 한마디₩허성희,XbOhaWlZIW8,youtube music,1.0,전우가 남긴 한마디,
South Korea,KOR,KR,Melon Chart,1992,너를 위한 이별,전유나,너를 위한 이별₩전유나,전유나_너를 위한 이별₩헤어아이비,oIIIe7dRrKI,youtube video,0.71,전유나_너를 위한 이별,204.0
South Korea,KOR,KR,Melon Chart,2009,Wanna,카라,wanna₩카라,Wanna₩KARA,_EcvrDxenNI,youtube music,0.62,Wanna,187.0
South Korea,KOR,KR,Melon Chart,1977,과수원 길,서수남과 하청일,과수원 길₩서수남과 하청일,과수원 길₩서수남과 하청일,obw7TtcUEFA,youtube music,1.0,과수원 길,
South Korea,KOR,KR,Melon Chart,1984,마지막 포옹,김수희,마지막 포옹₩김수희,마지막 포옹₩김수희,GYvkY0p7IYc,youtube music,1.0,마지막 포옹,
South Korea,KOR,KR,Melon Chart,1988,나 항상 그대를,이선희,나 항상 그대를₩이선희,나 항상 그대를₩이선희,bqvPL5zuJmA,youtube music,1.0,나 항상 그대를,
South Korea,KOR,KR,Melon Chart,1993,약속된 이별,박정운,약속된 이별₩박정운,Promised farewell₩Kim Seoyeon,_SKz0Gekecg,youtube music,0.0,Promised farewell,140.0
South Korea,KOR,KR,Melon Chart,2007,사랑의 인사,씨야,사랑의 인사₩씨야,사랑의 인사₩씨야,wRdNZKsh_a0,youtube music,1.0,사랑의 인사,
South Korea,KOR,KR,Melon Chart,2007,못된 남자,엠투엠 (M To M),못된 남자₩엠투엠 (m to m),못된남자₩엠투엠(M to M),rpVjusvi6Tg,youtube music,0.81,못된남자,
South Korea,KOR,KR,Melon Chart,1967,웃는 얼굴 다정해도,윤복희,웃는 얼굴 다정해도₩윤복희,웃는 얼굴 다정해도₩윤복희,v3tZj6HemNo,youtube music,1.0,웃는 얼굴 다정해도,
South Korea,KOR,KR,Melon Chart,1987,알고 싶어요,이선희,알고 싶어요₩이선희,알고 싶어요(I want to know)₩Lee Sun Hee,8QaogB3XTXc,youtube music,0.24,알고 싶어요(I want to know),209.0
South Korea,KOR,KR,Melon Chart,1990,모두가 잊혀질때면,지근식,모두가 잊혀질때면₩지근식,모두가 잊혀질때면₩지근식,By0MBvNMeg4,youtube music,1.0,모두가 잊혀질때면,
South Korea,KOR,KR,Melon Chart,1992,흐르는 눈물에 웃음이,김기하,흐르는 눈물에 웃음이₩김기하,흐르는 눈물에 웃음이₩김기하,rFC7UCsyGQ0,youtube music,1.0,흐르는 눈물에 웃음이,
South Korea,KOR,KR,Melon Chart,1986,지금은 가지 마세요,김수희,지금은 가지 마세요₩김수희,지금은 가지 마세요₩김수희,GpPKKzn-Gik,youtube music,1.0,지금은 가지 마세요,
South Korea,KOR,KR,Melon Chart,1996,좋아 좋아,일기예보,좋아 좋아₩일기예보,좋아 좋아₩일기예보,-mZwFdTvAjo,youtube video,1.0,좋아 좋아,
South Korea,KOR,KR,Melon Chart,1988,울고 싶어라,사랑과 평화,울고 싶어라₩사랑과 평화,사랑과 평화 - 울고 싶어라₩Sun태양,8IJHAm3_FtM,youtube video,0.69,사랑과 평화 - 울고 싶어라,261.0
South Korea,KOR,KR,Melon Chart,1998,회상 (December),터보,회상 (december)₩터보,회상₩터보,0FXoS7DI-Ww,youtube music,0.42,회상,261.0
South Korea,KOR,KR,Melon Chart,2008,발자국,먼데이 키즈,발자국₩먼데이 키즈,발자국₩먼데이 키즈,KoGdGcj-MN4,youtube music,1.0,발자국,
South Korea,KOR,KR,Melon Chart,2008,Fly Boy,크라운제이 (Crown J),fly boy₩크라운제이 (crown j),"Crown J - Fly Boy, 크라운 제이 - 플라이 보이, Music Core 20081004₩MBCkpop",wHWT4vL80RQ,youtube video,0.4,"Crown J - Fly Boy, 크라운 제이 - 플라이 보이, Music Core 20081004",241.0
South Korea,KOR,KR,Melon Chart,1985,사랑별곡,강승모,사랑별곡₩강승모,사랑별곡₩강승모,tNEWK35Z1eg,youtube music,1.0,사랑별곡,
South Korea,KOR,KR,Melon Chart,1988,저녁놀,전영록,저녁놀₩전영록,저녁놀₩전영록,UsWXOMdUk_0,youtube music,1.0,저녁놀,
South Korea,KOR,KR,Melon Chart,2005,잘 지내나요,성시경,잘 지내나요₩성시경,잘 지내나요₩성시경,sD9z_imHNRw,youtube music,1.0,잘 지내나요,
South Korea,KOR,KR,Melon Chart,2009,Again＆Again,2pm,again＆again₩2pm,Again & Again₩2PM,fByZ7AbasQw,youtube music,0.8,Again & Again,
South Korea,KOR,KR,Melon Chart,2007,가거라 사랑아,서문탁,가거라 사랑아₩서문탁,가거라 사랑아₩서문탁,7hlHpB6chWg,youtube music,1.0,가거라 사랑아,
South Korea,KOR,KR,Melon Chart,2007,가슴아 그만해,엠씨더맥스,가슴아 그만해₩엠씨더맥스,가슴아 그만해₩엠씨더맥스,eB5Z4YOyMqU,youtube music,1.0,가슴아 그만해,
South Korea,KOR,KR,Melon Chart,1971,아름다운 사람,서유석,아름다운 사람₩서유석,아름다운 사람₩서유석,q_yYo6Wk1zo,youtube music,1.0,아름다운 사람,
South Korea,KOR,KR,Melon Chart,2000,너 정말?,김현정,너 정말?₩김현정,너 정말?₩김현정,17FJTRQdKgQ,youtube music,1.0,너 정말?,
South Korea,KOR,KR,Melon Chart,1990,너를 사랑하고도,전유나,너를 사랑하고도₩전유나,너를 사랑하고도₩전유나,AzBknKqBCxQ,youtube music,1.0,너를 사랑하고도,
South Korea,KOR,KR,Melon Chart,1992,처음 만날때처럼,윤종신,처음 만날때처럼₩윤종신,처음 만날때처럼₩윤종신,9JYLskb7gRw,youtube music,1.0,처음 만날때처럼,
South Korea,KOR,KR,Melon Chart,2003,니가 참 좋아,쥬얼리,니가 참 좋아₩쥬얼리,니가 참 좋아₩쥬얼리,agtn_Gx9zQk,youtube video,1.0,니가 참 좋아,
South Korea,KOR,KR,Melon Chart,1964,영등포의 밤,오기택,영등포의 밤₩오기택,영등포의 밤₩오기택,V-9YkNP2RVc,youtube music,1.0,영등포의 밤,
South Korea,KOR,KR,Melon Chart,2006,내사람 : Partner For Life,Sg 워너비,내사람 : partner for life₩sg 워너비,내사람 : Partner for Life₩SG워너비,G5hbOrbfSRY,youtube music,0.95,내사람 : Partner for Life,
South Korea,KOR,KR,Melon Chart,1981,진정인가요,김미성,진정인가요₩김미성,진정인가요₩김미성,i5G2iWjdOLI,youtube music,1.0,진정인가요,
South Korea,KOR,KR,Melon Chart,1985,아가 같은 그대여,김학래,아가 같은 그대여₩김학래,아가같은 그대여₩김학래,qb3hGaaTSX0,youtube music,0.87,아가같은 그대여,
South Korea,KOR,KR,Melon Chart,1992,난 알아요,서태지와 아이들,난 알아요₩서태지와 아이들,I Know (Club Mix)₩Seo Taiji and Boys,TvL_C5N4-C0,youtube music,0.0,I Know (Club Mix),228.0
South Korea,KOR,KR,Melon Chart,1994,너 하나만을 위해,구본승,너 하나만을 위해₩구본승,구본승 - 너 하나만을 위해(Only for you)₩Stone Music Entertainment,26EAmQXwB-o,youtube video,0.3,구본승 - 너 하나만을 위해(Only for you),223.0
South Korea,KOR,KR,Melon Chart,2003,남자기 때문에,드렁큰 타이거,남자기 때문에₩드렁큰 타이거,남자기 때문에₩드렁큰 타이거,w_WPw0Re-_4,youtube music,1.0,남자기 때문에,
South Korea,KOR,KR,Melon Chart,1993,오렌지 나라의 앨리스,푸른하늘,오렌지 나라의 앨리스₩푸른하늘,오렌지나라의 앨리스₩푸른하늘,WdOS1wKmUS4,youtube music,0.9,오렌지나라의 앨리스,
South Korea,KOR,KR,Melon Chart,2000,Dash,백지영,dash₩백지영,Dash₩백지영,MI5ZIfD8n9s,youtube music,1.0,Dash,
South Korea,KOR,KR,Melon Chart,1978,밤에 가겠소,머슴아들,밤에 가겠소₩머슴아들,밤에 가겠소   머슴아들₩ᄊ압,ffzzHkMMYr4,youtube video,0.8,밤에 가겠소   머슴아들,
South Korea,KOR,KR,Melon Chart,2009,기다리다 지친다,2pm,기다리다 지친다₩2pm,"2PM - Tired of Waiting, 투피엠 - 기다리다 지친다, Music Core 20100102₩MBCkpop",ku7mrpFvkFY,youtube video,0.26,"2PM - Tired of Waiting, 투피엠 - 기다리다 지친다, Music Core 20100102",208.0
South Korea,KOR,KR,Melon Chart,2001,봄날은 간다,김윤아,봄날은 간다₩김윤아,봄날은 간다₩김윤아,LI0NZmRPIG0,youtube music,1.0,봄날은 간다,
South Korea,KOR,KR,Melon Chart,1998,정동진1,"정태춘, 박은옥","정동진1₩정태춘, 박은옥",Jeongdongjin 1₩Chong Tae-chun & Park Eunok,Xb7-_x2r9M4,youtube video,0.038,Jeongdongjin 1,258.0
South Korea,KOR,KR,Melon Chart,1999,관찰,God,관찰₩god,관찰 (관찰)₩god,cfbnVGAtrz4,youtube music,0.67,관찰 (관찰),216.0
South Korea,KOR,KR,Melon Chart,2009,You And I,박봄,you and i₩박봄,You and I (박봄)₩2NE1,64VZUNTmGQM,youtube video,0.69,You and I (박봄),269.0
South Korea,KOR,KR,Melon Chart,1970,사랑의 상처,히식스,사랑의 상처₩히식스,사랑의 상처₩히식스(HE6),fNOnJ4LLj4o,youtube music,0.78,사랑의 상처,
South Korea,KOR,KR,Melon Chart,1994,텅빈 객석,Mr.2,텅빈 객석₩mr.2,An empty audience₩Mr.2,V8JOJm5WVxA,youtube music,0.27,An empty audience,254.0
South Korea,KOR,KR,Melon Chart,1965,정동 대감,이미자,정동 대감₩이미자,정동 대감₩이미자,8IzIpyFM0hE,youtube music,1.0,정동 대감,
South Korea,KOR,KR,Melon Chart,2007,투명한 눈물,먼데이 키즈,투명한 눈물₩먼데이 키즈,투명한 눈물₩먼데이 키즈 Monday Kiz,XBH1FlcrRwE,youtube music,0.69,투명한 눈물,223.0
South Korea,KOR,KR,Melon Chart,1989,기분 좋은 날,김완선,기분 좋은 날₩김완선,기분 좋은 날₩김완선,RWXOMYWWmzk,youtube music,1.0,기분 좋은 날,
South Korea,KOR,KR,Melon Chart,1987,홀로된 사랑,여운,홀로된 사랑₩여운,홀로된 사랑₩여운,R0JW10vwT48,youtube music,1.0,홀로된 사랑,
South Korea,KOR,KR,Melon Chart,2001,길,God,길₩god,길₩GOD,-qNGERMX388,youtube music,1.0,길,
South Korea,KOR,KR,Melon Chart,2002,다시 사랑한다면,도원경,다시 사랑한다면₩도원경,다시 사랑한다면₩도원경,VO4QmC74CO4,youtube music,1.0,다시 사랑한다면,
South Korea,KOR,KR,Melon Chart,1991,그대품에 잠들었으면,박정수,그대품에 잠들었으면₩박정수,그대 품에 잠들었으면₩박정수,Rg67ZNZf7Uo,youtube music,0.89,그대 품에 잠들었으면,
South Korea,KOR,KR,Melon Chart,1995,아담과 이브는 사과를 깨물었다,조규찬,아담과 이브는 사과를 깨물었다₩조규찬,아담과 이브는 사과를 깨물었다₩조규찬,mYOBkdFTGXI,youtube music,1.0,아담과 이브는 사과를 깨물었다,
South Korea,KOR,KR,Melon Chart,1987,그때 뒷모습,백영규,그때 뒷모습₩백영규,그때 뒷모습₩백영규,bIhTFCcxYZI,youtube music,1.0,그때 뒷모습,
South Korea,KOR,KR,Melon Chart,2007,I Promise You,"원티드, 이정","i promise you₩원티드, 이정",I Promise You₩Hwiyeong,48MR4TP1PEs,youtube music,0.63,I Promise You,197.0
South Korea,KOR,KR,Melon Chart,2007,키 작은 꼬마 이야기,하하,키 작은 꼬마 이야기₩하하,"하하 - 키 작은 꼬마 이야기 [강변북로가요제]│가사, Lyrics₩리릭뭉치",3u-pPh7jv40,youtube video,0.44,"하하 - 키 작은 꼬마 이야기 [강변북로가요제]│가사, Lyrics",210.0
South Korea,KOR,KR,Melon Chart,2003,그랬나봐,김형중,그랬나봐₩김형중,그랬나봐₩김형중,MB-0nm2_uok,youtube music,1.0,그랬나봐,
South Korea,KOR,KR,Melon Chart,2009,잊지 말아요,백지영,잊지 말아요₩백지영,Don't forget Me₩Baek Z Young,baTIqQhdzLI,youtube music,0.0,Don't forget Me,267.0
South Korea,KOR,KR,Melon Chart,1988,우리가 추억이라 말하는,"정태춘, 박은옥","우리가 추억이라 말하는₩정태춘, 박은옥",우리가 추억이라 말하는₩정태춘,S_fFb4wX3lw,youtube video,0.86,우리가 추억이라 말하는,
South Korea,KOR,KR,Melon Chart,1995,기억해줘,김신우,기억해줘₩김신우,기억해줘₩김신우,mUOyu5qjV5A,youtube music,1.0,기억해줘,
South Korea,KOR,KR,Melon Chart,1995,널 보낸 후에,이정섭,널 보낸 후에₩이정섭,널 보낸 후에₩최재훈,ABo0uV8xITk,youtube music,0.7,널 보낸 후에,299.0
South Korea,KOR,KR,Melon Chart,1984,나도야 간다,김수철,나도야 간다₩김수철,나도야 간다₩김수철,KRtEz4VUsZk,youtube music,1.0,나도야 간다,
South Korea,KOR,KR,Melon Chart,2008,눈물은 모르게,엠씨더맥스,눈물은 모르게₩엠씨더맥스,눈물은 모르게₩엠씨더맥스,LZz3MHyTz9A,youtube video,1.0,눈물은 모르게,
South Korea,KOR,KR,Melon Chart,1985,그것만이 내세상,들국화,그것만이 내세상₩들국화,그것만이 내 세상₩들국화,o8-NSdWpLMY,youtube music,0.87,그것만이 내 세상,
South Korea,KOR,KR,Melon Chart,1971,님 떠나갈 시간,키보이스,님 떠나갈 시간₩키보이스,님 떠나갈 시간₩키보이스,9Zy1FFONtiA,youtube music,1.0,님 떠나갈 시간,
South Korea,KOR,KR,Melon Chart,1971,춤추는 첫사랑,이현,춤추는 첫사랑₩이현,춤추는 첫사랑₩이현,lcQ7Xi7C7DI,youtube music,1.0,춤추는 첫사랑,
South Korea,KOR,KR,Melon Chart,2006,폭풍,Sg 워너비,폭풍₩sg 워너비,폭풍₩SG워너비,AV6VZgUyQ5s,youtube music,0.8,폭풍,
South Korea,KOR,KR,Melon Chart,2005,She Is,클래지콰이,she is₩클래지콰이,She Is₩클래지콰이,zjVt73gD1fc,youtube music,1.0,She Is,
South Korea,KOR,KR,Melon Chart,1996,7년간의 사랑,화이트,7년간의 사랑₩화이트,7년간의 사랑₩유영석,G1wd3zPRF6Y,youtube music,0.7,7년간의 사랑,382.0
South Korea,KOR,KR,Melon Chart,1987,그날,김연숙,그날₩김연숙,그날₩김연숙,PqIdagrPdF0,youtube music,1.0,그날,
South Korea,KOR,KR,Melon Chart,1988,묻어버린 아픔,김동환,묻어버린 아픔₩김동환,묻어버린 아픔₩김동환,Ov8_7fECGrE,youtube music,1.0,묻어버린 아픔,
South Korea,KOR,KR,Melon Chart,2009,내사랑 울보,Sg 워너비,내사랑 울보₩sg 워너비,SG 워너비 ─ 내사랑 울보₩火泥,b6QGQkJ5YT0,youtube video,0.76,SG 워너비 ─ 내사랑 울보,
South Korea,KOR,KR,Melon Chart,1986,아이스크림 사랑,임병수,아이스크림 사랑₩임병수,아이스크림 사랑₩임병수,fGb2EO4Eh2k,youtube music,1.0,아이스크림 사랑,
South Korea,KOR,KR,Melon Chart,1967,경상도 청년,김상희,경상도 청년₩김상희,경상도 청년₩김상희,A-jgVz_MnEg,youtube music,1.0,경상도 청년,
South Korea,KOR,KR,Melon Chart,1998,내안의 그대,업타운,내안의 그대₩업타운,You Inside Me (Original Song)₩Uptown,bw2Ix-eULJc,youtube music,0.0,You Inside Me (Original Song),319.0
South Korea,KOR,KR,Melon Chart,1981,높은 하늘아,수연,높은 하늘아₩수연,높은 하늘아₩수연,q9CDMWm8rw8,youtube music,1.0,높은 하늘아,
South Korea,KOR,KR,Melon Chart,1999,태권 V,지누션,태권 v₩지누션,태권 V₩지누션,nuan8TyG-ss,youtube music,1.0,태권 V,
South Korea,KOR,KR,Melon Chart,1996,나에게로의 초대,정경화,나에게로의 초대₩정경화,나에게로의 초대₩정경화,XtP8aT3QlfI,youtube music,1.0,나에게로의 초대,
South Korea,KOR,KR,Melon Chart,1978,구름 나그네,최헌,구름 나그네₩최헌,구름 나그네₩최헌,dR5W2I17Z0c,youtube music,1.0,구름 나그네,
South Korea,KOR,KR,Melon Chart,2004,야상곡(夜想曲),김윤아,야상곡(夜想曲)₩김윤아,야상곡(夜想曲)₩김윤아,XGjYDzYudq8,youtube music,1.0,야상곡(夜想曲),
South Korea,KOR,KR,Melon Chart,2009,내 귀에 캔디 (Feat. 택연 Of 2pm),백지영,내 귀에 캔디 (feat. 택연 of 2pm)₩백지영,내 귀에 캔디 (feat.택연 of 2PM)₩백지영,fE3wlJoBenc,youtube music,0.95,내 귀에 캔디 (feat.택연 of 2PM),
South Korea,KOR,KR,Melon Chart,1988,그대는 인형처럼 웃고 있지만,민해경,그대는 인형처럼 웃고 있지만₩민해경,그대는 인형처럼 웃고 있지만₩민해경,qbvIGZxQBxw,youtube music,1.0,그대는 인형처럼 웃고 있지만,
South Korea,KOR,KR,Melon Chart,2002,영원,핑클,영원₩핑클,영원₩핑클(Fin.K.L.),hKQgKhWAdok,youtube music,0.44,영원,259.0
South Korea,KOR,KR,Melon Chart,1985,이해하기 어려운 이야기,최혜영,이해하기 어려운 이야기₩최혜영,최혜영 - 이해하기 어려운 이야기₩Sun태양,xbTHt3wz9UU,youtube video,0.74,최혜영 - 이해하기 어려운 이야기,233.0
South Korea,KOR,KR,Melon Chart,1967,사랑의 종말,차중락,사랑의 종말₩차중락,사랑의 종말₩차중락,yQydTV1Ri5Y,youtube music,1.0,사랑의 종말,
South Korea,KOR,KR,Melon Chart,1971,정든 배는 떠난다,키보이스,정든 배는 떠난다₩키보이스,정든배는 떠난다₩키보이스,oqPXyNWt9GU,youtube music,0.88,정든배는 떠난다,
South Korea,KOR,KR,Melon Chart,1966,종점,최희준,종점₩최희준,종점₩최희준,0JOvVx1V92I,youtube music,1.0,종점,
South Korea,KOR,KR,Melon Chart,2004,그런가 봐요...,V.one,그런가 봐요...₩v.one,그런가봐요...₩V.one,0-jdLLXjJoU,youtube music,0.89,그런가봐요...,
South Korea,KOR,KR,Melon Chart,1988,슬픈 토요일,신윤식,슬픈 토요일₩신윤식,신윤식  슬픈 토요일₩남기웅,mY411e7Hp2k,youtube video,0.7,신윤식  슬픈 토요일,262.0
South Korea,KOR,KR,Melon Chart,1990,이 밤이 지나도록,푸른하늘,이 밤이 지나도록₩푸른하늘,이 밤이 지나도록₩푸른하늘,fClhzYciSAs,youtube music,1.0,이 밤이 지나도록,
South Korea,KOR,KR,Melon Chart,2007,별 (Original Dialog Ver.),김아중,별 (original dialog ver.)₩김아중,김아중-별 (Original Dialog Ver.)₩WAIL,qwelLnRyXtE,youtube video,0.88,김아중-별 (Original Dialog Ver.),
South Korea,KOR,KR,Melon Chart,2002,"사랑해, 이 말 밖엔...",리치,"사랑해, 이 말 밖엔...₩리치","사랑해, 이 말 밖엔...₩리치",Nkcomvtw9QY,youtube music,1.0,"사랑해, 이 말 밖엔...",
South Korea,KOR,KR,Melon Chart,1981,잊기로 했네,조용필,잊기로 했네₩조용필,잊기로 했네  조용필 기타₩성황당,qwFZzhjABzc,youtube video,0.69,잊기로 했네  조용필 기타,184.0
South Korea,KOR,KR,Melon Chart,2006,Tomorrow,환희,tomorrow₩환희,Tomorrow₩환희,tiyPsmkBzrg,youtube music,1.0,Tomorrow,
South Korea,KOR,KR,Melon Chart,1985,소녀의 기도,이선희,소녀의 기도₩이선희,소녀의 기도₩이선희,ci1K5LWx5qc,youtube video,1.0,소녀의 기도,
South Korea,KOR,KR,Melon Chart,1997,상처 (별은 내 가슴에),김정훈,상처 (별은 내 가슴에)₩김정훈,상처 - 김정훈(별은 내 가슴에 ost)₩어게인히트쏭,JKo_PPSjm54,youtube video,0.64,상처 - 김정훈(별은 내 가슴에 ost),240.0
South Korea,KOR,KR,Melon Chart,1987,어떻게 얘기할까요,임병수,어떻게 얘기할까요₩임병수,어떻게 얘기할까요₩임병수,BbK119jjNlo,youtube music,1.0,어떻게 얘기할까요,
South Korea,KOR,KR,Melon Chart,2006,사랑안해,백지영,사랑안해₩백지영,사랑안해₩백지영,EAWHtXQpYX4,youtube music,1.0,사랑안해,
South Korea,KOR,KR,Melon Chart,1988,꿈결같은 세상,송시현,꿈결같은 세상₩송시현,"송시현 - '꿈결같은 세상' [콘서트7080, 2005] | Song Si-Hyun₩Again 가요톱10 : KBS KPOP Classic",P0FTUbDp6iw,youtube video,0.19,"송시현 - '꿈결같은 세상' [콘서트7080, 2005] | Song Si-Hyun",205.0
South Korea,KOR,KR,Melon Chart,2007,한여름날의 꿈 (Feat. 옥주현),Sg 워너비,한여름날의 꿈 (feat. 옥주현)₩sg 워너비,한여름날의 꿈 (Duet With 옥주현)₩SG 워너비(SG Wannabe),YWDjg0FAzi8,youtube music,0.58,한여름날의 꿈 (Duet With 옥주현),255.0
South Korea,KOR,KR,Melon Chart,1967,팔도강산,최희준,팔도강산₩최희준,팔도강산₩최희준,_xZNqTMDD-U,youtube music,1.0,팔도강산,
South Korea,KOR,KR,Melon Chart,1967,삼일로,여운,삼일로₩여운,삼일로₩여운,aqTPtdi1e7U,youtube music,1.0,삼일로,
South Korea,KOR,KR,Melon Chart,1986,우린 너무 쉽게 헤어졌어요,최진희,우린 너무 쉽게 헤어졌어요₩최진희,우린 너무 쉽게 헤어졌어요₩최진희,RqTboOkulk4,youtube music,1.0,우린 너무 쉽게 헤어졌어요,
South Korea,KOR,KR,Melon Chart,1968,산팔자 물팔자,이미자,산팔자 물팔자₩이미자,Mountain Fate Water Fate₩Moon Joo Ran,iaJ6pLfhV1E,youtube music,0.0,Mountain Fate Water Fate,131.0
South Korea,KOR,KR,Melon Chart,2003,놀러와,러브홀릭,놀러와₩러브홀릭,놀러와₩러브홀릭,njdCX_M8CJM,youtube music,1.0,놀러와,
South Korea,KOR,KR,Melon Chart,2005,언젠가는,나얼,언젠가는₩나얼,언젠가는₩나얼 Naul,Oaf6r2UF1M0,youtube music,0.71,언젠가는,239.0
South Korea,KOR,KR,Melon Chart,1980,저 높은 곳을 향하여,이영화,저 높은 곳을 향하여₩이영화,저 높은 곳을 향하여₩이영화,J1sxtoKZgws,youtube music,1.0,저 높은 곳을 향하여,
South Korea,KOR,KR,Melon Chart,1985,나의 옛날이야기,조덕배,나의 옛날이야기₩조덕배,나의 옛날이야기₩조덕배,42B9ZR4dsaM,youtube music,1.0,나의 옛날이야기,
South Korea,KOR,KR,Melon Chart,2001,Love Is (Dance Mega Mix Ver.),터보,love is (dance mega mix ver.)₩터보,Love Is Dance Mega Mix Version₩터보,YM63IFRb7aM,youtube music,0.83,Love Is Dance Mega Mix Version,
South Korea,KOR,KR,Melon Chart,1994,너를 잊을 수 없어,최연제,너를 잊을 수 없어₩최연제,최연제 - 너를 잊을 수 없어₩무민,Hk3rIvftnHg,youtube video,0.77,최연제 - 너를 잊을 수 없어,
South Korea,KOR,KR,Melon Chart,2007,완소그대,서영은,완소그대₩서영은,완소그대₩서영은,noCtPfM9pb8,youtube music,1.0,완소그대,
South Korea,KOR,KR,Melon Chart,1993,시련,손지창,시련₩손지창,시련₩손지창,oWoxgga5niU,youtube music,1.0,시련,
South Korea,KOR,KR,Melon Chart,1984,세계는 친구,김성희,세계는 친구₩김성희,김성희   세계는 친구₩9szell,hOaltVCj5_M,youtube video,0.59,김성희   세계는 친구,198.0
South Korea,KOR,KR,Melon Chart,1970,사랑이란 두글자,패티김,사랑이란 두글자₩패티김,사랑이란 두글자₩패티김,YJ1Lc2fJVK4,youtube music,1.0,사랑이란 두글자,
South Korea,KOR,KR,Melon Chart,1980,물레,유한그루,물레₩유한그루,물레₩유한그루,PrcT0s07gLE,youtube music,1.0,물레,
South Korea,KOR,KR,Melon Chart,1997,애원(愛遠),박상민,애원(愛遠)₩박상민,박상민 - 애원·My Love (1997年)₩pops8090,KtMbqX1hUqU,youtube video,0.2,박상민 - 애원·My Love (1997年),257.0
South Korea,KOR,KR,Melon Chart,1988,예기치 않은 바람,신형원,예기치 않은 바람₩신형원,예기치 않은 바람₩신형원,FmrDVgttXCk,youtube music,1.0,예기치 않은 바람,
South Korea,KOR,KR,Melon Chart,1996,어떤가요?,이정봉,어떤가요?₩이정봉,어떤가요?₩이정봉,7Ti5EzEoln8,youtube music,1.0,어떤가요?,
South Korea,KOR,KR,Melon Chart,1984,그대와 탱고를,심수봉,그대와 탱고를₩심수봉,그대와 탱고를₩심수봉,RUFlqJHsFqw,youtube music,1.0,그대와 탱고를,
South Korea,KOR,KR,Melon Chart,2006,사랑해요 우리 (Feat. 거미),플라이 투 더 스카이,사랑해요 우리 (feat. 거미)₩플라이 투 더 스카이,플라이 투 더 스카이 (Fly To The Sky) - 사랑해요 우리 (Feat. 거미) 가사₩푸른소년,EKIGfWgXcL8,youtube video,0.66,플라이 투 더 스카이 (Fly To The Sky) - 사랑해요 우리 (Feat. 거미) 가사,252.0
South Korea,KOR,KR,Melon Chart,1989,텔레파시,도시아이들,텔레파시₩도시아이들,텔레파시₩도시 아이들,S_oEw-SHi2k,youtube music,0.84,텔레파시,
South Korea,KOR,KR,Melon Chart,1977,뛰뛰 빵빵,혜은이,뛰뛰 빵빵₩혜은이,뛰뛰 빵빵₩혜은이,sOSvd1ktgUk,youtube music,1.0,뛰뛰 빵빵,
South Korea,KOR,KR,Melon Chart,2004,Think About` Chu,아소토 유니온,think about` chu₩아소토 유니온,THINK ABOUT` CHU (THINK ABOUT` CHU)₩아소토유니온,oLYAfaSzLC8,youtube music,0.66,THINK ABOUT` CHU (THINK ABOUT` CHU),281.0
South Korea,KOR,KR,Melon Chart,2000,"힘을 내요, 미스터 김",롤러 코스터,"힘을 내요, 미스터 김₩롤러 코스터","힘을 내요, 미스터 김₩롤러코스터",m72qvtUdstY,youtube music,0.91,"힘을 내요, 미스터 김",
South Korea,KOR,KR,Melon Chart,1994,새로운 느낌,뮤,새로운 느낌₩뮤,A new feeling₩Mue,wkErVKVZyg8,youtube music,0.0,A new feeling,250.0
South Korea,KOR,KR,Melon Chart,2005,가슴 아파도,환희,가슴 아파도₩환희,가슴 아파도₩환희,zJNN0LAtK4c,youtube music,1.0,가슴 아파도,
South Korea,KOR,KR,Melon Chart,1970,이정표 없는 거리,김상진,이정표 없는 거리₩김상진,이정표 없는 거리₩김상진,P76koAQ_FP0,youtube music,1.0,이정표 없는 거리,
South Korea,KOR,KR,Melon Chart,1993,종원에게 (눈물 흘리지 말아요),이문세,종원에게 (눈물 흘리지 말아요)₩이문세,종원에게(눈물 흘리지 말아요) -  이문세₩pako he,3uUQ6SFpS4A,youtube video,0.72,종원에게(눈물 흘리지 말아요) -  이문세,280.0
South Korea,KOR,KR,Melon Chart,2003,어떤 사람 A,윤상,어떤 사람 a₩윤상,어떤사람 A - 윤상₩8282FF,V6C32Z0NF4o,youtube video,0.54,어떤사람 A - 윤상,270.0
South Korea,KOR,KR,Melon Chart,2007,Maria,김아중,maria₩김아중,Maria₩김아중,vSkXfrJtbAw,youtube music,1.0,Maria,
South Korea,KOR,KR,Melon Chart,2001,감싸 안으며 (Show Me Your Love),S.e.s.,감싸 안으며 (show me your love)₩s.e.s.,감싸 안으며 Show Me Your Love₩S.E.S.,NShVQzIIdl8,youtube music,0.9,감싸 안으며 Show Me Your Love,
South Korea,KOR,KR,Melon Chart,1995,산다는 건 다 그런게 아니겠니,여행스케치,산다는 건 다 그런게 아니겠니₩여행스케치,산다는건 다 그런게 아니겠니₩여행스케치,KtxakrLjyK0,youtube music,0.93,산다는건 다 그런게 아니겠니,
South Korea,KOR,KR,Melon Chart,2005,꽃피는 봄이오면,Bmk,꽃피는 봄이오면₩bmk,꽃피는 봄이오면₩BMK,PMeFllo1x8w,youtube music,1.0,꽃피는 봄이오면,
South Korea,KOR,KR,Melon Chart,1990,떠나고 싶어라,백영규,떠나고 싶어라₩백영규,떠나고 싶어라₩백영규,lT2weRxwZLk,youtube music,1.0,떠나고 싶어라,
South Korea,KOR,KR,Melon Chart,1997,널 닮은 세상에서,신효범,널 닮은 세상에서₩신효범,널 닮은 세상에서₩신효범,VqgLUoRgHgI,youtube music,1.0,널 닮은 세상에서,
South Korea,KOR,KR,Melon Chart,1990,거울이 되어,최용준,거울이 되어₩최용준,거울이 되어₩최용준,rV3QZKBNvps,youtube music,1.0,거울이 되어,
South Korea,KOR,KR,Melon Chart,1968,아네모네,이미자,아네모네₩이미자,아네모네₩이미자,zramG_l-KsE,youtube music,1.0,아네모네,
South Korea,KOR,KR,Melon Chart,1999,난 널 원해,드렁큰 타이거,난 널 원해₩드렁큰 타이거,난 널 원해₩드렁큰 타이거,uSlLyCW22Rg,youtube music,1.0,난 널 원해,
South Korea,KOR,KR,Melon Chart,1987,참새의 하루,송창식,참새의 하루₩송창식,참새의 하루 송창식₩이화,eoxMJ8RhfVI,youtube video,0.86,참새의 하루 송창식,
South Korea,KOR,KR,Melon Chart,1998,사랑한 후에,신성우,사랑한 후에₩신성우,사랑한 후에₩신성우,__9zgdiGf5o,youtube music,1.0,사랑한 후에,
South Korea,KOR,KR,Melon Chart,2006,그 남자 그 여자 (Feat. 장혜진),바이브,그 남자 그 여자 (feat. 장혜진)₩바이브,바이브 - 그 남자 그 여자 (Feat. 장혜진)₩나얼유,jigz9YWxS_I,youtube video,0.85,바이브 - 그 남자 그 여자 (Feat. 장혜진),
South Korea,KOR,KR,Melon Chart,1984,그것은 인생,최혜영,그것은 인생₩최혜영,그것은 인생 - 최혜영₩초록,UH6cUJGa6qY,youtube video,0.78,그것은 인생 - 최혜영,
South Korea,KOR,KR,Melon Chart,2008,슬픔활용법,김범수,슬픔활용법₩김범수,슬픔활용법₩김범수,Ty4Amy19hk8,youtube music,1.0,슬픔활용법,
South Korea,KOR,KR,Melon Chart,1998,눈물,리아,눈물₩리아,눈물₩리아,f0phd-Mib8c,youtube music,1.0,눈물,
South Korea,KOR,KR,Melon Chart,1998,애심 (Remix),태사자,애심 (remix)₩태사자,태사자 - 애심 (MV) (1998)₩Old Kpop추억의뮤비,jrZHrxMtQt4,youtube video,0.26,태사자 - 애심 (MV) (1998),274.0
South Korea,KOR,KR,Melon Chart,2002,Heaven,김현성,heaven₩김현성,Heaven₩김현성,MPfr7QXZ9L8,youtube music,1.0,Heaven,279.0
South Korea,KOR,KR,Melon Chart,1997,순애보,유리상자,순애보₩유리상자,순애보₩유리상자,M4WaBAcp7vE,youtube music,1.0,순애보,
South Korea,KOR,KR,Melon Chart,2007,물끄러미,지아,물끄러미₩지아,[Zia Single -  Voice Of Heaven]    물끄러미₩iketeruLovBallad4th,w397QkEeGms,youtube video,0.12,[Zia Single -  Voice Of Heaven]    물끄러미,217.0
South Korea,KOR,KR,Melon Chart,1997,사나이 가는 길 (폼생폼사),젝스키스,사나이 가는 길 (폼생폼사)₩젝스키스,사나이 가는 길 (폼생폼사)₩장민호,TNKX1AQgCHw,youtube music,0.81,사나이 가는 길 (폼생폼사),
South Korea,KOR,KR,Melon Chart,1985,행복을 주는 사람,해바라기,행복을 주는 사람₩해바라기,행복을 주는 사람₩해바라기,Qxc7l22yZ0Y,youtube music,1.0,행복을 주는 사람,
South Korea,KOR,KR,Melon Chart,2003,10 Minutes,이효리,10 minutes₩이효리,10 Minutes₩이효리,okJnl6n3G7E,youtube music,1.0,10 Minutes,
South Korea,KOR,KR,Melon Chart,2001,혼잣말,김장훈,혼잣말₩김장훈,혼잣말₩김장훈,6Z_nsei3-l4,youtube music,1.0,혼잣말,
South Korea,KOR,KR,Melon Chart,1988,가을비,유열,가을비₩유열,유열 가을비₩solafidekim,GcGYk3isfUg,youtube video,0.36,유열 가을비,235.0
South Korea,KOR,KR,Melon Chart,1983,바람에 구름 가듯,이은하,바람에 구름 가듯₩이은하,바람에 구름 가듯₩이은하,YfQB6y1nGcI,youtube music,1.0,바람에 구름 가듯,
South Korea,KOR,KR,Melon Chart,1986,난 아직 모르잖아요,이문세,난 아직 모르잖아요₩이문세,난 아직 모르잖아요₩이문세,4ZK_hmuFHOM,youtube music,1.0,난 아직 모르잖아요,
South Korea,KOR,KR,Melon Chart,1983,참새와 허수아비,조정희,참새와 허수아비₩조정희,참새와 허수아비₩조정희,nD5XMlUjy78,youtube music,1.0,참새와 허수아비,
South Korea,KOR,KR,Melon Chart,1993,겨울비,김종서,겨울비₩김종서,겨울비₩김종서,IXwON-QJeAc,youtube music,1.0,겨울비,
South Korea,KOR,KR,Melon Chart,1977,내 노래에 날개가 있다면,김세화,내 노래에 날개가 있다면₩김세화,내 노래에 날개가 있다면₩김세화,YNLTcSfnmM8,youtube music,1.0,내 노래에 날개가 있다면,
South Korea,KOR,KR,Melon Chart,2000,전설속의 누군가처럼,신승훈,전설속의 누군가처럼₩신승훈,전설속의 누군가처럼₩신승훈,-hSY3LRZ9b8,youtube music,1.0,전설속의 누군가처럼,
South Korea,KOR,KR,Melon Chart,2002,이별후애(愛),린애,이별후애(愛)₩린애,이별후애(愛)₩린애,S9LXtA_Pqr8,youtube music,1.0,이별후애(愛),
South Korea,KOR,KR,Melon Chart,2002,정상에서,김정민,정상에서₩김정민,정상에서₩김정민,dVP-2VR1zgo,youtube music,1.0,정상에서,
South Korea,KOR,KR,Melon Chart,2009,큰일이다,V.o.s,큰일이다₩v.o.s,Come Back Home₩V.O.S,6c6Pgt1ale8,youtube music,0.36,Come Back Home,227.0
South Korea,KOR,KR,Melon Chart,1968,꽃집 아가씨,봉봉사중창단,꽃집 아가씨₩봉봉사중창단,봉봉사중창단 - 꽃집 아가씨₩박종선,LzJPWPp0nfE,youtube video,0.73,봉봉사중창단 - 꽃집 아가씨,146.0
South Korea,KOR,KR,Melon Chart,1973,석양,장현,석양₩장현,석양₩장현,NesWx6EVYZU,youtube music,1.0,석양,
South Korea,KOR,KR,Melon Chart,1974,참 예쁘네요,현경과 영애,참 예쁘네요₩현경과 영애,참 예쁘네요₩현경과 영애,tjbnJaEl668,youtube music,1.0,참 예쁘네요,
South Korea,KOR,KR,Melon Chart,1967,두메산골,신행일,두메산골₩신행일,두메산골₩신행일,S1ECIxVw2Ws,youtube music,1.0,두메산골,
South Korea,KOR,KR,Melon Chart,1993,재회,박광현,재회₩박광현,재회₩박광현,pSDw2L2l2Oc,youtube music,1.0,재회,
South Korea,KOR,KR,Melon Chart,1966,평양기생,이미자,평양기생₩이미자,평양기생₩이미자,_hJvuYR_Zx0,youtube music,1.0,평양기생,
South Korea,KOR,KR,Melon Chart,1993,새가 되어가리,김종서,새가 되어가리₩김종서,I Will Fly As Being a Bird₩시나위,LIb5z-Acro4,youtube music,0.0,I Will Fly As Being a Bird,301.0
South Korea,KOR,KR,Melon Chart,1990,인디안 인형처럼,나미,인디안 인형처럼₩나미,인디안 인형처럼₩나미,Ib9c-NbxVvo,youtube music,1.0,인디안 인형처럼,
South Korea,KOR,KR,Melon Chart,1979,빈 의자,장재남,빈 의자₩장재남,빈 의자₩장재남,RUbVmP_wRsA,youtube music,1.0,빈 의자,
South Korea,KOR,KR,Melon Chart,2008,다 줄꺼야,이승기,다 줄꺼야₩이승기,다 줄꺼야₩이시내,cesk3Tj2p_Y,youtube music,0.75,다 줄꺼야,229.0
South Korea,KOR,KR,Melon Chart,2004,Liquor Shots (술병에 숟가락),드렁큰 타이거,liquor shots (술병에 숟가락)₩드렁큰 타이거,드라이브 송! 드렁큰 타이거. Liquor Shots (술병에 숟가락)₩산적,sUMmvu8rke0,youtube video,0.83,드라이브 송! 드렁큰 타이거. Liquor Shots (술병에 숟가락),
South Korea,KOR,KR,Melon Chart,2001,환상속의 그대,서태지,환상속의 그대₩서태지,서태지와 아이들 - '환상 속의 그대' (1992) | Seotaiji And Boys - 'You In My Fantasy' 【KBS 토요대행진】₩Again 가요톱10 : KBS KPOP Classic,jLG-RM8AdFo,youtube video,0.11,서태지와 아이들 - '환상 속의 그대' (1992) | Seotaiji And Boys - 'You In My Fantasy' 【KBS 토요대행진】,196.0
South Korea,KOR,KR,Melon Chart,1989,짝사랑,주현미,짝사랑₩주현미,짝사랑₩주현미,J6ouIfz7Zso,youtube music,1.0,짝사랑,
South Korea,KOR,KR,Melon Chart,1981,생각이 나면,들고양이들,생각이 나면₩들고양이들,생각이 나면₩들고양이들,auuqoOqISzo,youtube music,1.0,생각이 나면,
South Korea,KOR,KR,Melon Chart,1985,너의 의미,산울림,너의 의미₩산울림,너의 의미₩Cha Ae Joo,IXEVm9Y-WsY,youtube music,0.43,너의 의미,263.0
South Korea,KOR,KR,Melon Chart,1991,날 울리지마,신승훈,날 울리지마₩신승훈,날 울리지마₩윤하,ju5jUui9zF8,youtube music,0.71,날 울리지마,252.0
South Korea,KOR,KR,Melon Chart,1991,휴식같은 친구,김민우,휴식같은 친구₩김민우,휴식같은친구₩김민우,LLwDo-DAH-M,youtube music,0.84,휴식같은친구,
South Korea,KOR,KR,Melon Chart,2004,나를 봐,이정,나를 봐₩이정,나를 봐₩이규호,PB-YDMdcj3g,youtube music,0.77,나를 봐,
South Korea,KOR,KR,Melon Chart,2008,바보,Bigbang,바보₩bigbang,바보₩BIGBANG,aeb_Zvcew3Q,youtube music,1.0,바보,
South Korea,KOR,KR,Melon Chart,2004,사랑의 시(時),엠씨더맥스,사랑의 시(時)₩엠씨더맥스,사랑의 시₩M.C The Max,viM1uLXK8fQ,youtube music,0.28,사랑의 시,226.0
South Korea,KOR,KR,Melon Chart,1985,꿈이여 사랑이여,한마음,꿈이여 사랑이여₩한마음,꿈이여 사랑이여₩한마음,WeAyS6VL1gw,youtube music,1.0,꿈이여 사랑이여,
South Korea,KOR,KR,Melon Chart,1984,갯바위,한마음,갯바위₩한마음,갯바위₩한마음,wDA9sjL1DOs,youtube music,1.0,갯바위,
South Korea,KOR,KR,Melon Chart,1997,끼리 끼리,솔리드,끼리 끼리₩솔리드,Like Likes Like₩Solid,B3B8oic8NVE,youtube music,0.0,Like Likes Like,222.0
South Korea,KOR,KR,Melon Chart,2002,Secret,제이워크,secret₩제이워크,제이워크(J-Walk) Secret (가사 첨부)₩All NORE,sqeeQ2NCRZc,youtube video,0.4,제이워크(J-Walk) Secret (가사 첨부),257.0
South Korea,KOR,KR,Melon Chart,1971,바닷가의 추억,키보이스,바닷가의 추억₩키보이스,바닷가의 추억₩키보이스,edYzqtlyu3o,youtube music,1.0,바닷가의 추억,
South Korea,KOR,KR,Melon Chart,1967,섬마을 선생님,이미자,섬마을 선생님₩이미자,섬마을 선생님₩이미자,sX8wjJvVgVc,youtube music,1.0,섬마을 선생님,
South Korea,KOR,KR,Melon Chart,2000,사슬,서문탁,사슬₩서문탁,사슬₩서문탁,t3XcjwYQd3U,youtube music,1.0,사슬,
South Korea,KOR,KR,Melon Chart,1967,야간 졸업반,금호동,야간 졸업반₩금호동,야간 졸업반₩금호동,gKPXWA4rswY,youtube music,1.0,야간 졸업반,
South Korea,KOR,KR,Melon Chart,1971,비야 비야,서유석,비야 비야₩서유석,비야 비야₩Coreyah,C38sre6M1iY,youtube music,0.5,비야 비야,326.0
South Korea,KOR,KR,Melon Chart,1991,멀어지는 그 미소,이주엽,멀어지는 그 미소₩이주엽,멀어지는 그 미소₩이주엽,DrJfa2ChrTo,youtube music,1.0,멀어지는 그 미소,
South Korea,KOR,KR,Melon Chart,1997,가위,유승준,가위₩유승준,가위₩유승준,B7Kyr7ULr_g,youtube music,1.0,가위,
South Korea,KOR,KR,Melon Chart,1991,바람이 불어오면,민해경,바람이 불어오면₩민해경,바람이 불어오면₩민해경,oYSxOW70z5M,youtube music,1.0,바람이 불어오면,
South Korea,KOR,KR,Melon Chart,2000,맥주와 땅콩,쿨 (Cool),맥주와 땅콩₩쿨 (cool),맥주와 땅콩₩쿨 (Cool),EqA8Z7o67UE,youtube music,1.0,맥주와 땅콩,
South Korea,KOR,KR,Melon Chart,1998,외출,최재훈,외출₩최재훈,외출₩최재훈,OtnCTPmjhbU,youtube music,1.0,외출,
South Korea,KOR,KR,Melon Chart,1996,또,인순이,또₩인순이,비상₩인순이,2-hYMvAB8Kc,youtube music,0.67,비상,217.0
South Korea,KOR,KR,Melon Chart,2006,누나의 꿈,현영,누나의 꿈₩현영,누나의 꿈₩현영,6DdmUBSLxzU,youtube music,1.0,누나의 꿈,
South Korea,KOR,KR,Melon Chart,2001,벌써 일년,브라운 아이즈,벌써 일년₩브라운 아이즈,벌써 일년₩브라운 아이즈,gdj6a0hv0Uk,youtube music,1.0,벌써 일년,
South Korea,KOR,KR,Melon Chart,1964,진고개 신사,최희준,진고개 신사₩최희준,진고개 신사₩최희준,6fLk47Yt6oM,youtube music,1.0,진고개 신사,
South Korea,KOR,KR,Melon Chart,1969,세상만사 뜻대로 안될때,현미,세상만사 뜻대로 안될때₩현미,세상만사 뜻대로 안될때(현미)₩쟁이MUSIC,dAfeHNVWW4s,youtube video,0.65,세상만사 뜻대로 안될때(현미),136.0
South Korea,KOR,KR,Melon Chart,2009,러브119 (Feat. Mc몽),케이윌,러브119 (feat. mc몽)₩케이윌,Love 119₩K.will(케이윌),IeCYQrdEshc,youtube music,0.26,Love 119,240.0
South Korea,KOR,KR,Melon Chart,2005,전화번호,지누션,전화번호₩지누션,Phone Number₩Jinusean,_hY-KhJUK2o,youtube music,0.0,Phone Number,213.0
South Korea,KOR,KR,Melon Chart,1996,슬픈 �면,엄정화,슬픈 기대₩엄정화,"Uhm Jung-hwa - Sad Expectation, 엄정화 - 슬픈 기대, MBC Top Music 19960309₩MBCkpop",BgQeQkkwlcs,youtube video,0.17,"Uhm Jung-hwa - Sad Expectation, 엄정화 - 슬픈 기대, MBC Top Music 19960309",209.0
South Korea,KOR,KR,Melon Chart,1997,무한지애(無恨之愛),김정민,무한지애(無恨之愛)₩김정민,무한지애(無恨之愛) - 김정민₩싱어송라이터 가수 정민,29YgqMOJer8,youtube video,0.63,무한지애(無恨之愛) - 김정민,279.0
South Korea,KOR,KR,Melon Chart,1998,Good-Bye Love,이지훈,good-bye love₩이지훈,이지훈  Good Bye Love (가사 첨부)₩HANKOOK NORE,pkfKKMfr3Eo,youtube video,0.48,이지훈  Good Bye Love (가사 첨부),253.0
South Korea,KOR,KR,Melon Chart,2000,너를 위해,임재범,너를 위해₩임재범,너를 위해₩임재범,FtJUS7jW1sY,youtube music,1.0,너를 위해,
South Korea,KOR,KR,Melon Chart,1982,Dj에게,윤시내,dj에게₩윤시내,DJ에게₩윤시내,pg77Z000T3k,youtube music,1.0,DJ에게,
South Korea,KOR,KR,Melon Chart,2005,안부 (Duet With 나윤권),별,안부 (duet with 나윤권)₩별,안부 (Duet. 나윤권)₩별,nVP-TrxRS9M,youtube music,0.76,안부 (Duet. 나윤권),
South Korea,KOR,KR,Melon Chart,1972,딩동댕 지난 여름,송창식,딩동댕 지난 여름₩송창식,딩동댕 지난 여름₩송창식,svrRWhuPFp0,youtube music,1.0,딩동댕 지난 여름,
South Korea,KOR,KR,Melon Chart,2006,Untouchable,Big4,untouchable₩big4,Big4 - Untouchable₩iimp3,S3jF8j64Fhg,youtube video,0.74,Big4 - Untouchable,225.0
South Korea,KOR,KR,Melon Chart,1992,너에게 하고픈 말,이준석,너에게 하고픈 말₩이준석,너에게 하고픈 말₩육각수,Eoua6MYxI5Q,youtube music,0.75,너에게 하고픈 말,214.0
South Korea,KOR,KR,Melon Chart,1991,그대 슬픔까지 사랑해,심신,그대 슬픔까지 사랑해₩심신,그대 슬픔까지 사랑해₩심신,S2ea8qMNl1s,youtube music,1.0,그대 슬픔까지 사랑해,
South Korea,KOR,KR,Melon Chart,1984,사랑의 시,윤시내,사랑의 시₩윤시내,사랑의 시₩윤시내,9TNp26tL85c,youtube music,1.0,사랑의 시,
South Korea,KOR,KR,Melon Chart,1994,슬픈 연인,양수경,슬픈 연인₩양수경,슬픈 연인₩양수경,o8k3UCqA6Xs,youtube music,1.0,슬픈 연인,
South Korea,KOR,KR,Melon Chart,2009,잘가요 내사랑,에이트,잘가요 내사랑₩에이트,에이트-잘가요내사랑₩wh020,2lODuVyCcgU,youtube video,0.56,에이트-잘가요내사랑,226.0
South Korea,KOR,KR,Melon Chart,2002,단칼 (Dance),김현정,단칼 (dance)₩김현정,단칼 (Dance)₩김현정,a4cE0B-r18s,youtube music,1.0,단칼 (Dance),
South Korea,KOR,KR,Melon Chart,2009,"헤어지지 못하는 여자, 떠나가지 못하는 남자 (Feat. 정인)",리쌍,"헤어지지 못하는 여자, 떠나가지 못하는 남자 (feat. 정인)₩리쌍","리쌍(Feat. 정인) -  헤어지지 못하는 여자, 떠나가지 못하는 남자₩천서랑",094_tcGjZX0,youtube video,0.88,"리쌍(Feat. 정인) -  헤어지지 못하는 여자, 떠나가지 못하는 남자",
South Korea,KOR,KR,Melon Chart,2003,동네 한 바퀴,Cb Mass,동네 한 바퀴₩cb mass,Around the Village₩CB MASS,r1fgvre5MXE,youtube music,0.36,Around the Village,252.0
South Korea,KOR,KR,Melon Chart,2007,비행소녀,마골피,비행소녀₩마골피,비행소녀₩마골피,2BD9IKL_vt4,youtube music,1.0,비행소녀,
South Korea,KOR,KR,Melon Chart,1997,그대는 어디에,임재범,그대는 어디에₩임재범,그대는 어디에₩임재범,h2ackni3MGM,youtube music,1.0,그대는 어디에,
South Korea,KOR,KR,Melon Chart,2006,비행기,거북이,비행기₩거북이,비행기₩거북이,dXQzwNb8G7g,youtube music,1.0,비행기,
South Korea,KOR,KR,Melon Chart,1993,너만을 느끼며 (Feat. 티파니&수영),더 블루,너만을 느끼며 (feat. 티파니&수영)₩더 블루,너만을 느끼며₩The Blue,YRrW23KKjQE,youtube music,0.34,너만을 느끼며,207.0
South Korea,KOR,KR,Melon Chart,1969,그림자,이영숙,그림자₩이영숙,그림자₩이영숙,7_xHDO7Kqok,youtube music,1.0,그림자,
South Korea,KOR,KR,Melon Chart,1981,능수버들,들고양이들,능수버들₩들고양이들,탈₩들고양이들,gWB1y_F6Xug,youtube music,0.67,탈,184.0
South Korea,KOR,KR,Melon Chart,2009,8282,다비치,8282₩다비치,8282₩다비치,c54FzJcol3I,youtube music,1.0,8282,
South Korea,KOR,KR,Melon Chart,1987,상처,임희숙,상처₩임희숙,상처₩임희숙,9oO-QcITkZ4,youtube music,1.0,상처,
South Korea,KOR,KR,Melon Chart,2009,바래,Ftisland,바래₩ftisland,바래₩FTIsland,65ACI9nEr-I,youtube music,1.0,바래,
South Korea,KOR,KR,Melon Chart,1974,이름 모를 소녀 (Narr. 이윤선),김정호,이름 모를 소녀 (narr. 이윤선)₩김정호,Unknown girl₩Kim Jungho,najh0-u8eMQ,youtube music,0.0,Unknown girl,242.0
South Korea,KOR,KR,Melon Chart,1973,나는 너를,서유석,나는 너를₩서유석,나는 너를₩정차식,phWIeZ4uIvY,youtube music,0.62,나는 너를,264.0
South Korea,KOR,KR,Melon Chart,2001,시간이 흐른 뒤 (As Time Goes By),윤미래,시간이 흐른 뒤 (as time goes by)₩윤미래,T 윤미래 - 시간이 흐른 뒤 (As Time Goes By)₩Mari,LO8oGe2WySQ,youtube video,0.87,T 윤미래 - 시간이 흐른 뒤 (As Time Goes By),
South Korea,KOR,KR,Melon Chart,1989,누나야,임지훈,누나야₩임지훈,누나야 - 임지훈(1989)₩UnInvited Guest,BzzQaZtIPbM,youtube video,0.33,누나야 - 임지훈(1989),190.0
South Korea,KOR,KR,Melon Chart,2009,거짓말 (Part.1),티아라,거짓말 (part.1)₩티아라,"T-ara - Lie, 티아라 - 거짓말, Music Core 20090815₩MBCkpop",21UjHv8EOxY,youtube video,0.18,"T-ara - Lie, 티아라 - 거짓말, Music Core 20090815",202.0
South Korea,KOR,KR,Melon Chart,1999,Love Affair,임창정,love affair₩임창정,Love Affair₩임창정,NZkFNjkOX_M,youtube music,1.0,Love Affair,
South Korea,KOR,KR,Melon Chart,1981,성아의 이야기,백영규,성아의 이야기₩백영규,성아의 이야기₩백영규,0n84U1jvNXM,youtube music,1.0,성아의 이야기,
South Korea,KOR,KR,Melon Chart,1976,사랑을 미워해,투에이스,사랑을 미워해₩투에이스,I hate love₩Oh Seunggeun,kTW9oHl4uaM,youtube music,0.0,I hate love,220.0
South Korea,KOR,KR,Melon Chart,1989,한바탕 웃음으로,이선희,한바탕 웃음으로₩이선희,한바탕 웃음으로₩이선희,G6Gd-S4Vtwg,youtube music,1.0,한바탕 웃음으로,
South Korea,KOR,KR,Melon Chart,1966,초우,문주란,초우₩문주란,초우₩문주란,f-4Pk-iIWJk,youtube music,1.0,초우,
South Korea,KOR,KR,Melon Chart,1982,사랑 사랑 누가 말했나,남궁옥분,사랑 사랑 누가 말했나₩남궁옥분,사랑 사랑 누가 말했나₩남궁옥분,jrdtvyo4Xz0,youtube music,1.0,사랑 사랑 누가 말했나,
South Korea,KOR,KR,Melon Chart,1975,나는 못난이,딕 훼밀리,나는 못난이₩딕 훼밀리,나는 못난이₩딕 훼밀리,AB-pM7bzzR4,youtube music,1.0,나는 못난이,
South Korea,KOR,KR,Melon Chart,1991,그대가 이 세상에 있는 것만으로,한동준,그대가 이 세상에 있는 것만으로₩한동준,그대가 이 세상에 있는 것만으로₩한동준,FqSjyTHLFDk,youtube music,1.0,그대가 이 세상에 있는 것만으로,
South Korea,KOR,KR,Melon Chart,1996,널 사랑하겠어,동물원,널 사랑하겠어₩동물원,널 사랑하겠어₩동물원,O2ZQWA2Xt0w,youtube music,1.0,널 사랑하겠어,
South Korea,KOR,KR,Melon Chart,1971,그 사람 이름은 잊었지만,박건,그 사람 이름은 잊었지만₩박건,그 사람 이름은 잊었지만₩박건,GK1RP0l3WFM,youtube music,1.0,그 사람 이름은 잊었지만,
South Korea,KOR,KR,Melon Chart,2008,대낮에 한 이별 (Feat. 선예 (Wonder Girls)),박진영,대낮에 한 이별 (feat. 선예 (wonder girls))₩박진영,Farewell Under the Sun₩박진영 (Park Jin Young),URk3iixI0H0,youtube music,0.2,Farewell Under the Sun,272.0
South Korea,KOR,KR,Melon Chart,1987,도시의 삐에로,박혜성,도시의 삐에로₩박혜성,도시의 삐에로₩삼류가수,X--K1LQ8trM,youtube music,0.67,도시의 삐에로,235.0
South Korea,KOR,KR,Melon Chart,1969,강촌에 살고싶네,나훈아,강촌에 살고싶네₩나훈아,강촌에 살고싶네₩나훈아,wX90tGZJ23A,youtube music,1.0,강촌에 살고싶네,
South Korea,KOR,KR,Melon Chart,1990,로라,변진섭,로라₩변진섭,로라₩변진섭,_RTp8soSyDg,youtube music,1.0,로라,
South Korea,KOR,KR,Melon Chart,2001,I` Ll Be There,이브,i` ll be there₩이브,I'll Be There₩이브,_76nOMfekAY,youtube music,0.84,I'll Be There,
South Korea,KOR,KR,Melon Chart,1998,Blue Rain,핑클,blue rain₩핑클,Blue Rain₩Fin.K.L,9U1JB5ZChxI,youtube video,0.67,Blue Rain,261.0
South Korea,KOR,KR,Melon Chart,2002,Suddenly,제이워크,suddenly₩제이워크,제이워크 - Suddenly₩yj,x_XNbGZh0wk,youtube video,0.76,제이워크 - Suddenly,
South Korea,KOR,KR,Melon Chart,2002,낭만고양이,체리 필터,낭만고양이₩체리 필터,낭만고양이₩체리필터,oSlqhkPa3no,youtube video,0.84,낭만고양이,
South Korea,KOR,KR,Melon Chart,1970,일자상서,김부자,일자상서₩김부자,일자상서₩김부자,HXhOuFLoki4,youtube music,1.0,일자상서,
South Korea,KOR,KR,Melon Chart,2007,안 행복해,장나라,안 행복해₩장나라,장나라의 안 행복해₩행운의학(이강학),p6drihe979Q,youtube video,0.52,장나라의 안 행복해,230.0
South Korea,KOR,KR,Melon Chart,1968,별아 내가슴에,남진,별아 내가슴에₩남진,별아 내가슴에₩남진,vTQB-y55Soc,youtube music,1.0,별아 내가슴에,
South Korea,KOR,KR,Melon Chart,2003,한번 단 한번,세븐,한번 단 한번₩세븐,"음악캠프 - SE7EN - Once just once, 세븐 - 한번 단 한번, Music Camp 20030719₩MBCkpop",GZ0axj8Asi8,youtube video,0.2,"음악캠프 - SE7EN - Once just once, 세븐 - 한번 단 한번, Music Camp 20030719",180.0
South Korea,KOR,KR,Melon Chart,1998,믿음,이소라,믿음₩이소라,믿음₩이소라,o5Gr4rAwYUY,youtube music,1.0,믿음,
South Korea,KOR,KR,Melon Chart,1994,멀어져 간 사람아,박상민,멀어져 간 사람아₩박상민,박상민 - 멀어져 간 사람아₩무민,is0zrhqIbYo,youtube video,0.76,박상민 - 멀어져 간 사람아,
South Korea,KOR,KR,Melon Chart,1993,너의 마음을 내게 준다면,최연제,너의 마음을 내게 준다면₩최연제,최연제 - 너의 마음을 내게 준다면₩신일섭,L_738TUeZsA,youtube video,0.79,최연제 - 너의 마음을 내게 준다면,
South Korea,KOR,KR,Melon Chart,2002,팬이야,자우림,팬이야₩자우림,팬이야₩자우림,-A5009Oi1qw,youtube music,1.0,팬이야,
South Korea,KOR,KR,Melon Chart,1998,길,조관우,길₩조관우,길₩조관우,BkBsHlL418s,youtube music,1.0,길,
South Korea,KOR,KR,Melon Chart,1993,처음 그 느낌처럼,신승훈,처음 그 느낌처럼₩신승훈,처음 그 느낌처럼₩신승훈,Az7ySL16A2k,youtube music,1.0,처음 그 느낌처럼,
South Korea,KOR,KR,Melon Chart,1987,동행,최성수,동행₩최성수,동행₩최성수,PxBP6TsZ6Do,youtube music,1.0,동행,
South Korea,KOR,KR,Melon Chart,1987,사랑하고 만거야,이수만,사랑하고 만거야₩이수만,사랑하고 만거야₩이수만,--hma9thHRI,youtube music,1.0,사랑하고 만거야,
South Korea,KOR,KR,Melon Chart,1974,"그리워라 (박카스D Cf 최민식, 임수정편)",현경과 영애,"그리워라 (박카스d cf 최민식, 임수정편)₩현경과 영애",Missing You₩Hyun Kyung and Yong Ae,I_NwrpNoE7o,youtube music,0.032,Missing You,170.0
South Korea,KOR,KR,Melon Chart,1991,아침이면,동물원,아침이면₩동물원,아침이면₩동물원,n41foOa28iA,youtube music,1.0,아침이면,
South Korea,KOR,KR,Melon Chart,1988,이층에서 본 거리,다섯손가락,이층에서 본 거리₩다섯손가락,이층에서 본 거리₩다섯손가락,IFzWNRL84uE,youtube music,1.0,이층에서 본 거리,
South Korea,KOR,KR,Melon Chart,1989,제주도의 푸른밤,최성원,제주도의 푸른밤₩최성원,제주도의 푸른밤₩최성원,unvivhVE1K8,youtube music,1.0,제주도의 푸른밤,
South Korea,KOR,KR,Melon Chart,2002,4월 이야기 (April Story),장나라,4월 이야기 (april story)₩장나라,4월 이야기 (April Story)₩장나라,D1qqKPqax-4,youtube music,1.0,4월 이야기 (April Story),
South Korea,KOR,KR,Melon Chart,1997,악세사리,구본승,악세사리₩구본승,구본승 - 악세사리₩風伯,PfcUKT7jAoc,youtube video,0.63,구본승 - 악세사리,214.0
South Korea,KOR,KR,Melon Chart,1988,환희,정수라,환희₩정수라,환희₩정수라,jV_xDc5lbJw,youtube music,1.0,환희,
South Korea,KOR,KR,Melon Chart,1986,나 그리고 별,높은음자리,나 그리고 별₩높은음자리,나 그리고 별₩높은음자리,S03kK8Jv-N4,youtube music,1.0,나 그리고 별,
South Korea,KOR,KR,Melon Chart,1997,Remember,포지션,remember₩포지션,Remember₩포지션,5kmKJ8zdqgQ,youtube music,1.0,Remember,
South Korea,KOR,KR,Melon Chart,1973,기다리게 해놓고,방주연,기다리게 해놓고₩방주연,기다리게 해놓고₩방주연,NuIzO67XOc4,youtube music,1.0,기다리게 해놓고,
South Korea,KOR,KR,Melon Chart,1992,사랑 그이름 하나로,김범룡,사랑 그이름 하나로₩김범룡,사랑 그 이름 하나로₩김범룡,KjIFYUMPQTc,youtube music,0.89,사랑 그 이름 하나로,
South Korea,KOR,KR,Melon Chart,1992,별걸다 기억하는 남자,노영심,별걸다 기억하는 남자₩노영심,노영심 - 별걸다 기억하는 남자₩Sun태양,xAPedubM_ys,youtube video,0.72,노영심 - 별걸다 기억하는 남자,275.0
South Korea,KOR,KR,Melon Chart,2004,하하하쏭 (보브 컬러쏭 글로씽 Cf 문근영편),자우림,하하하쏭 (보브 컬러쏭 글로씽 cf 문근영편)₩자우림,Song of Ha Ha Ha₩Jaurim,fqoY2Hf-quk,youtube music,0.04,Song of Ha Ha Ha,195.0
South Korea,KOR,KR,Melon Chart,1986,사랑 그리고 이별,신계행,사랑 그리고 이별₩신계행,사랑 그리고 이별₩신계행,rgBSGtzns4k,youtube music,1.0,사랑 그리고 이별,
South Korea,KOR,KR,Melon Chart,1969,주란꽃,문주란,주란꽃₩문주란,주란꽃₩문주란,3IcHn5Xp8iw,youtube music,1.0,주란꽃,
South Korea,KOR,KR,Melon Chart,2005,홈런 (Feat. 옥주현),Mc 몽,홈런 (feat. 옥주현)₩mc 몽,홈런 (feat. 옥주현)₩MC 몽,Iqjp7H_n6ZE,youtube music,1.0,홈런 (feat. 옥주현),
South Korea,KOR,KR,Melon Chart,2001,내 입술... 따뜻한 커피처럼,샵,내 입술... 따뜻한 커피처럼₩샵,내 입술 따뜻한 커피처럼 (내 입술 따뜻한 커피처럼)₩샵(S#arp),aG2TJsNEquA,youtube music,0.48,내 입술 따뜻한 커피처럼 (내 입술 따뜻한 커피처럼),224.0
South Korea,KOR,KR,Melon Chart,1988,슬픔만은 아니겠죠,해바라기,슬픔만은 아니겠죠₩해바라기,슬픔만은 아니겠죠₩해바라기,G0aA1qX3qUs,youtube music,1.0,슬픔만은 아니겠죠,
South Korea,KOR,KR,Melon Chart,2009,토요일밤에,손담비,토요일밤에₩손담비,토요일밤에₩손담비,_FJu0rqYMR0,youtube music,1.0,토요일밤에,
South Korea,KOR,KR,Melon Chart,2005,가시,버즈,가시₩버즈,가시₩버즈,eq8_0g4YBPc,youtube music,1.0,가시,
South Korea,KOR,KR,Melon Chart,1998,사랑한 후에,여명,사랑한 후에₩여명,사랑한 후에₩영지,BnYu1rKC-Cc,youtube music,0.75,사랑한 후에,245.0
South Korea,KOR,KR,Melon Chart,2009,우리 헤어지자,이승기,우리 헤어지자₩이승기,우리헤어지자₩이승기,6OOLcZ8uX-s,youtube music,0.84,우리헤어지자,
South Korea,KOR,KR,Melon Chart,2000,Lie (Radio Ver.),화요비,lie (radio ver.)₩화요비,Lie₩Hwayobi,Sdn7PGsE4_8,youtube music,0.21,Lie,273.0
South Korea,KOR,KR,Melon Chart,1995,오렌지 향기속으로,피아노,오렌지 향기속으로₩피아노,오렌지 향기 속으로₩피아노,HoPXnu7dhHU,youtube music,0.88,오렌지 향기 속으로,
South Korea,KOR,KR,Melon Chart,1989,추억속의 그대,황치훈,추억속의 그대₩황치훈,추억속의그대₩황치훈,wcPnBFhHm_Q,youtube music,0.84,추억속의그대,
South Korea,KOR,KR,Melon Chart,1990,그녀를 만나는 곳 100m 전,이상우,그녀를 만나는 곳 100m 전₩이상우,그녀를 만나는 곳 100m 전₩이상우,fTmxssH233c,youtube music,1.0,그녀를 만나는 곳 100m 전,
South Korea,KOR,KR,Melon Chart,1974,이별,패티김,이별₩패티김,이별₩패티김,0KUooXvGU7w,youtube music,1.0,이별,
South Korea,KOR,KR,Melon Chart,1996,찬란한 사랑 (상심Ii),R.ef,찬란한 사랑 (상심ii)₩r.ef,Brilliant Love₩R.ef,WlhrTXGFNjo,youtube music,0.23,Brilliant Love,229.0
South Korea,KOR,KR,Melon Chart,1994,발해를 꿈꾸며,서태지와 아이들,발해를 꿈꾸며₩서태지와 아이들,Dreaming of Bal-Hae₩Seo Taiji and Boys,3hzlBDUBxec,youtube music,0.0,Dreaming of Bal-Hae,281.0
South Korea,KOR,KR,Melon Chart,2004,Brand New,신화,brand new₩신화,Brand New₩신화,6a5vdG-HigY,youtube music,1.0,Brand New,
South Korea,KOR,KR,Melon Chart,1979,푸른파도 갈매기야,권은경,푸른파도 갈매기야₩권은경,푸른파도 갈매기야₩서정호,W8SowkBK-sI,youtube video,0.75,푸른파도 갈매기야,238.0
South Korea,KOR,KR,Melon Chart,1996,정 (위험한 이별),영턱스클럽,정 (위험한 이별)₩영턱스클럽,Young Turks Club (영턱스클럽) Affection (정) - Han/Rom/Eng Lyrics (가사) [1996]₩OldschoolKpopLyrics,y9t5B3tJUxk,youtube video,0.11,Young Turks Club (영턱스클럽) Affection (정) - Han/Rom/Eng Lyrics (가사) [1996],231.0
South Korea,KOR,KR,Melon Chart,1993,세상은 요지경,신신애,세상은 요지경₩신신애,세상은 요지경₩신신애,BY4xVjA0THs,youtube music,1.0,세상은 요지경,
South Korea,KOR,KR,Melon Chart,1981,"별, 달, 장미, 백합",김만수,"별, 달, 장미, 백합₩김만수",김만수 - 별 달 장미 백합₩이호관,kKNrK2lXiOc,youtube video,0.48,김만수 - 별 달 장미 백합,135.0
South Korea,KOR,KR,Melon Chart,1998,금지된 사랑,김경호,금지된 사랑₩김경호,금지된 사랑₩김경호,8MUAXFW0SNw,youtube music,1.0,금지된 사랑,
South Korea,KOR,KR,Melon Chart,1972,오라 오라 오라,문정선,오라 오라 오라₩문정선,오라 오라 오라₩문정선,S25uUdWAMvY,youtube music,1.0,오라 오라 오라,
South Korea,KOR,KR,Melon Chart,1995,영원한 사랑 (With London Metropolitan Orchestra),이문세,영원한 사랑 (with london metropolitan orchestra)₩이문세,영원한 사랑 (With London Metropolitan Orchestra)₩Lee Moon Sae(이문세),4H3JDK-1pWI,youtube music,0.85,영원한 사랑 (With London Metropolitan Orchestra),
South Korea,KOR,KR,Melon Chart,2002,Last Scene,롤러 코스터,last scene₩롤러 코스터,Last Scene₩롤러코스터,rjraM0RuXg8,youtube music,0.9,Last Scene,
South Korea,KOR,KR,Melon Chart,1992,그대도 나처럼 외로운지,임지훈,그대도 나처럼 외로운지₩임지훈,그대도 나처럼 외로운지₩임지훈,UH-OuriH8kE,youtube music,1.0,그대도 나처럼 외로운지,
South Korea,KOR,KR,Melon Chart,1994,이유같지 않은 이유,박미경,이유같지 않은 이유₩박미경,이유같지 않은 이유₩박미경,Sa8JBHNAJXI,youtube music,1.0,이유같지 않은 이유,
South Korea,KOR,KR,Melon Chart,1989,바보같은 미소,조갑경,바보같은 미소₩조갑경,바보같은 미소₩조갑경,C-eSg1fUUjM,youtube music,1.0,바보같은 미소,
South Korea,KOR,KR,Melon Chart,2003,사랑합니다...,팀,사랑합니다...₩팀,사랑합니다...₩팀,p8ELjIOeyZs,youtube music,1.0,사랑합니다...,
South Korea,KOR,KR,Melon Chart,2002,니가 있어야 할 곳,God,니가 있어야 할 곳₩god,니가 있어야 할곳₩GOD,BFOFzq3up-g,youtube music,0.88,니가 있어야 할곳,
South Korea,KOR,KR,Melon Chart,2007,So Fresh (Feat. 김태우) (위대한 캣츠비 Ost 삽입곡),Mc 몽,so fresh (feat. 김태우) (위대한 캣츠비 ost 삽입곡)₩mc 몽,So Fresh (Feat. 김태우) (위대한 캣츠비 OST 삽입곡)₩호구리,ihEMB9PX5YA,youtube video,0.92,So Fresh (Feat. 김태우) (위대한 캣츠비 OST 삽입곡),
South Korea,KOR,KR,Melon Chart,1990,남겨진 시간을 위하여,장혜리,남겨진 시간을 위하여₩장혜리,남겨진 시간을 위하여₩장혜리,GGZq6C4Qvj0,youtube music,1.0,남겨진 시간을 위하여,
South Korea,KOR,KR,Melon Chart,1973,강원도 아리랑,하춘화,강원도 아리랑₩하춘화,강원도 아리랑₩하춘화,xlThExJQ4hA,youtube music,1.0,강원도 아리랑,
South Korea,KOR,KR,Melon Chart,2000,Why,베이비 복스 1기,why₩베이비 복스 1기,Why₩베이비 복스 1기,26mEU0PEFxc,youtube music,1.0,Why,
South Korea,KOR,KR,Melon Chart,1979,구름과 나,블랙테트라,구름과 나₩블랙테트라,구름과 나₩블랙테트라,Mz0TVTcZbY8,youtube music,1.0,구름과 나,
South Korea,KOR,KR,Melon Chart,1985,가버린 추억,남화용,가버린 추억₩남화용,가버린 추억₩남화용,UoC_kP1Mb94,youtube music,1.0,가버린 추억,
South Korea,KOR,KR,Melon Chart,1996,꼭 나처럼... (슬픈 저주),뱅크,꼭 나처럼... (슬픈 저주)₩뱅크,꼭 나처럼...(슬픈 저주)₩뱅크,9j60H8_xS7w,youtube music,0.91,꼭 나처럼...(슬픈 저주),
South Korea,KOR,KR,Melon Chart,1985,유혹하지 말아요,나미,유혹하지 말아요₩나미,나미 - 유혹하지 말아요₩나미,gBW5VQwkR_c,youtube video,0.8,나미 - 유혹하지 말아요,
South Korea,KOR,KR,Melon Chart,2005,내 마음의 보석상자,Sg 워너비,내 마음의 보석상자₩sg 워너비,내 마음의 보석상자₩SG워너비,sw29pJ8hexM,youtube video,0.9,내 마음의 보석상자,
South Korea,KOR,KR,Melon Chart,1992,벙어리 바이올린,윤설하,벙어리 바이올린₩윤설하,벙어리 바이올린₩윤설하,9Cxe_0atQgE,youtube music,1.0,벙어리 바이올린,
South Korea,KOR,KR,Melon Chart,1990,내일일기,오석준,내일일기₩오석준,내일 일기₩오석준,YjIh8McCIMI,youtube music,0.8,내일 일기,
South Korea,KOR,KR,Melon Chart,1997,발걸음,에메랄드 캐슬,발걸음₩에메랄드 캐슬,발걸음₩에메랄드캐슬,ZKOwyeFgcAo,youtube music,0.84,발걸음,
South Korea,KOR,KR,Melon Chart,2000,너,이정현,너₩이정현,너₩이정현,7BVa5d9jQJ4,youtube music,1.0,너,
South Korea,KOR,KR,Melon Chart,2005,Stay In Me,서지영,stay in me₩서지영,Stay In Me₩서지영,BRygsY2GDNo,youtube music,1.0,Stay In Me,
South Korea,KOR,KR,Melon Chart,1994,겨울그림,이승철,겨울그림₩이승철,겨울 그림₩이승철,uXEWdSO3yW0,youtube music,0.8,겨울 그림,
South Korea,KOR,KR,Melon Chart,1987,어른이 된 후에 사랑은 너무 어려워,장덕,어른이 된 후에 사랑은 너무 어려워₩장덕,어른이 된 후에 사랑은 너무 어려워₩김정은,IA9jm97eHgM,youtube music,0.88,어른이 된 후에 사랑은 너무 어려워,
South Korea,KOR,KR,Melon Chart,2005,은영이에게,Kcm,은영이에게₩kcm,은영이에게₩KCM,5WuzlUFGEHI,youtube music,1.0,은영이에게,
South Korea,KOR,KR,Melon Chart,1981,남편에게 바치는 노래,김윤희,남편에게 바치는 노래₩김윤희,남편에게 바치는 노래₩김윤희,pEikxoCeMDM,youtube music,1.0,남편에게 바치는 노래,
South Korea,KOR,KR,Melon Chart,2005,응급실,Izi,응급실₩izi,응급실₩izi,QbHugF9JPe4,youtube music,1.0,응급실,
South Korea,KOR,KR,Melon Chart,1965,위를 보고 걷자,최희준,위를 보고 걷자₩최희준,위를 보고 걷자₩최희준,tPqga-_unLc,youtube music,1.0,위를 보고 걷자,
South Korea,KOR,KR,Melon Chart,1997,거짓말이야,Dj Doc,거짓말이야₩dj doc,It's All Lies (Radio Version)₩DJ DOC,sil0GsAIyes,youtube music,0.26,It's All Lies (Radio Version),202.0
South Korea,KOR,KR,Melon Chart,1999,사랑하는 날까지,김종환,사랑하는 날까지₩김종환,사랑하는 날까지₩김종환,PdvN7UATXG0,youtube music,1.0,사랑하는 날까지,
South Korea,KOR,KR,Melon Chart,1997,그대 떠나가도,조장혁,그대 떠나가도₩조장혁,그대 떠나가도₩조장혁,bj4ZU-Uqrhc,youtube music,1.0,그대 떠나가도,
South Korea,KOR,KR,Melon Chart,1988,눈물의 멜로디,유연실,눈물의 멜로디₩유연실,눈물의 멜로디 - 유연실₩소담,TtNhd4bY1p4,youtube video,0.8,눈물의 멜로디 - 유연실,
South Korea,KOR,KR,Melon Chart,1992,떠나간 후에,015b,떠나간 후에₩015b,떠나간 후에₩공일오비(015B),WyGrNOgSf70,youtube music,0.69,떠나간 후에,233.0
South Korea,KOR,KR,Melon Chart,2006,오늘 하루,쿨 (Cool),오늘 하루₩쿨 (cool),운명₩Cool,D4oYKREWCrg,youtube music,0.32,운명,225.0
South Korea,KOR,KR,Melon Chart,1985,난 사랑했어요,나미,난 사랑했어요₩나미,난 사랑했어요₩나미,YDCin3DU8YM,youtube music,1.0,난 사랑했어요,
South Korea,KOR,KR,Melon Chart,2002,애련,Kyt (코요태),애련₩kyt (코요태),애련₩Koyote,XO0sf4p1eUY,youtube music,0.32,애련,252.0
South Korea,KOR,KR,Melon Chart,1976,일기,둘 다섯,일기₩둘 다섯,일기₩Two Five,ZTMeYet81lM,youtube music,0.25,일기,219.0
South Korea,KOR,KR,Melon Chart,1970,난이야,이상열,난이야₩이상열,난이야₩이상열,GFZvOmgNsKk,youtube music,1.0,난이야,
South Korea,KOR,KR,Melon Chart,1988,꼬마야,김창완,꼬마야₩김창완,꼬마야  -  김창완 (HD With Lyrics) 👩‍👩‍👦🍓🍀🌿🌳₩용재천사 - Ailes d'ange,xdzTXWtOeXA,youtube video,0.19,꼬마야  -  김창완 (HD With Lyrics) 👩‍👩‍👦🍓🍀🌿🌳,172.0
South Korea,KOR,KR,Melon Chart,1998,뻐꾸기 둥지위로 날아간 새,김건모,뻐꾸기 둥지위로 날아간 새₩김건모,뻐꾸기 둥지위로 날아간 새₩김건모,H9lMVZ0eDSo,youtube music,1.0,뻐꾸기 둥지위로 날아간 새,
South Korea,KOR,KR,Melon Chart,1992,슬픈 베아트리체,조용필,슬픈 베아트리체₩조용필,슬픈 베아트리체 (Sad Beatrice)₩조용필 (CHO YONG PIL),PNuBrdpbSr4,youtube music,0.42,슬픈 베아트리체 (Sad Beatrice),321.0
South Korea,KOR,KR,Melon Chart,2006,울지마,버즈,울지마₩버즈,버즈-울지마₩버즈바라기,FfP9uZsELYg,youtube video,0.62,버즈-울지마,334.0
South Korea,KOR,KR,Melon Chart,2002,I Pray 4 U,신화,i pray 4 u₩신화,I Pray 4 U₩신화,D-Fk5StrdTc,youtube music,1.0,I Pray 4 U,
South Korea,KOR,KR,Melon Chart,2007,착한거짓말,이승기,착한거짓말₩이승기,착한거짓말₩이승기,L_jLnB-KKnI,youtube music,1.0,착한거짓말,
South Korea,KOR,KR,Melon Chart,1990,진고개 신사,신촌 블루스,진고개 신사₩신촌 블루스,진고개 신사₩신촌블루스,L5Ye-8JCRxo,youtube music,0.87,진고개 신사,
South Korea,KOR,KR,Melon Chart,1990,소녀시대,이승철,소녀시대₩이승철,소녀시대₩이승철,Nffxn4RRirI,youtube music,1.0,소녀시대,
South Korea,KOR,KR,Melon Chart,1978,눈물로 쓴 편지(겨울여자 주제곡),김세화,눈물로 쓴 편지(겨울여자 주제곡)₩김세화,눈물로 쓴 편지₩김세화,XdmtndGcHEo,youtube music,0.62,눈물로 쓴 편지,207.0
South Korea,KOR,KR,Melon Chart,2009,아몰레드 (Amoled),"손담비, 애프터스쿨","아몰레드 (amoled)₩손담비, 애프터스쿨",아몰레드 (Amoled)₩가요베스트,XRDMIGEZfIM,youtube music,0.63,아몰레드 (Amoled),187.0
South Korea,KOR,KR,Melon Chart,1991,가을 아침,양희은,가을 아침₩양희은,가을 아침₩이제환,a5Atd0cONkA,youtube music,0.62,가을 아침,248.0
South Korea,KOR,KR,Melon Chart,2003,Street Life (Feat. Big Mama & Ill Skillz),Dj Doc,street life (feat. big mama & ill skillz)₩dj doc,DJ DOC - Street life (feat. Big Mama & Ill Skillz)₩yh,UIfNrS0FCy4,youtube video,0.93,DJ DOC - Street life (feat. Big Mama & Ill Skillz),
South Korea,KOR,KR,Melon Chart,1998,할 수 있어,엔알지,할 수 있어₩엔알지,할 수 있어₩엔알지,zDPkWAHk1v8,youtube music,1.0,할 수 있어,
South Korea,KOR,KR,Melon Chart,1986,돌이와 순이,김수철,돌이와 순이₩김수철,돌이와 순이₩김수철,gxw5PXHQ9g8,youtube music,1.0,돌이와 순이,
South Korea,KOR,KR,Melon Chart,1989,그대는,양수경,그대는₩양수경,그대는₩양수경,cfnT0X0JCTQ,youtube music,1.0,그대는,
South Korea,KOR,KR,Melon Chart,2005,2♡,God,2♡₩god,2♡₩god,bNH0QAgOYHk,youtube music,1.0,2♡,
South Korea,KOR,KR,Melon Chart,1997,기억해줘,이소라,기억해줘₩이소라,기억해줘₩이소라,0vxNmODa8iA,youtube music,1.0,기억해줘,
South Korea,KOR,KR,Melon Chart,2009,"쏘리 쏘리 (Sorry, Sorry)",슈퍼주니어,"쏘리 쏘리 (sorry, sorry)₩슈퍼주니어","Sorry, Sorry₩SUPER JUNIOR",OFET1zPkW7g,youtube music,0.45,"Sorry, Sorry",288.0
South Korea,KOR,KR,Melon Chart,1969,성주풀이,김세레나,성주풀이₩김세레나,성주풀이₩김세레나,Y4egcE4ahVA,youtube music,1.0,성주풀이,
South Korea,KOR,KR,Melon Chart,1969,부모,유주용,부모₩유주용,부모₩유주용,9P9OuEBFzn4,youtube music,1.0,부모,
South Korea,KOR,KR,Melon Chart,2005,Happiness,가비엔제이,happiness₩가비엔제이,Happiness₩가비 엔제이,MfZWh2bYYeE,youtube music,0.9,Happiness,
South Korea,KOR,KR,Melon Chart,1999,"Tell Me, Tell Me",샵,"tell me, tell me₩샵","Tell Me, Tell Me₩S#arp",7V4NV4Douzo,youtube music,0.84,"Tell Me, Tell Me",
South Korea,KOR,KR,Melon Chart,2008,슬픈 다짐,다비치,슬픈 다짐₩다비치,슬픈 다짐₩다비치,Yzuj5uCyQn4,youtube music,1.0,슬픈 다짐,
South Korea,KOR,KR,Melon Chart,1991,서울탱고,방실이,서울탱고₩방실이,서울탱고₩방실이,wPjrkJwoG8w,youtube music,1.0,서울탱고,
South Korea,KOR,KR,Melon Chart,1996,왜 그래,김현철,왜 그래₩김현철,왜 그래₩김현철,gjFnUsLlj0E,youtube music,1.0,왜 그래,
South Korea,KOR,KR,Melon Chart,1972,공항의 이별,문주란,공항의 이별₩문주란,공항의 이별₩문주란,gy4GjnZ0Fj8,youtube music,1.0,공항의 이별,
South Korea,KOR,KR,Melon Chart,1990,계절이 음악처럼 흐를때,권인하,계절이 음악처럼 흐를때₩권인하,계절이 음악처럼 흐를때₩권인하,NhrpfWOu8m0,youtube music,1.0,계절이 음악처럼 흐를때,
South Korea,KOR,KR,Melon Chart,1964,밀짚모자 목장아가씨,박재란,밀짚모자 목장아가씨₩박재란,밀짚모자 목장아가씨₩박재란,eVOfybfdUZU,youtube music,1.0,밀짚모자 목장아가씨,
South Korea,KOR,KR,Melon Chart,1972,내나라 내겨레,송창식,내나라 내겨레₩송창식,내나라 내겨래₩송창식,kLOkNmSiz-o,youtube music,0.8,내나라 내겨래,
South Korea,KOR,KR,Melon Chart,2005,그녀의 남자에게,김종국,그녀의 남자에게₩김종국,그녀의 남자에게₩김종국,tyrcug0GW_E,youtube music,1.0,그녀의 남자에게,
South Korea,KOR,KR,Melon Chart,2003,Again To Me,차태현,again to me₩차태현,Again to Me₩차태현 Cha Tae Hyun,EsWiS0hKHas,youtube music,0.68,Again to Me,189.0
South Korea,KOR,KR,Melon Chart,1992,너와 함께 있는 이유,변진섭,너와 함께 있는 이유₩변진섭,너와 함께 있는 이유₩변진섭,4IC_5vK5wDk,youtube music,1.0,너와 함께 있는 이유,
South Korea,KOR,KR,Melon Chart,1985,아그네스,김세화,아그네스₩김세화,아그네스 김세화₩아름다운음악여행,4xYJG6ctgY8,youtube video,0.61,아그네스 김세화,216.0
South Korea,KOR,KR,Melon Chart,1971,고향 아줌마,김상진,고향 아줌마₩김상진,고향 아줌마₩김상진,o5v9FpRTRjQ,youtube music,1.0,고향 아줌마,
South Korea,KOR,KR,Melon Chart,1976,그리운 사람은,이필원,그리운 사람은₩이필원,그리운 사람은₩이필원,cmM0rTwlQIU,youtube music,1.0,그리운 사람은,
South Korea,KOR,KR,Melon Chart,1989,새들처럼,변진섭,새들처럼₩변진섭,새들처럼₩변진섭,gUHwBTORyLw,youtube music,1.0,새들처럼,
South Korea,KOR,KR,Melon Chart,2004,제주도의 푸른 밤,성시경,제주도의 푸른 밤₩성시경,제주도의 푸른 밤₩성시경,QvuhHKLnkE4,youtube music,1.0,제주도의 푸른 밤,
South Korea,KOR,KR,Melon Chart,1989,잊지 말아요,최성수,잊지 말아요₩최성수,잊지 말아요₩최성수,PnfpAhAh0aQ,youtube music,1.0,잊지 말아요,
South Korea,KOR,KR,Melon Chart,2004,인연,이승철,인연₩이승철,인연₩이승철,uJ3LI7rb27Y,youtube music,1.0,인연,
South Korea,KOR,KR,Melon Chart,1993,아픈 기억속에서,이덕진,아픈 기억속에서₩이덕진,아픈 기억속에서₩이덕진,ynB5MZ6R8XY,youtube music,1.0,아픈 기억속에서,
South Korea,KOR,KR,Melon Chart,1999,애수(哀愁),이문세,애수(哀愁)₩이문세,애수(哀愁)₩이문세,1IBcdvV4O44,youtube music,1.0,애수(哀愁),
South Korea,KOR,KR,Melon Chart,1997,너에게 가고 싶어,이은미,너에게 가고 싶어₩이은미,너에게 가고싶어₩이은미,PDt5110nrEY,youtube music,0.87,너에게 가고싶어,
South Korea,KOR,KR,Melon Chart,1998,(`Cause) I`M Your Girl,S.e.s.,(`cause) i`m your girl₩s.e.s.,S.E.S - Im Your Girl MV [HD Enhanced]₩bbvoxlover,WpmTLDtr4qY,youtube video,0.43,S.E.S - Im Your Girl MV [HD Enhanced],224.0
South Korea,KOR,KR,Melon Chart,1997,바다,유피,바다₩유피,바다₩유피,85_WO_1sH5Q,youtube music,1.0,바다,
South Korea,KOR,KR,Melon Chart,1984,슬픔의 심로,김학래,슬픔의 심로₩김학래,슬픔의 심로₩김학래,bs30kd33JmQ,youtube music,1.0,슬픔의 심로,
South Korea,KOR,KR,Melon Chart,1964,맨발의 청춘,최희준,맨발의 청춘₩최희준,맨발의 청춘₩최희준,PVal9CSky5I,youtube music,1.0,맨발의 청춘,
South Korea,KOR,KR,Melon Chart,1967,마음이 변하기 전에,윤복희,마음이 변하기 전에₩윤복희,마음이 변하기 전에₩윤복희,xFsBdyfmpaQ,youtube music,1.0,마음이 변하기 전에,
South Korea,KOR,KR,Melon Chart,2007,천둥,Ftisland,천둥₩ftisland,Let Go₩FTIsland,nAcZcJUusoo,youtube music,0.67,Let Go,236.0
South Korea,KOR,KR,Melon Chart,2008,기억을 걷는 시간,넬 (Nell),기억을 걷는 시간₩넬 (nell),기억을 걷는 시간₩넬(NELL),kDAq-Dxpxa8,youtube music,0.91,기억을 걷는 시간,
South Korea,KOR,KR,Melon Chart,1994,어떤 기다림,김건모,어떤 기다림₩김건모,김건모 - '어떤 기다림' | Kim Gun mo - 'Waiting For' 【KBS 가요톱10】₩Again 가요톱10 : KBS KPOP Classic,er7prrMmlpg,youtube video,0.15,김건모 - '어떤 기다림' | Kim Gun mo - 'Waiting For' 【KBS 가요톱10】,236.0
South Korea,KOR,KR,Melon Chart,1991,슬픈 우리사랑,심명훈,슬픈 우리사랑₩심명훈,슬픈 우리 사랑 - 심명훈₩묘월,rMqRHsPeNvc,youtube video,0.69,슬픈 우리 사랑 - 심명훈,250.0
South Korea,KOR,KR,Melon Chart,1999,그녀의 연인에게... #Story Ⅰ,K2 김성면,그녀의 연인에게... #story ⅰ₩k2 김성면,그녀의 연인에게...#Story I - K2김성면₩相元,arM-d36DD9A,youtube video,0.73,그녀의 연인에게...#Story I - K2김성면,300.0
South Korea,KOR,KR,Melon Chart,1994,사랑을 그대 품안에,최진영,사랑을 그대 품안에₩최진영,사랑을 그대 품안에₩최진영,U9L6N_cp5es,youtube music,1.0,사랑을 그대 품안에,
South Korea,KOR,KR,Melon Chart,1986,해야 해야,김학래,해야 해야₩김학래,해야 해야₩김학래,JtKIaXVxEW0,youtube music,1.0,해야 해야,
South Korea,KOR,KR,Melon Chart,2006,남자를 몰라,버즈,남자를 몰라₩버즈,남자를 몰라₩버즈,rgms0zs6SZc,youtube music,1.0,남자를 몰라,
South Korea,KOR,KR,Melon Chart,2002,동경소녀,김광진,동경소녀₩김광진,동경소녀 - 김광진₩depi!,LtMkgXcJzJc,youtube video,0.64,동경소녀 - 김광진,277.0
South Korea,KOR,KR,Melon Chart,1987,내 마음 별과 같이,현철,내 마음 별과 같이₩현철,내마음 별과 같이₩현철,MiTQpwkLD5Y,youtube music,0.87,내마음 별과 같이,
South Korea,KOR,KR,Melon Chart,1986,빛바랜 사랑,오선과 한음,빛바랜 사랑₩오선과 한음,빛바랜 사랑₩오선과 한음,NHEcPT7Kr-o,youtube music,1.0,빛바랜 사랑,
South Korea,KOR,KR,Melon Chart,1998,정인 (情人),The Day,정인 (情人)₩the day,정인(情人) (Song 김기주)₩The Day,yna6_d-JYzI,youtube music,0.68,정인(情人) (Song 김기주),258.0
South Korea,KOR,KR,Melon Chart,1967,새타령,김세레나,새타령₩김세레나,새타령₩김세레나,hEVR9cU973M,youtube music,1.0,새타령,
South Korea,KOR,KR,Melon Chart,1976,고목나무,장욱조,고목나무₩장욱조,고목나무₩장욱조,0Pzoip-V4BQ,youtube music,1.0,고목나무,
South Korea,KOR,KR,Melon Chart,2008,1분 1초 (Feat. 타루),에픽 하이 (Epik High),1분 1초 (feat. 타루)₩에픽 하이 (epik high),1min 1sec (Feat. Taru)₩Epik High,KFZ4nrBDyPM,youtube music,0.53,1min 1sec (Feat. Taru),268.0
South Korea,KOR,KR,Melon Chart,1986,골목길,이재민,골목길₩이재민,골목길₩이재민,1bTBvI0oZkc,youtube music,1.0,골목길,
South Korea,KOR,KR,Melon Chart,1984,잠들지 않는 시간,이용,잠들지 않는 시간₩이용,잠들지 않는 시간₩이용,5z7XOSBvo40,youtube music,1.0,잠들지 않는 시간,
South Korea,KOR,KR,Melon Chart,1970,축제의 노래,트윈 폴리오,축제의 노래₩트윈 폴리오,축제의 노래₩트윈 폴리오,NA18TxMbJ4I,youtube music,1.0,축제의 노래,
South Korea,KOR,KR,Melon Chart,1974,그대없이는 못살아,패티김,그대없이는 못살아₩패티김,그대없이는 못살아₩패티김,GCmojw8aG44,youtube music,1.0,그대없이는 못살아,
South Korea,KOR,KR,Melon Chart,1994,난 널 사랑해,신효범,난 널 사랑해₩신효범,난 널 사랑해₩신효범,ZYrtt-zOoqY,youtube music,1.0,난 널 사랑해,
South Korea,KOR,KR,Melon Chart,1973,아름다운 강산,김정미,아름다운 강산₩김정미,아름다운 강산₩김정미,FtTiAVNQBPg,youtube music,1.0,아름다운 강산,
South Korea,KOR,KR,Melon Chart,1993,첫인상,김건모,첫인상₩김건모,First Sight₩김건모,7I2SvDUPNZo,youtube music,0.3,First Sight,218.0
South Korea,KOR,KR,Melon Chart,2004,고래의 꿈 (Falling In Love Again) (Feat. 김영근),바비 킴,고래의 꿈 (falling in love again) (feat. 김영근)₩바비 킴,고래의 꿈 (Falling In Love Again) ) (feat. 김영근)₩바비 킴 (Bobby Kim),6NJJCEm5dAU,youtube music,0.87,고래의 꿈 (Falling In Love Again) ) (feat. 김영근),
South Korea,KOR,KR,Melon Chart,1990,그대 떠난뒤,빛과 소금,그대 떠난뒤₩빛과 소금,그대 떠난뒤₩빛과 소금,rpmUf2Kfm94,youtube music,1.0,그대 떠난뒤,
South Korea,KOR,KR,Melon Chart,2007,나를 외치다,마야,나를 외치다₩마야,나를 외치다₩민재,YVQ0Q6oYRkc,youtube music,0.75,나를 외치다,197.0
South Korea,KOR,KR,Melon Chart,2008,누난 너무 예뻐 (Replay),샤이니 (Shinee),누난 너무 예뻐 (replay)₩샤이니 (shinee),누난 너무 예뻐 (Replay)₩SHINee,vD6Ef9U0Mes,youtube music,0.85,누난 너무 예뻐 (Replay),
South Korea,KOR,KR,Melon Chart,2003,유리 (唯俚 - 비록 슬퍼진다 하더라도),김정훈,유리 (唯俚 - 비록 슬퍼진다 하더라도)₩김정훈,유리 (唯俚 - 비록 슬퍼진다 하더라도)₩김정훈,4ZCTNdyPsF4,youtube music,1.0,유리 (唯俚 - 비록 슬퍼진다 하더라도),
South Korea,KOR,KR,Melon Chart,2004,이제서야,김동률,이제서야₩김동률,이제서야₩김동률,5Uks_iXqn7M,youtube music,1.0,이제서야,
South Korea,KOR,KR,Melon Chart,1977,푸른 시절,김만수,푸른 시절₩김만수,푸른 시절₩유상록,Ssqp4zJXefg,youtube music,0.62,푸른 시절,98.0
South Korea,KOR,KR,Melon Chart,1974,조용한 여자,이연실,조용한 여자₩이연실,조용한 여자₩이연실,_YgyQUT3jIo,youtube music,1.0,조용한 여자,
South Korea,KOR,KR,Melon Chart,2005,현명한 이별,슈가,현명한 이별₩슈가,Classic Kpop - 슈가 (Sugar) - 현명한 이별 + DL₩ClassicKpop427,ZBTGpgczcvE,youtube video,0.26,Classic Kpop - 슈가 (Sugar) - 현명한 이별 + DL,218.0
South Korea,KOR,KR,Melon Chart,1979,그림자,서유석,그림자₩서유석,그림자₩서유석,vDlxfYjICiY,youtube music,1.0,그림자,
South Korea,KOR,KR,Melon Chart,1967,돌아가는 삼각지,배호,돌아가는 삼각지₩배호,돌아가는 삼각지₩배호,qE94c05b62A,youtube music,1.0,돌아가는 삼각지,
South Korea,KOR,KR,Melon Chart,2000,You Mean Everything To Me,박정현,you mean everything to me₩박정현,You Mean Everything To Me₩박정현,m8Aw3Cucu8g,youtube music,1.0,You Mean Everything To Me,
South Korea,KOR,KR,Melon Chart,1992,추억 만들기,김현식,추억 만들기₩김현식,추억만들기₩김현식,fMeBAfW8K6w,youtube music,0.82,추억만들기,
South Korea,KOR,KR,Melon Chart,1972,새색시 시집가네,이연실,새색시 시집가네₩이연실,새색시 시집가네₩이연실,cVBJCrganWM,youtube music,1.0,새색시 시집가네,
South Korea,KOR,KR,Melon Chart,1972,그 얼굴에 햇살을,이용복,그 얼굴에 햇살을₩이용복,그 얼굴에 햇살을₩이용복,vujaEulV_gg,youtube music,1.0,그 얼굴에 햇살을,
South Korea,KOR,KR,Melon Chart,1969,천리길,나훈아,천리길₩나훈아,천리길₩나훈아,9t2tvtOczZc,youtube music,1.0,천리길,
South Korea,KOR,KR,Melon Chart,1995,사랑보다 좋은 사랑,김대일,사랑보다 좋은 사랑₩김대일,사랑보다 좋은 사랑-김대일₩행방의돌풍,hLwgIbEXxdo,youtube video,0.69,사랑보다 좋은 사랑-김대일,265.0
South Korea,KOR,KR,Melon Chart,2003,그대 돌아오면..,거미,그대 돌아오면..₩거미,그대 돌아오면₩거미,P0esOeqk32I,youtube music,0.8,그대 돌아오면,
South Korea,KOR,KR,Melon Chart,1975,화가 났을까,김세환,화가 났을까₩김세환,화가 났을까₩김세환,pal3mO3Qems,youtube music,1.0,화가 났을까,
South Korea,KOR,KR,Melon Chart,1982,회상,산울림,회상₩산울림,회상₩산울림,hh-YxH5xsFo,youtube music,1.0,회상,
South Korea,KOR,KR,Melon Chart,1995,날 위한 이별,김혜림,날 위한 이별₩김혜림,날 위한 이별₩김혜림,vd-c_O7pcdY,youtube music,1.0,날 위한 이별,
South Korea,KOR,KR,Melon Chart,1997,아름다운 구속,김종서,아름다운 구속₩김종서,아름다운 구속₩김란영,aPPNN6Fymco,youtube music,0.8,아름다운 구속,
South Korea,KOR,KR,Melon Chart,2007,눈물,엠씨더맥스,눈물₩엠씨더맥스,눈물₩엠씨더맥스,SAEo3ohLrMY,youtube music,1.0,눈물,
South Korea,KOR,KR,Melon Chart,2000,삐에로 (Feat. Jed Of D.bace),이현도,삐에로 (feat. jed of d.bace)₩이현도,Pierrot₩Lee Hyun Do,YTBYyrw7biM,youtube music,0.043,Pierrot,239.0
South Korea,KOR,KR,Melon Chart,1996,영원히 내게,안상수,영원히 내게₩안상수,영원히 내게₩안상수,TGYIgRCPl7Q,youtube music,1.0,영원히 내게,
South Korea,KOR,KR,Melon Chart,1975,이거야 정말,윤복희,이거야 정말₩윤복희,이거야 정말₩윤복희,x-BC9OrLZGs,youtube music,1.0,이거야 정말,
South Korea,KOR,KR,Melon Chart,1973,별이 빛나는 밤에,윤항기,별이 빛나는 밤에₩윤항기,별이 빛나는 밤에₩윤항기,1cm_07h1HoQ,youtube music,1.0,별이 빛나는 밤에,
South Korea,KOR,KR,Melon Chart,2002,그녈 위해,Jk 김동욱,그녈 위해₩jk 김동욱,JK 김동욱 - 그녈 위해₩쿠오레,NorLF9etMuA,youtube video,0.71,JK 김동욱 - 그녈 위해,286.0
South Korea,KOR,KR,Melon Chart,1970,바보같은 사나이,나훈아,바보같은 사나이₩나훈아,바보같은 사나이₩나훈아,3FrSYKr6udM,youtube music,1.0,바보같은 사나이,
South Korea,KOR,KR,Melon Chart,1999,천년의 사랑,박완규,천년의 사랑₩박완규,천년의 사랑₩박완규,Lk0-HtJccYE,youtube music,1.0,천년의 사랑,
South Korea,KOR,KR,Melon Chart,1982,부산 갈매기,문성재,부산 갈매기₩문성재,부산 갈매기₩문성재,7KRHXtFiZ-s,youtube music,1.0,부산 갈매기,
South Korea,KOR,KR,Melon Chart,1986,사랑과 평화,유지연,사랑과 평화₩유지연,사랑과 평화₩유지연,3iiP9ch6zqA,youtube music,1.0,사랑과 평화,
South Korea,KOR,KR,Melon Chart,1987,천방지축,문희옥,천방지축₩문희옥,천방지축₩문희옥,TYkl1hg12sI,youtube music,1.0,천방지축,
South Korea,KOR,KR,Melon Chart,1999,만남,Kyt (코요태),만남₩kyt (코요태),만남₩KYT(코요태),TfbvEw6p9mo,youtube music,0.86,만남,
South Korea,KOR,KR,Melon Chart,1996,꿍따리 샤바라,클론,꿍따리 샤바라₩클론,쿵따리 샤바라₩클론,LXOnQZb5oMM,youtube music,0.89,쿵따리 샤바라,
South Korea,KOR,KR,Melon Chart,1992,가려진 시간 사이로,윤상,가려진 시간 사이로₩윤상,가려진 시간 사이로₩윤상,4fTe2dkcdEQ,youtube music,1.0,가려진 시간 사이로,
South Korea,KOR,KR,Melon Chart,1998,To Heaven,조성모,to heaven₩조성모,To Heaven₩조성모,MaxVkGOmePE,youtube music,1.0,To Heaven,
South Korea,KOR,KR,Melon Chart,1967,못잊어서 또왔네,이상열,못잊어서 또왔네₩이상열,못잊어서 또왔네₩이상열,bQQbt_2rSVI,youtube music,1.0,못잊어서 또왔네,
South Korea,KOR,KR,Melon Chart,2002,마지막 약속,포지션,마지막 약속₩포지션,포지션(Position) - Last Promise (마지막 약속)₩Stone Music Entertainment,lAp5ios6wcQ,youtube video,0.2,포지션(Position) - Last Promise (마지막 약속),487.0
South Korea,KOR,KR,Melon Chart,2005,나비무덤,테이크 (Take),나비무덤₩테이크 (take),Butterfly Grave(나비 무덤) (2015)₩TAKE(테이크),35egNNEyW8w,youtube music,0.31,Butterfly Grave(나비 무덤) (2015),270.0
South Korea,KOR,KR,Melon Chart,1964,이국땅,남일해,이국땅₩남일해,이국땅₩남일해,gtOyz2N5d_w,youtube music,1.0,이국땅,
South Korea,KOR,KR,Melon Chart,1978,영원히 당신만을,혜은이,영원히 당신만을₩혜은이,영원히 당신만을  혜은이₩李基榮,ihRuTz5Be7E,youtube video,0.81,영원히 당신만을  혜은이,
South Korea,KOR,KR,Melon Chart,1977,뛰어,최백호,뛰어₩최백호,뛰어₩최백호,PPb8fpcUx0M,youtube music,1.0,뛰어,
South Korea,KOR,KR,Melon Chart,1986,님 떠나가네,김범룡,님 떠나가네₩김범룡,님 떠나가네₩김범룡,iMf93C02lJQ,youtube music,1.0,님 떠나가네,
South Korea,KOR,KR,Melon Chart,2000,Love,윤현석,love₩윤현석,윤현석 -  Love₩음악한줌,fnpdsNh6Lb8,youtube video,0.55,윤현석 -  Love,238.0
South Korea,KOR,KR,Melon Chart,2004,예감 좋은 날,럼블피쉬,예감 좋은 날₩럼블피쉬,Day with good feeling₩Rumble Fish,u86tEqfkN4E,youtube music,0.0,Day with good feeling,215.0
South Korea,KOR,KR,Melon Chart,1986,지금,조영남,지금₩조영남,지금₩조영남,6a8x5vg3i2Q,youtube music,1.0,지금,
South Korea,KOR,KR,Melon Chart,1985,갈등,이선희,갈등₩이선희,갈등  - 이선희₩불사조,xImp4hEv_M4,youtube video,0.59,갈등  - 이선희,193.0
South Korea,KOR,KR,Melon Chart,1983,멍에,김수희,멍에₩김수희,멍에₩김수희,GVMlSK-MiLs,youtube music,1.0,멍에,
South Korea,KOR,KR,Melon Chart,1968,꿀밤 삼백석,박지연,꿀밤 삼백석₩박지연,꿀밤 삼백석 1968 박지연 [ 금지-표절 ]₩Silvertown 은발촌,cKbPgRbW0gg,youtube video,0.38,꿀밤 삼백석 1968 박지연 [ 금지-표절 ],163.0
South Korea,KOR,KR,Melon Chart,1991,그 사랑이 울고 있어요,신정숙,그 사랑이 울고 있어요₩신정숙,그 사람이 울고 있어요₩신정숙,dNCyuECzjVg,youtube music,0.87,그 사람이 울고 있어요,
South Korea,KOR,KR,Melon Chart,1991,또 어딘가를 향할때,장필순,또 어딘가를 향할때₩장필순,또 어딘가를 향할때₩류주희,aHxTlpzUjEw,youtube music,0.77,또 어딘가를 향할때,
South Korea,KOR,KR,Melon Chart,1996,Aspirin (아스피린) (12 String Guitar Ver.),걸,aspirin (아스피린) (12 string guitar ver.)₩걸,드라이브 송! 걸. Aspirin (아스피린) (12 String Guitar Ver.)₩산적,IdvSTLDHs6s,youtube video,0.87,드라이브 송! 걸. Aspirin (아스피린) (12 String Guitar Ver.),
South Korea,KOR,KR,Melon Chart,1994,100일(日)째 만남,룰라,100일(日)째 만남₩룰라,100일째 만남₩룰라,R_W46xsGIsY,youtube music,0.78,100일째 만남,
South Korea,KOR,KR,Melon Chart,2004,그래도 남자니까,Mc 몽,그래도 남자니까₩mc 몽,Because I'm a man (Feat. Lee sang in)₩MC Mong,BamMS6O4__g,youtube music,0.11,Because I'm a man (Feat. Lee sang in),215.0
South Korea,KOR,KR,Melon Chart,1997,꿈의 대화,장혜진,꿈의 대화₩장혜진,꿈의 대화₩장혜진,MAARBWl9Ui4,youtube music,1.0,꿈의 대화,
South Korea,KOR,KR,Melon Chart,1984,안녕,김태화,안녕₩김태화,안녕₩김태화,8IRmcsVJMLA,youtube music,1.0,안녕,
South Korea,KOR,KR,Melon Chart,2005,사랑은 아프려고 하는 거죠,엠씨더맥스,사랑은 아프려고 하는 거죠₩엠씨더맥스,사랑은 아프려고 하는거죠₩엠씨더맥스,sDatp3s0PwM,youtube music,0.92,사랑은 아프려고 하는거죠,
South Korea,KOR,KR,Melon Chart,1967,안개,정훈희,안개₩정훈희,안개₩정훈희,F3o77Sretg0,youtube music,1.0,안개,
South Korea,KOR,KR,Melon Chart,1977,정,조용필,정₩조용필,정₩조용필,IDk5Zk-7MRM,youtube music,1.0,정,
South Korea,KOR,KR,Melon Chart,1984,왜 모르시나,김수철,왜 모르시나₩김수철,왜 모르시나₩김수철,ATPb3YP72lM,youtube music,1.0,왜 모르시나,
South Korea,KOR,KR,Melon Chart,2000,와,이정현,와₩이정현,와₩이정현,D7ZmuMke7_Q,youtube music,1.0,와,
South Korea,KOR,KR,Melon Chart,2003,잠시만 안녕 (Pop Ver.),엠씨더맥스,잠시만 안녕 (pop ver.)₩엠씨더맥스,M.C the MAX - 잠시만 안녕₩one's whole heart,3Xh6Fk6Q1jI,youtube video,0.2,M.C the MAX - 잠시만 안녕,409.0
South Korea,KOR,KR,Melon Chart,1990,채워지지 않는 빈자리,이상우,채워지지 않는 빈자리₩이상우,채워지지 않는 빈자리₩이상우,XYVvxLwNyvc,youtube music,1.0,채워지지 않는 빈자리,
South Korea,KOR,KR,Melon Chart,1977,한송이 꿈,이수만,한송이 꿈₩이수만,한 송이 꿈₩이수만,_A2dBNoDdXY,youtube music,0.82,한 송이 꿈,
South Korea,KOR,KR,Melon Chart,1973,작은새,어니언스 (이수영),작은새₩어니언스 (이수영),Little bird₩Onions,h40R77V4_0w,youtube music,0.0,Little bird,249.0
South Korea,KOR,KR,Melon Chart,1980,창밖의 여자,조용필,창밖의 여자₩조용필,창밖의 여자₩조용필,18sGsTaV9AE,youtube music,1.0,창밖의 여자,
South Korea,KOR,KR,Melon Chart,1996,사자후(獅子喉),이현도,사자후(獅子喉)₩이현도,the roaring of a lion₩Lee Hyun Do,ElOGP10eQcU,youtube music,0.0,the roaring of a lion,215.0
South Korea,KOR,KR,Melon Chart,1981,사랑이여!,유심초,사랑이여!₩유심초,사랑이여₩유심초,3fGQ6rBO7xM,youtube music,0.8,사랑이여,
South Korea,KOR,KR,Melon Chart,2003,아틀란티스 소녀 (Atlantis Princess),보아 (Boa),아틀란티스 소녀 (atlantis princess)₩보아 (boa),아틀란티스 소녀 Atlantis Princess₩보아 (BoA),rVF-F_bgIEc,youtube music,0.91,아틀란티스 소녀 Atlantis Princess,
South Korea,KOR,KR,Melon Chart,1970,늦기전에,김추자,늦기전에₩김추자,늦기전에₩김추자,YlkpLmobst0,youtube music,1.0,늦기전에,
South Korea,KOR,KR,Melon Chart,2009,생각이나,부활,생각이나₩부활,생각이나₩부활,WoXdoH2CpQs,youtube video,1.0,생각이나,
South Korea,KOR,KR,Melon Chart,1996,슬픔이 올때,신성우,슬픔이 올때₩신성우,슬픔이 올때 -신성우₩태주엔터,IHtuSpkRuc4,youtube video,0.67,슬픔이 올때 -신성우,251.0
South Korea,KOR,KR,Melon Chart,1998,난 그래,리아,난 그래₩리아,난 그래₩리아,pbqr9Iu8IZg,youtube music,1.0,난 그래,
South Korea,KOR,KR,Melon Chart,1974,인어이야기,허림,인어이야기₩허림,인어이야기₩허림,bdYKj5Yg9vk,youtube music,1.0,인어이야기,
South Korea,KOR,KR,Melon Chart,1966,미워하지 않으리,정원,미워하지 않으리₩정원,미워하지 않으리₩정원,KuebEHhAe6c,youtube music,1.0,미워하지 않으리,
South Korea,KOR,KR,Melon Chart,1996,천생연분,솔리드,천생연분₩솔리드,Heaven&apos;s match₩Solid,tx3i5q_LUfY,youtube music,0.0,Heaven&apos;s match,228.0
South Korea,KOR,KR,Melon Chart,1983,비와 찻잔 사이,배따라기,비와 찻잔 사이₩배따라기,비와 찻잔 사이₩배따라기,NosoD-0SKSI,youtube music,1.0,비와 찻잔 사이,
South Korea,KOR,KR,Melon Chart,1968,무작정 걷고싶어,정원,무작정 걷고싶어₩정원,무작정 걷고싶어₩정원,-bknX1Xp4LU,youtube music,1.0,무작정 걷고싶어,
South Korea,KOR,KR,Melon Chart,1973,흙에 살리라,홍세민,흙에 살리라₩홍세민,흙에 살리라₩홍세민,CaVYqXFeTDw,youtube music,1.0,흙에 살리라,
South Korea,KOR,KR,Melon Chart,2005,살다가,Sg 워너비,살다가₩sg 워너비,살다가₩SG워너비,OEx1wcYIpwM,youtube video,0.82,살다가,
South Korea,KOR,KR,Melon Chart,1992,타타타,김국환,타타타₩김국환,타타타₩김국환,7twUPe_uSTI,youtube music,1.0,타타타,
South Korea,KOR,KR,Melon Chart,2007,우리가 이별할 때 (Duet 백지영),소울스타,우리가 이별할 때 (duet 백지영)₩소울스타,소울스타(Soul Star) _ 우리가 이별할 때 (Time to Break up) (Duet Baek ji Young) MV₩1theK (원더케이),jOynBBjzXnc,youtube video,0.36,소울스타(Soul Star) _ 우리가 이별할 때 (Time to Break up) (Duet Baek ji Young) MV,261.0
South Korea,KOR,KR,Melon Chart,2005,기대,나윤권,기대₩나윤권,기대₩나윤권,CzATSIwnTsM,youtube music,1.0,기대,
South Korea,KOR,KR,Melon Chart,2008,후회는 없어 (Feat. 베이지),노블레스,후회는 없어 (feat. 베이지)₩노블레스,노블레스_후회는없어 (feat.베이지) [가사]₩너좋음,6FStFgLxwyA,youtube video,0.67,노블레스_후회는없어 (feat.베이지) [가사],261.0
South Korea,KOR,KR,Melon Chart,1988,당신은 나의 운명,석지훈,당신은 나의 운명₩석지훈,"석지훈 - '당신은 나의 운명' [가요톱10, 1988]₩Again 가요톱10 : KBS KPOP Classic",chGLvaldr_w,youtube video,0.27,"석지훈 - '당신은 나의 운명' [가요톱10, 1988]",200.0
South Korea,KOR,KR,Melon Chart,2000,천애 (For You......),이지훈,천애 (for you......)₩이지훈,천애 (천애)₩Lee Ji Hoon,JRSUHrfJ2rs,youtube music,0.21,천애 (천애),224.0
South Korea,KOR,KR,Melon Chart,1993,천년학 (대금 타이틀),Various Artists,천년학 (대금 타이틀)₩various artists,천년학₩Various Artists,KtmhnwHE9g8,youtube music,0.8,천년학,
South Korea,KOR,KR,Melon Chart,1994,날 사랑했다면,박학기,날 사랑했다면₩박학기,날 사랑했다면₩박학기,pDbCzQOahQM,youtube music,1.0,날 사랑했다면,
South Korea,KOR,KR,Melon Chart,1998,소원,김현성,소원₩김현성,소원₩김현성,hONvcy8ckYc,youtube music,1.0,소원,
South Korea,KOR,KR,Melon Chart,1989,바람에 옷깃이 날리듯,이상우,바람에 옷깃이 날리듯₩이상우,바람에 옷깃이 날리듯₩이상우,9xrAmiWX2Bo,youtube music,1.0,바람에 옷깃이 날리듯,
South Korea,KOR,KR,Melon Chart,2002,미련한 사랑,Jk 김동욱,미련한 사랑₩jk 김동욱,"JK 김동욱 - '미련한 사랑'   [윤도현의 러브레터, 2002] | JK Kim Dong Wook₩Again 가요톱10 : KBS KPOP Classic",l4FW0gSTNTw,youtube video,0.22,"JK 김동욱 - '미련한 사랑'   [윤도현의 러브레터, 2002] | JK Kim Dong Wook",278.0
South Korea,KOR,KR,Melon Chart,2001,A-Yo,지누션,a-yo₩지누션,A-Yo!₩지누션,dlpJ1xRbMlU,youtube music,0.8,A-Yo!,
South Korea,KOR,KR,Melon Chart,2008,죽도록 사랑해 (Feat. 박정현),Mc 몽,죽도록 사랑해 (feat. 박정현)₩mc 몽,MC몽 - 죽도록 사랑해 (feat. 박정현)₩Kang JH,a1q1y9xe98U,youtube video,0.73,MC몽 - 죽도록 사랑해 (feat. 박정현),325.0
South Korea,KOR,KR,Melon Chart,1980,행복한 사람,조동진,행복한 사람₩조동진,행복한 사람₩조동진,qrsTCC1Hf4Y,youtube music,1.0,행복한 사람,
South Korea,KOR,KR,Melon Chart,1968,코스모스 피어있는 길,김상희,코스모스 피어있는 길₩김상희,코스모스 피어있는 길₩김상희,7STMrU2V5lw,youtube music,1.0,코스모스 피어있는 길,
South Korea,KOR,KR,Melon Chart,2005,Girls On Top,보아 (Boa),girls on top₩보아 (boa),Girls On Top₩보아 (BoA),Ev7m870Xwng,youtube music,1.0,Girls On Top,
South Korea,KOR,KR,Melon Chart,1977,이웃사촌,옥희,이웃사촌₩옥희,이웃사촌₩옥희,5qdg4zyvvGY,youtube music,1.0,이웃사촌,
South Korea,KOR,KR,Melon Chart,2009,Insomnia (불면증),휘성 (Realslow),insomnia (불면증)₩휘성 (realslow),Insomnia (불면증)₩휘성 (Realslow),Uo1qDdntaP8,youtube music,1.0,Insomnia (불면증),
South Korea,KOR,KR,Melon Chart,2003,바보같은 내게,김범수,바보같은 내게₩김범수,김범수   바보같은내게 (가사 첨부)₩HANKOOK NORE,7iDOHMR-Bgo,youtube video,0.33,김범수   바보같은내게 (가사 첨부),316.0
South Korea,KOR,KR,Melon Chart,2002,반,이정현,반₩이정현,반₩이정현,Ead2JHcM0FY,youtube music,1.0,반,
South Korea,KOR,KR,Melon Chart,1984,못다핀 꽃 한 송이,김수철,못다핀 꽃 한 송이₩김수철,못다핀 꽃 한 송이  -  김수철₩보리심,1XVAkQuuspQ,youtube video,0.76,못다핀 꽃 한 송이  -  김수철,
South Korea,KOR,KR,Melon Chart,2009,Simple Love (Feat. 나비),Mc 몽,simple love (feat. 나비)₩mc 몽,{HQ} MC Mong - Simple Love (feat. Navi)₩tunsnowball,-sOwY-6R6aU,youtube video,0.58,{HQ} MC Mong - Simple Love (feat. Navi),209.0
South Korea,KOR,KR,Melon Chart,1999,영원으로,장혜진,영원으로₩장혜진,영원으로₩장혜진,D8Kv6IyZF3w,youtube music,1.0,영원으로,
South Korea,KOR,KR,Melon Chart,1995,어제와 다른 오늘,노이즈,어제와 다른 오늘₩노이즈,노이즈♣어제와 다른 오늘₩뿌뜨리,a8ZPtD2R0lQ,youtube video,0.79,노이즈♣어제와 다른 오늘,
South Korea,KOR,KR,Melon Chart,2000,그대 내게 묻는다면,유리상자,그대 내게 묻는다면₩유리상자,그대 내게 묻는다면₩유리상자,Q-B3pzEAy0w,youtube music,1.0,그대 내게 묻는다면,
South Korea,KOR,KR,Melon Chart,2005,그래도 살아가겠지,가비엔제이,그래도 살아가겠지₩가비엔제이,그래도 살아가겠지₩가비 엔제이,Ak0T8kCEhjM,youtube music,0.9,그래도 살아가겠지,
South Korea,KOR,KR,Melon Chart,2006,Get Ya`,이효리,get ya`₩이효리,Get Ya`₩이효리,qiaOraiUDL0,youtube music,1.0,Get Ya`,
South Korea,KOR,KR,Melon Chart,1986,소나기는 왜 내리나요,최헌,소나기는 왜 내리나요₩최헌,소나기는 왜 내리나요₩최헌,I5llXyRPtaA,youtube music,1.0,소나기는 왜 내리나요,
South Korea,KOR,KR,Melon Chart,2000,성인식,박지윤,성인식₩박지윤,성인식₩박지윤,KJcLkDgaC0A,youtube music,1.0,성인식,
South Korea,KOR,KR,Melon Chart,1995,오랜 이별뒤에,신승훈,오랜 이별뒤에₩신승훈,오랜 이별뒤에₩신승훈,AeoXacl2Q44,youtube music,1.0,오랜 이별뒤에,
South Korea,KOR,KR,Melon Chart,2008,Kissing You,소녀시대,kissing you₩소녀시대,Kissing You₩소녀시대,RZwxxqmhA7c,youtube music,1.0,Kissing You,
South Korea,KOR,KR,Melon Chart,1987,가버린 당신,최진희,가버린 당신₩최진희,가버린 당신₩최진희,V0JVksZplVI,youtube music,1.0,가버린 당신,
South Korea,KOR,KR,Melon Chart,1986,내마음의 보석상자,해바라기,내마음의 보석상자₩해바라기,내마음의 보석상자₩해바라기,Rq5HX5MoxJ4,youtube video,1.0,내마음의 보석상자,
South Korea,KOR,KR,Melon Chart,1993,애모,김수희,애모₩김수희,애모₩김수희,WR0_wGXG_wQ,youtube music,1.0,애모,
South Korea,KOR,KR,Melon Chart,2009,줄리엣 (Juliette),샤이니 (Shinee),줄리엣 (juliette)₩샤이니 (shinee),줄리엣 (Juliette)₩SHINee,XwkP3qfwqs8,youtube video,0.83,줄리엣 (Juliette),
South Korea,KOR,KR,Melon Chart,1997,해변의 여인,쿨 (Cool),해변의 여인₩쿨 (cool),해변의 여인₩쿨 (Cool),cq5SsjeoWXA,youtube music,1.0,해변의 여인,
South Korea,KOR,KR,Melon Chart,1986,괜찮아,이선희,괜찮아₩이선희,괜찮아₩이선희,WGuxYn_xvyc,youtube music,1.0,괜찮아,
South Korea,KOR,KR,Melon Chart,1986,사랑을 잃어버린 나,이광조,사랑을 잃어버린 나₩이광조,사랑을 잃어버린 나₩이광조,sLWUPqVmcbI,youtube music,1.0,사랑을 잃어버린 나,
South Korea,KOR,KR,Melon Chart,2007,볼때기 사랑,엠씨더맥스,볼때기 사랑₩엠씨더맥스,볼때기 사랑₩엠씨더맥스,VBWJ6fHMSJk,youtube music,1.0,볼때기 사랑,
South Korea,KOR,KR,Melon Chart,2002,Perfect Man,신화,perfect man₩신화,Perfect Man₩신화,R13BjxXTWDE,youtube music,1.0,Perfect Man,
South Korea,KOR,KR,Melon Chart,1995,친구를 위해,더 블루,친구를 위해₩더 블루,For my friend₩The Blue,DV39T8V6Yok,youtube music,0.0,For my friend,297.0
South Korea,KOR,KR,Melon Chart,2006,다소,메이비 (Maybee),다소₩메이비 (maybee),못난이₩메이비 (Maybee),XGcVkIZa5I0,youtube music,0.83,못난이,
South Korea,KOR,KR,Melon Chart,1999,사랑보다 깊은 상처,임재범,사랑보다 깊은 상처₩임재범,사랑보다 깊은 상처₩임재범,7vGihYU9tmY,youtube music,1.0,사랑보다 깊은 상처,
South Korea,KOR,KR,Melon Chart,1972,산까치야,최안순,산까치야₩최안순,산까치야₩최안순,34LgJCnw7vs,youtube music,1.0,산까치야,
South Korea,KOR,KR,Melon Chart,1994,넌 언제나,모노,넌 언제나₩모노,넌 언제나₩모노,lpdMDaboTfs,youtube music,1.0,넌 언제나,
South Korea,KOR,KR,Melon Chart,2001,꿈을 모아서 (Just In Love),S.e.s.,꿈을 모아서 (just in love)₩s.e.s.,꿈을 모아서 Just In Love₩S.E.S.,3LUmDZz2m04,youtube music,0.88,꿈을 모아서 Just In Love,
South Korea,KOR,KR,Melon Chart,1971,고향의 강,남상규,고향의 강₩남상규,고향의 강₩남상규,56qP5NyEMgA,youtube music,1.0,고향의 강,
South Korea,KOR,KR,Melon Chart,1984,젊은 미소,건아들,젊은 미소₩건아들,젊은 미소₩건아들,-KwTfjw6Uk0,youtube music,1.0,젊은 미소,
South Korea,KOR,KR,Melon Chart,1998,Poison,엄정화,poison₩엄정화,Poison₩엄정화,yMZe3nYA6dY,youtube music,1.0,Poison,
South Korea,KOR,KR,Melon Chart,1976,시골길,임성훈,시골길₩임성훈,시골길 - 임성훈 / (1975) (가사) ..₩루트리스,6TxIoEOfSmI,youtube video,0.33,시골길 - 임성훈 / (1975) (가사) ..,218.0
South Korea,KOR,KR,Melon Chart,2002,If I Leave (나 가거든),조수미,if i leave (나 가거든)₩조수미,IfILeave₩조수미,Kb3TaZoDjNc,youtube music,0.56,IfILeave,329.0
South Korea,KOR,KR,Melon Chart,1967,갑돌이와 갑순이,김세레나,갑돌이와 갑순이₩김세레나,갑돌이와 갑순이₩김세레나,6Sh_9c8NwQ8,youtube music,1.0,갑돌이와 갑순이,
South Korea,KOR,KR,Melon Chart,2003,하늘을 달리다,이적,하늘을 달리다₩이적,하늘을 달리다₩이적,Z4itGGZTrtQ,youtube music,1.0,하늘을 달리다,
South Korea,KOR,KR,Melon Chart,1981,옛사랑의 돌담길,혜은이,옛사랑의 돌담길₩혜은이,옛사랑의 돌담길₩혜은이,0oh0ebWpBMg,youtube music,1.0,옛사랑의 돌담길,
South Korea,KOR,KR,Melon Chart,1988,어젯밤 이야기,소방차,어젯밤 이야기₩소방차,어젯밤 이야기₩소방차,MuiwjDqh5ZY,youtube music,1.0,어젯밤 이야기,
South Korea,KOR,KR,Melon Chart,2009,Sign,브라운아이드걸스,sign₩브라운아이드걸스,Sign₩브라운아이드걸스,1qdfkK3rWHQ,youtube music,1.0,Sign,
South Korea,KOR,KR,Melon Chart,1999,연애,김현철,연애₩김현철,연애₩김현철,Jt5Hyq7mwM8,youtube music,1.0,연애,
South Korea,KOR,KR,Melon Chart,1964,눈물의 연평도,최숙자,눈물의 연평도₩최숙자,눈물의 연평도₩최숙자,Swv1CyFhuUg,youtube music,1.0,눈물의 연평도,
South Korea,KOR,KR,Melon Chart,1966,허무한 마음,정원,허무한 마음₩정원,허무한 마음₩정원,W6bIILH_Tmg,youtube music,1.0,허무한 마음,
South Korea,KOR,KR,Melon Chart,2006,헤어져야 사랑을 알죠,리사,헤어져야 사랑을 알죠₩리사,리사 - 헤어져야 사랑을 알죠₩박창,5lPptRL_-A4,youtube video,0.77,리사 - 헤어져야 사랑을 알죠,
South Korea,KOR,KR,Melon Chart,1980,미운정 고운정,나미,미운정 고운정₩나미,미운정 고운정₩나미,cn88ymUHt3g,youtube music,1.0,미운정 고운정,
South Korea,KOR,KR,Melon Chart,2006,한숨만,바이브,한숨만₩바이브,한숨만₩VIBE,a0pYHGqFFuU,youtube music,0.46,한숨만,263.0
South Korea,KOR,KR,Melon Chart,1974,저 별과 달을,어니언스,저 별과 달을₩어니언스,저 별과 달을₩어니언스,ZDFU3fcChjY,youtube music,1.0,저 별과 달을,
South Korea,KOR,KR,Melon Chart,1971,애모의 노래,한상일,애모의 노래₩한상일,애모의 노래 한상일₩초록호수,6__0j_AN8lk,youtube video,0.78,애모의 노래 한상일,
South Korea,KOR,KR,Melon Chart,1973,목이 메어,윤항기,목이 메어₩윤항기,목이 메어₩윤항기,UUL65_jcZEY,youtube music,1.0,목이 메어,
South Korea,KOR,KR,Melon Chart,1966,날씬한 아가씨끼리,이금희,날씬한 아가씨끼리₩이금희,날씬한 아가씨끼리₩이금희,ihWKHimzoAQ,youtube music,1.0,날씬한 아가씨끼리,
South Korea,KOR,KR,Melon Chart,1979,이 거리를 생각하세요,장은아,이 거리를 생각하세요₩장은아,이 거리를 생각하세요₩장은아,x1khOEYr9jc,youtube music,1.0,이 거리를 생각하세요,
South Korea,KOR,KR,Melon Chart,1998,내게 다시,더더 (Thethe),내게 다시₩더더 (thethe),더더 (THETHE)-내게 다시₩약빠는 dj,SuwKNCbCraY,youtube video,0.77,더더 (THETHE)-내게 다시,
South Korea,KOR,KR,Melon Chart,1988,가는곳 어디이길래,전원석,가는곳 어디이길래₩전원석,가는 곳 어디이길래₩전원석,y1Mqloxb-ys,youtube music,0.88,가는 곳 어디이길래,
South Korea,KOR,KR,Melon Chart,1986,사랑해요,"고은희, 이정란","사랑해요₩고은희, 이정란",사랑해요 고은희 이정란₩아름다운음악여행,_CDPC3gf1rA,youtube video,0.62,사랑해요 고은희 이정란,244.0
South Korea,KOR,KR,Melon Chart,1986,물레야,김지애,물레야₩김지애,물레야₩김지애,AyMEYzmQ9ZM,youtube music,1.0,물레야,
South Korea,KOR,KR,Melon Chart,1990,겨울 애상,이선희,겨울 애상₩이선희,겨울애상₩이선희,vJt5UAhE9Ko,youtube music,0.8,겨울애상,
South Korea,KOR,KR,Melon Chart,1988,너를 생각하면,이주엽,너를 생각하면₩이주엽,너를 생각하면₩이주엽,QgPO07IP5uQ,youtube music,1.0,너를 생각하면,
South Korea,KOR,KR,Melon Chart,2002,비의 랩소디,최재훈,비의 랩소디₩최재훈,비의 랩소디₩최재훈,tqtZ_iZrBxQ,youtube music,1.0,비의 랩소디,
South Korea,KOR,KR,Melon Chart,1987,소녀,이문세,소녀₩이문세,소녀₩이문세,ti9pcUDykBg,youtube music,1.0,소녀,
South Korea,KOR,KR,Melon Chart,1975,영상,논두렁 밭두렁,영상₩논두렁 밭두렁,영상₩논두렁 밭두렁,ViMuBhDM6h8,youtube music,1.0,영상,
South Korea,KOR,KR,Melon Chart,2004,Monologue,버즈,monologue₩버즈,Monologue₩버즈,yQ7X3mUl_F0,youtube music,1.0,Monologue,
South Korea,KOR,KR,Melon Chart,2008,Oh My Friend (Feat. 노브레인),Bigbang,oh my friend (feat. 노브레인)₩bigbang,BIGBANG - Oh My Friend (Feat. 노브레인) (4뱅)₩임도현,ZEFbbLS5T80,youtube video,0.83,BIGBANG - Oh My Friend (Feat. 노브레인) (4뱅),
South Korea,KOR,KR,Melon Chart,2005,그리움을 사랑한 가시나무,테이,그리움을 사랑한 가시나무₩테이,그리움을 사랑한 가시나무₩테이 (Tei),5oU-SkWXa4A,youtube music,0.83,그리움을 사랑한 가시나무,
South Korea,KOR,KR,Melon Chart,2004,기억상실,거미,기억상실₩거미,기억상실₩거미,em0lGANmAUU,youtube music,1.0,기억상실,
South Korea,KOR,KR,Melon Chart,1968,단벌신사,김상희,단벌신사₩김상희,단벌신사₩김상희,5SwCYSh98xw,youtube music,1.0,단벌신사,
South Korea,KOR,KR,Melon Chart,2004,180˚,Mc 몽,180˚₩mc 몽,MC 몽 - 180˚₩Stone Music Entertainment,pSE8Edq5uBk,youtube video,0.36,MC 몽 - 180˚,238.0
South Korea,KOR,KR,Melon Chart,2005,Bye Bye Bye,먼데이 키즈,bye bye bye₩먼데이 키즈,Bye Bye Bye₩먼데이 키즈,yxtAeJsYvJw,youtube music,1.0,Bye Bye Bye,
South Korea,KOR,KR,Melon Chart,1993,장미의 눈물,최성수,장미의 눈물₩최성수,장미의눈물₩최성수,fAoHsxgBkp8,youtube music,0.82,장미의눈물,
South Korea,KOR,KR,Melon Chart,1999,A`Ddio,양파,a`ddio₩양파,addio₩양파,EtN3O68FrXM,youtube music,0.8,addio,
South Korea,KOR,KR,Melon Chart,1983,한줄기 빛,송골매,한줄기 빛₩송골매,NEW One Gleam of Light₩Songolmae,9ggVqgHLlt4,youtube music,0.0,NEW One Gleam of Light,169.0
South Korea,KOR,KR,Melon Chart,1997,사랑해 (Hiphop Ver.) (Contain Sample Of),이현도,사랑해 (hiphop ver.) (contain sample of)₩이현도,I Love You (D.O Original Mix)₩Lee Hyun Do,BVez9B6xXGw,youtube music,0.2,I Love You (D.O Original Mix),226.0
South Korea,KOR,KR,Melon Chart,2005,빙고,Kyt (코요태),빙고₩kyt (코요태),빙고₩KYT,HjJDw5pERN4,youtube music,0.62,빙고,225.0
South Korea,KOR,KR,Melon Chart,1989,사랑의 대화,이정석,사랑의 대화₩이정석,사랑의 대화 / 이정석 조갑경₩초록호수,vH91T9vcsNc,youtube video,0.62,사랑의 대화 / 이정석 조갑경,301.0
South Korea,KOR,KR,Melon Chart,2009,연애소설,가비엔제이,연애소설₩가비엔제이,연애소설₩가비엔제이,mgWJY2W9sHE,youtube music,1.0,연애소설,
South Korea,KOR,KR,Melon Chart,1987,시나브로,오복,시나브로₩오복,시나브로₩오복,r5fdp3jstYU,youtube music,1.0,시나브로,
South Korea,KOR,KR,Melon Chart,1981,나에게도 사랑이,함중아,나에게도 사랑이₩함중아,나에게도 사랑이₩함중아,zN7SDS8o1ic,youtube music,1.0,나에게도 사랑이,
South Korea,KOR,KR,Melon Chart,1986,북한강에서,"정태춘, 박은옥","북한강에서₩정태춘, 박은옥",북한강에서₩정태춘,k0wPGWafiiA,youtube video,0.76,북한강에서,
South Korea,KOR,KR,Melon Chart,2002,미워도 다시 한번 (Original Ver.),바이브,미워도 다시 한번 (original ver.)₩바이브,미워도 다시 한번 (Original Ver.)₩바이브(VIBE),FMFBL8HtIFs,youtube music,0.9,미워도 다시 한번 (Original Ver.),
South Korea,KOR,KR,Melon Chart,1978,다락방,논두렁 밭두렁,다락방₩논두렁 밭두렁,다락방₩논두렁 밭두렁,YoiL3eQAd_Q,youtube music,1.0,다락방,
South Korea,KOR,KR,Melon Chart,2005,I Love U Oh Thank U (Feat. 김태우 Of God),Mc 몽,i love u oh thank u (feat. 김태우 of god)₩mc 몽,I Love U Oh Thank U (feat. 김태우)₩MC 몽,KUi3kGl5Jbg,youtube music,0.88,I Love U Oh Thank U (feat. 김태우),
South Korea,KOR,KR,Melon Chart,1986,세계로 가는 기차,들국화,세계로 가는 기차₩들국화,세계로 가는 기차₩들국화,FCcCZpnEK2g,youtube music,1.0,세계로 가는 기차,
South Korea,KOR,KR,Melon Chart,2006,거리에서,성시경,거리에서₩성시경,거리에서₩성시경,wcuWIz6CI1U,youtube music,1.0,거리에서,
South Korea,KOR,KR,Melon Chart,2006,들리나요,정재욱,들리나요₩정재욱,들리나요₩정재욱,1zDvuw3XAo0,youtube music,1.0,들리나요,
South Korea,KOR,KR,Melon Chart,1988,잊으라는,박춘삼,잊으라는₩박춘삼,잊으라는₩박춘삼,ja4LiL0XcO8,youtube music,1.0,잊으라는,
South Korea,KOR,KR,Melon Chart,1988,슬퍼지는 내 모습,양홍섭,슬퍼지는 내 모습₩양홍섭,슬퍼지는 내 모습₩양홍섭,vHL0aW3jetk,youtube music,1.0,슬퍼지는 내 모습,
South Korea,KOR,KR,Melon Chart,1976,모래 탑,김훈,모래 탑₩김훈,모래탑₩김훈,XTMZZuor6bM,youtube music,0.73,모래탑,190.0
South Korea,KOR,KR,Melon Chart,1978,고귀한 선물,장은아,고귀한 선물₩장은아,고귀한 선물₩장은아,8gkX_NMG8ZA,youtube music,1.0,고귀한 선물,
South Korea,KOR,KR,Melon Chart,1988,이밤을 다시 한 번,조하문,이밤을 다시 한 번₩조하문,이 밤을 다시 한번₩조하문,f7duH4NWHgA,youtube music,0.77,이 밤을 다시 한번,
South Korea,KOR,KR,Melon Chart,1992,내마음 알겠니,강수지,내마음 알겠니₩강수지,내마음 알겠니₩강수지,iMVVqyTSTuU,youtube music,1.0,내마음 알겠니,
South Korea,KOR,KR,Melon Chart,1995,이 밤의 끝을 잡고,솔리드,이 밤의 끝을 잡고₩솔리드,Holding On to the End of Tonight (R&B Ballad)₩Solid,tBlfHc0MbXg,youtube music,0.0,Holding On to the End of Tonight (R&B Ballad),302.0
South Korea,KOR,KR,Melon Chart,1997,영산강,안치환,영산강₩안치환,영산강₩안치환,VT2-ZtcxrbQ,youtube music,1.0,영산강,
South Korea,KOR,KR,Melon Chart,2004,너를 원해,H,너를 원해₩h,너를 원해₩트랜스픽션,54j7wQROLc8,youtube music,0.62,너를 원해,190.0
South Korea,KOR,KR,Melon Chart,1994,마지막 승부,김민교,마지막 승부₩김민교,마지막 승부₩김민교,EvPZuva8018,youtube music,1.0,마지막 승부,
South Korea,KOR,KR,Melon Chart,1986,이상의 날개,이미키,이상의 날개₩이미키,이미키 - 이상의 날개₩Sun태양,u3RrctPJPg0,youtube video,0.69,이미키 - 이상의 날개,198.0
South Korea,KOR,KR,Melon Chart,1984,카사블랑카,최헌,카사블랑카₩최헌,카사블랑카     최헌₩류진,h6dxZX0tKBc,youtube video,0.67,카사블랑카     최헌,248.0
South Korea,KOR,KR,Melon Chart,1987,고독한 Dj,이재성,고독한 dj₩이재성,고독한 Dj₩이재성,Q2tK1jTHaGE,youtube music,1.0,고독한 Dj,
South Korea,KOR,KR,Melon Chart,1973,달과 함께 별과 함께,김부자,달과 함께 별과 함께₩김부자,달과 함께 별과 함께₩김부자,ALLjLmDRb64,youtube music,1.0,달과 함께 별과 함께,
South Korea,KOR,KR,Melon Chart,2002,착각의 늪,박경림,착각의 늪₩박경림,착각의 늪 -- 박경림₩southkoreanfolksongs,fzhcE6BGCD0,youtube video,0.4,착각의 늪 -- 박경림,202.0
South Korea,KOR,KR,Melon Chart,2006,미친 사랑의 노래,씨야,미친 사랑의 노래₩씨야,미친 사랑의 노래₩씨야,b_0EHBjqkKk,youtube music,1.0,미친 사랑의 노래,
South Korea,KOR,KR,Melon Chart,1982,잡초,나훈아,잡초₩나훈아,잡초₩나훈아,4AnO2YpqeRw,youtube music,1.0,잡초,
South Korea,KOR,KR,Melon Chart,1985,J 그대는,오복,j 그대는₩오복,J 그대는₩오복,CMf5OlNDDFo,youtube music,1.0,J 그대는,
South Korea,KOR,KR,Melon Chart,2003,낙원 (Feat. 이재훈),싸이 (Psy),낙원 (feat. 이재훈)₩싸이 (psy),싸이 (PSY) - 낙원 (Feat. 이재훈)₩호구리,MnxFLbNB0yg,youtube video,0.84,싸이 (PSY) - 낙원 (Feat. 이재훈),
South Korea,KOR,KR,Melon Chart,1979,시인의 마을,정태춘,시인의 마을₩정태춘,시인의 마을₩정태춘,L364vSFgjS4,youtube music,1.0,시인의 마을,
South Korea,KOR,KR,Melon Chart,1975,나그네 (불망곡) (Narr. 이윤선),김정호,나그네 (불망곡) (narr. 이윤선)₩김정호,Wanderer₩Kim Jungho,AXmmxEbUh04,youtube music,0.0,Wanderer,237.0
South Korea,KOR,KR,Melon Chart,1985,당신은 누구세요,김수희,당신은 누구세요₩김수희,당신은 누구세요₩김수희,kR5Snxb606U,youtube music,1.0,당신은 누구세요,
South Korea,KOR,KR,Melon Chart,1982,노래하며 춤추며,계은숙,노래하며 춤추며₩계은숙,노래하며 춤추며₩계은숙,CnrpJxLNZgY,youtube music,1.0,노래하며 춤추며,
South Korea,KOR,KR,Melon Chart,1986,그러나 당신 미워요,유만종,그러나 당신 미워요₩유만종,유만종 그러나 당신 미워요₩위성우,vidNUlS8jN4,youtube video,0.8,유만종 그러나 당신 미워요,
South Korea,KOR,KR,Melon Chart,1997,도시 탈출,클론,도시 탈출₩클론,"Clon - City escape, 클론 - 도시탈출, MBC Top Music 19970802₩MBCkpop",sPu3cGOk9Vg,youtube video,0.12,"Clon - City escape, 클론 - 도시탈출, MBC Top Music 19970802",192.0
South Korea,KOR,KR,Melon Chart,1989,사랑은 창밖에 빗물같아요,양수경,사랑은 창밖에 빗물같아요₩양수경,사랑은 창밖에 빗물같아요₩양수경,pEpfLcDwHFI,youtube music,1.0,사랑은 창밖에 빗물같아요,
South Korea,KOR,KR,Melon Chart,1989,너에게로 또 다시,변진섭,너에게로 또 다시₩변진섭,너에게로 또 다시₩변진섭,Wf8gqhA30-A,youtube music,1.0,너에게로 또 다시,
South Korea,KOR,KR,Melon Chart,1989,쓸쓸한 사람,한돌,쓸쓸한 사람₩한돌,쓸쓸한 사람₩신형원,ZLtYo32JgNk,youtube music,0.71,쓸쓸한 사람,213.0
South Korea,KOR,KR,Melon Chart,2004,Cry,원타임,cry₩원타임,Cry (울고싶어라)₩1TYM,ehJQQp_B_-A,youtube music,0.29,Cry (울고싶어라),242.0
South Korea,KOR,KR,Melon Chart,1987,개똥벌레,신형원,개똥벌레₩신형원,개똥벌레₩신형원,RA7yGHI60RU,youtube music,1.0,개똥벌레,
South Korea,KOR,KR,Melon Chart,1974,피리부는 사나이,송창식,피리부는 사나이₩송창식,피리부는 사나이₩송창식,Fzg51kdSDcU,youtube music,1.0,피리부는 사나이,
South Korea,KOR,KR,Melon Chart,2001,약속,플라이 투 더 스카이,약속₩플라이 투 더 스카이,약속 The Promise₩Fly to the Sky,5thCX44k93E,youtube music,0.098,약속 The Promise,246.0
South Korea,KOR,KR,Melon Chart,2009,이젠 남이야 (Feat. Baby-J Of Jewelry),김경록 (V.o.s),이젠 남이야 (feat. baby-j of jewelry)₩김경록 (v.o.s),김경록 - We Are Strangers Now (이젠 남이야) (Feat. Baby-J Of Jewelry) 가사₩정선우,U9WBytYiJTY,youtube video,0.64,김경록 - We Are Strangers Now (이젠 남이야) (Feat. Baby-J Of Jewelry) 가사,250.0
South Korea,KOR,KR,Melon Chart,1996,준비 없는 이별,녹색지대,준비 없는 이별₩녹색지대,준비 없는 이별₩녹색지대,J3vgRI1rKhw,youtube music,1.0,준비 없는 이별,
South Korea,KOR,KR,Melon Chart,2003,"Fly High (Feat. 정인, 하림(河琳))",리쌍,"fly high (feat. 정인, 하림(河琳))₩리쌍","리쌍 - Fly High (Feat. 정인, 하림)₩ckrgksdkrak",m1h054JjZsY,youtube video,0.68,"리쌍 - Fly High (Feat. 정인, 하림)",248.0
South Korea,KOR,KR,Melon Chart,2006,여인의 향기,씨야,여인의 향기₩씨야,여인의 향기₩SeeYa(씨야),YKW0KSHTF1k,youtube music,0.61,여인의 향기,227.0
South Korea,KOR,KR,Melon Chart,1992,말도 안돼,한영애,말도 안돼₩한영애,Nonsense₩Younha,vc7sbQeLE78,youtube music,0.0,Nonsense,199.0
South Korea,KOR,KR,Melon Chart,2000,영원,스카이,영원₩스카이,영원₩최진영,Sy9-x4jhQ2k,youtube music,0.4,영원,274.0
South Korea,KOR,KR,Melon Chart,2003,잊을께,Yb,잊을께₩yb,잊을께₩YB,HwNxxRBobFE,youtube music,1.0,잊을께,
South Korea,KOR,KR,Melon Chart,1998,내게 너무 이쁜 그녀,아낌없이 주는 나무,내게 너무 이쁜 그녀₩아낌없이 주는 나무,내게 너무 이쁜 그녀₩아낌없이 주는 나무,Bh0Y3QeY5Zo,youtube music,1.0,내게 너무 이쁜 그녀,
South Korea,KOR,KR,Melon Chart,2007,결혼할까요,씨야,결혼할까요₩씨야,결혼할까요₩씨야,0ROaJ2Rp9UU,youtube music,1.0,결혼할까요,
South Korea,KOR,KR,Melon Chart,2009,라차타 (La Cha Ta),F(X),라차타 (la cha ta)₩f(x),라차타 LA chA TA₩f(x),GAtuLM9gBL0,youtube music,0.83,라차타 LA chA TA,
South Korea,KOR,KR,Melon Chart,1987,떠나지마,전원석,떠나지마₩전원석,떠나지마₩전원석,B8_Nhg3vD60,youtube music,1.0,떠나지마,
South Korea,KOR,KR,Melon Chart,1999,기도 (Good),룰라,기도 (good)₩룰라,Prayer (Good)₩Roo'Ra,DMVpsslxfz0,youtube music,0.47,Prayer (Good),246.0
South Korea,KOR,KR,Melon Chart,2009,In The Club,2ne1,in the club₩2ne1,In the Club₩2NE1,N6mYM6bcotk,youtube music,1.0,In the Club,
South Korea,KOR,KR,Melon Chart,1987,세월 가면,이광조,세월 가면₩이광조,세월가면₩이광조,WM1_qxlYM-Q,youtube music,0.8,세월가면,
South Korea,KOR,KR,Melon Chart,1982,상아의 노래,송창식,상아의 노래₩송창식,상아의 노래₩송창식,VFceaYhJ8mg,youtube music,1.0,상아의 노래,
South Korea,KOR,KR,Melon Chart,2001,기다리는 이유,임창정,기다리는 이유₩임창정,기다리는 이유₩임창정,X1fW66Xuc3U,youtube video,1.0,기다리는 이유,
South Korea,KOR,KR,Melon Chart,2002,Loving You,김현철,loving you₩김현철,Loving You₩김현철,kcS3ZUdqM3A,youtube music,1.0,Loving You,
South Korea,KOR,KR,Melon Chart,1999,Missing You,이현우,missing you₩이현우,Missing You₩이현우,GfL3YhUoQPs,youtube music,1.0,Missing You,
South Korea,KOR,KR,Melon Chart,2006,좋아 좋아,서영은,좋아 좋아₩서영은,좋아 좋아₩서영은,FP9YPSkrsb4,youtube music,1.0,좋아 좋아,
South Korea,KOR,KR,Melon Chart,2004,다 괜찮아요,리사,다 괜찮아요₩리사,다 괜찮아요₩김다미,3w_SjI35lS8,youtube music,0.71,다 괜찮아요,251.0
South Korea,KOR,KR,Melon Chart,1986,그대 우나봐,전영록,그대 우나봐₩전영록,그대 우나봐₩전영록,4ag6aGqBhcw,youtube music,1.0,그대 우나봐,
South Korea,KOR,KR,Melon Chart,1993,혼자만의 사랑,김건모,혼자만의 사랑₩김건모,혼자만의 사랑₩김태영,zaNRHW6ldgE,youtube music,0.8,혼자만의 사랑,
South Korea,KOR,KR,Melon Chart,1977,아니야,조경수,아니야₩조경수,아니야₩조경수,rbW6uRp2y-4,youtube music,1.0,아니야,
South Korea,KOR,KR,Melon Chart,1990,착각,11월,착각₩11월,착각₩11월,V86zp1BOY3I,youtube music,1.0,착각,
South Korea,KOR,KR,Melon Chart,2004,Sweety,클래지콰이,sweety₩클래지콰이,Sweety₩클래지콰이,PSpaTBsGlXw,youtube video,1.0,Sweety,
South Korea,KOR,KR,Melon Chart,2003,난(亂),옥주현,난(亂)₩옥주현,난₩Oak Joo Hyun,z1-VcGytJHs,youtube video,0.0,난,313.0
South Korea,KOR,KR,Melon Chart,1995,왕자와 병사들,모자이크,왕자와 병사들₩모자이크,왕자와 병사들₩모자이크 (MOSAIC),TAbriEL0eJ8,youtube music,0.71,왕자와 병사들,300.0
South Korea,KOR,KR,Melon Chart,2006,사랑했어요 (Feat. 데니안),Sg 워너비,사랑했어요 (feat. 데니안)₩sg 워너비,SG워너비♧사랑했어요 (Feat. 데니안)₩뿌뜨리,oFfbKWgC8uQ,youtube video,0.82,SG워너비♧사랑했어요 (Feat. 데니안),
South Korea,KOR,KR,Melon Chart,1993,그녀의 아침,코나,그녀의 아침₩코나,그녀의 아침₩코나,tMLGVlTW_qY,youtube music,1.0,그녀의 아침,
South Korea,KOR,KR,Melon Chart,1988,집시여인,이치현과 벗님들,집시여인₩이치현과 벗님들,집시여인 - 이치현과 벗님들₩불사조,XPC7gCdnLqI,youtube video,0.8,집시여인 - 이치현과 벗님들,
South Korea,KOR,KR,Melon Chart,1989,그대 내 맘에 들어오면은,조덕배,그대 내 맘에 들어오면은₩조덕배,그대 내 맘에 들어오면은₩조덕배,21xxn-trlis,youtube music,1.0,그대 내 맘에 들어오면은,
South Korea,KOR,KR,Melon Chart,1998,귀머거리 하늘,R.ef,귀머거리 하늘₩r.ef,귀머거리 하늘₩R.ef,XK_OSvd_81A,youtube video,1.0,귀머거리 하늘,
South Korea,KOR,KR,Melon Chart,1980,나는 행복합니다,윤항기,나는 행복합니다₩윤항기,나는 행복합니다₩윤항기,LI49BHTPcKg,youtube music,1.0,나는 행복합니다,
South Korea,KOR,KR,Melon Chart,1993,옛 친구에게,여행스케치,옛 친구에게₩여행스케치,옛 친구에게₩여행스케치,0_TVGoWzk5o,youtube music,1.0,옛 친구에게,
South Korea,KOR,KR,Melon Chart,1996,마지막 너를 보내며 (Woman),페이지,마지막 너를 보내며 (woman)₩페이지,마지막 너를 보내며(Woman)₩페이지(Page),552pGY2Vhk8,youtube music,0.81,마지막 너를 보내며(Woman),
South Korea,KOR,KR,Melon Chart,1996,I Miss You,서지원,i miss you₩서지원,I Miss You₩유현,3bBjwuL_W5U,youtube music,0.8,I Miss You,
South Korea,KOR,KR,Melon Chart,2001,가장 슬픈 말,제이,가장 슬픈 말₩제이,[MV] 제이(J.ae) 3집 Beautiful Ones - 가장 슬픈 말₩RIAK Official,U3x_DrQWcTw,youtube video,0.29,[MV] 제이(J.ae) 3집 Beautiful Ones - 가장 슬픈 말,234.0
South Korea,KOR,KR,Melon Chart,2008,너 올 때까지,Ftisland,너 올 때까지₩ftisland,Until You Come Back₩FTISLAND,qbngDLKW_v8,youtube music,0.38,Until You Come Back,227.0
South Korea,KOR,KR,Melon Chart,1988,물안개,석미경,물안개₩석미경,물안개₩석미경,_NV6ZNGmzEM,youtube music,1.0,물안개,
South Korea,KOR,KR,Melon Chart,2009,Let`S Dance,퓨처라이거,let`s dance₩퓨처라이거,"01 Let's dance 퓨처라이거유재석,Tiger JK,윤미래₩peplanet",alRPgi-Z5ZE,youtube video,0.47,"01 Let's dance 퓨처라이거유재석,Tiger JK,윤미래",204.0
South Korea,KOR,KR,Melon Chart,1993,그래도 이제는,김종서,그래도 이제는₩김종서,그래도 이제는₩김종서,o84sWuTmMV4,youtube music,1.0,그래도 이제는,
South Korea,KOR,KR,Melon Chart,1990,정신차려,김수철,정신차려₩김수철,정신차려₩김수철,gGbMerYg4Yg,youtube music,1.0,정신차려,
South Korea,KOR,KR,Melon Chart,2001,처음처럼,성시경,처음처럼₩성시경,처음처럼₩성시경,T56raGqTTBU,youtube music,1.0,처음처럼,
South Korea,KOR,KR,Melon Chart,1964,저녁 한때 목장풍경,위키리,저녁 한때 목장풍경₩위키리,저녁 한때 목장풍경₩위키리,tjqboa47Q9E,youtube music,1.0,저녁 한때 목장풍경,
South Korea,KOR,KR,Melon Chart,2006,Perhaps Love (사랑인가요),"하울, 제이","perhaps love (사랑인가요)₩하울, 제이",[MV] Perhaps Love [사랑인가요] HD - HowL & J Goong 궁 / Princess Hours OST [ENG + ROM + KOR]₩beatrice m.,cjaW3edHhHA,youtube video,0.18,[MV] Perhaps Love [사랑인가요] HD - HowL & J Goong 궁 / Princess Hours OST [ENG + ROM + KOR],277.0
South Korea,KOR,KR,Melon Chart,1997,재회(再會),K2 김성면,재회(再會)₩k2 김성면,Reunion (再會)₩K2,ETs9y5RPyq4,youtube music,0.46,Reunion (再會),321.0
South Korea,KOR,KR,Melon Chart,2002,눈물,샵,눈물₩샵,Tears₩S#arp,6hj9kHRbvvI,youtube music,0.0,Tears,314.0
South Korea,KOR,KR,Melon Chart,1997,사랑을 위하여,김종환,사랑을 위하여₩김종환,사랑을 위하여₩김종환,kD8PNd2g1N0,youtube music,1.0,사랑을 위하여,
South Korea,KOR,KR,Melon Chart,2009,Chu~♡,F(X),chu~♡₩f(x),Chu~♡₩f(x),M62Fhmp7NTA,youtube music,1.0,Chu~♡,
South Korea,KOR,KR,Melon Chart,1994,널 기다리며,전일식,널 기다리며₩전일식,널 기다리며₩전일식,z0kOs8opQFo,youtube music,1.0,널 기다리며,
South Korea,KOR,KR,Melon Chart,1998,늑대와 함께 춤을,임창정,늑대와 함께 춤을₩임창정,늑대와 함께 춤을₩임창정,bk4xss3TVRk,youtube music,1.0,늑대와 함께 춤을,
South Korea,KOR,KR,Melon Chart,1976,새끼 손가락,정종숙,새끼 손가락₩정종숙,새끼 손가락₩정종숙,PU-c_xU-mIc,youtube music,1.0,새끼 손가락,
South Korea,KOR,KR,Melon Chart,1987,그녀의 웃음소리뿐,이문세,그녀의 웃음소리뿐₩이문세,그녀의 웃음소리뿐₩이문세,msTlcjkrQVs,youtube music,1.0,그녀의 웃음소리뿐,
South Korea,KOR,KR,Melon Chart,1994,립스틱 짙게 바르고,임주리,립스틱 짙게 바르고₩임주리,립스틱 짙게 바르고₩임주리,OiYy0LwuhWs,youtube music,1.0,립스틱 짙게 바르고,
South Korea,KOR,KR,Melon Chart,2008,취중진담 (Feat. And),플라이 투 더 스카이,취중진담 (feat. and)₩플라이 투 더 스카이,취중진담₩Fly To The Sky,OASY6jjZgL4,youtube music,0.18,취중진담,271.0
South Korea,KOR,KR,Melon Chart,1993,이별 없던 세상,윤상,이별 없던 세상₩윤상,이별의 그늘₩yoonsang,VaAjrayfqtM,youtube music,0.083,이별의 그늘,270.0
South Korea,KOR,KR,Melon Chart,1973,사랑의 모닥불,이용복,사랑의 모닥불₩이용복,사랑의 모닥불₩이용복,XFNafzbqNiY,youtube music,1.0,사랑의 모닥불,
South Korea,KOR,KR,Melon Chart,1967,돈이면 최고냐,남진,돈이면 최고냐₩남진,돈이면 최고냐₩남진,bkhgW6ZRdxs,youtube music,1.0,돈이면 최고냐,
South Korea,KOR,KR,Melon Chart,1977,진짜진짜 좋아해,혜은이,진짜진짜 좋아해₩혜은이,진짜진짜 좋아해₩혜은이,Y4fvohoGyGQ,youtube music,1.0,진짜진짜 좋아해,
South Korea,KOR,KR,Melon Chart,1986,유리벽 찻집,배따라기,유리벽 찻집₩배따라기,유리벽 찻집₩배따라기,NjnOHhfep4c,youtube music,1.0,유리벽 찻집,
South Korea,KOR,KR,Melon Chart,2006,바람과 함께 사라지다,Big4,바람과 함께 사라지다₩big4,바람과 함께 사라지다₩임창정,a71eSOGkS_w,youtube music,0.76,바람과 함께 사라지다,
South Korea,KOR,KR,Melon Chart,1995,사랑을 할꺼야,녹색지대,사랑을 할꺼야₩녹색지대,사랑을 할꺼야₩녹색지대,p-3OUoFH7n8,youtube music,1.0,사랑을 할꺼야,
South Korea,KOR,KR,Melon Chart,1991,오직 하나뿐인 그대,심신,오직 하나뿐인 그대₩심신,오직 하나뿐인 그대₩심신,DO36fgGicdM,youtube music,1.0,오직 하나뿐인 그대,
South Korea,KOR,KR,Melon Chart,1984,눈물의 파티,조용필,눈물의 파티₩조용필,눈물의 파티₩조용필,TaqiJhDDQRU,youtube music,1.0,눈물의 파티,
South Korea,KOR,KR,Melon Chart,1994,아름다운 너에게,강수지,아름다운 너에게₩강수지,아름다운 너에게₩강수지,f6rPo8ob-MM,youtube music,1.0,아름다운 너에게,
South Korea,KOR,KR,Melon Chart,2008,Beautiful Life,V.o.s,beautiful life₩v.o.s,Beautiful Life₩앰프,BtXWw0WkPDo,youtube music,0.8,Beautiful Life,
South Korea,KOR,KR,Melon Chart,2003,Desperado,포지션,desperado₩포지션,Desperado₩Oh Seunggeun,Fr7wySfINww,youtube music,0.55,Desperado,216.0
South Korea,KOR,KR,Melon Chart,2007,사랑이 올까봐 (Feat. 화요비),Kcm,사랑이 올까봐 (feat. 화요비)₩kcm,사랑이 올까봐₩KCM,lyP2YU5Ly2A,youtube music,0.62,사랑이 올까봐,292.0
South Korea,KOR,KR,Melon Chart,1989,내 아픔 아시는 당신께,조하문,내 아픔 아시는 당신께₩조하문,내 아픔 아시는 당신께₩조하문,ThoVHpLQSUM,youtube music,1.0,내 아픔 아시는 당신께,
South Korea,KOR,KR,Melon Chart,1982,사랑,최안순,사랑₩최안순,사랑₩최안순,67hD3uPCdhE,youtube music,1.0,사랑,
South Korea,KOR,KR,Melon Chart,2001,다가라,엄정화,다가라₩엄정화,다가라₩엄정화,5my7D9BtpTM,youtube music,1.0,다가라,
South Korea,KOR,KR,Melon Chart,1994,수퍼맨의 비애 (Feat. Proud Marry),Dj Doc,수퍼맨의 비애 (feat. proud marry)₩dj doc,Sorrow of Superman₩DJ DOC,-RI-2bOzFYs,youtube music,0.32,Sorrow of Superman,238.0
South Korea,KOR,KR,Melon Chart,1985,창밖에 잠수교가 보인다,박영민,창밖에 잠수교가 보인다₩박영민,창밖에 잠수교가 보인다₩박영민,9oQsijYZyvg,youtube music,1.0,창밖에 잠수교가 보인다,
South Korea,KOR,KR,Melon Chart,1983,바람이었나,정수라,바람이었나₩정수라,바람이었나₩정수라,ATTlATCgffA,youtube music,1.0,바람이었나,
South Korea,KOR,KR,Melon Chart,2003,피아노,조성모,피아노₩조성모,피아노₩조성모,vkx7hKRBE04,youtube music,1.0,피아노,
South Korea,KOR,KR,Melon Chart,1992,한사람을 위한 마음,이오공감,한사람을 위한 마음₩이오공감,이오공감 - 한사람을 위한 마음 (1992年)₩pops8090,DokABcA8Iy8,youtube video,0.55,이오공감 - 한사람을 위한 마음 (1992年),262.0
South Korea,KOR,KR,Melon Chart,1991,사랑 느낌,윤익희,사랑 느낌₩윤익희,사랑 느낌₩윤익희,6EspFuAEFDo,youtube music,1.0,사랑 느낌,
South Korea,KOR,KR,Melon Chart,1979,돌고 돌아가는 길 (금상),노사연,돌고 돌아가는 길 (금상)₩노사연,돌고 돌아가는 길₩노사연,g2ewzg62M8o,youtube music,0.83,돌고 돌아가는 길,
South Korea,KOR,KR,Melon Chart,1991,어느날 문득,유열,어느날 문득₩유열,어느날 문득₩유열,DWfoPqT52Ck,youtube music,1.0,어느날 문득,
South Korea,KOR,KR,Melon Chart,2000,I Believe,이수영,i believe₩이수영,I Believe₩이수영,vPBCZjmzLRc,youtube music,1.0,I Believe,
South Korea,KOR,KR,Melon Chart,2006,Timeless (Feat. 시아준수),장리인,timeless (feat. 시아준수)₩장리인,장리인 - Timeless (Feat. 시아준수)₩Grace H,mXcEtGNEuc8,youtube video,0.79,장리인 - Timeless (Feat. 시아준수),
South Korea,KOR,KR,Melon Chart,2000,너를 보내고,Yb,너를 보내고₩yb,너를 보내고₩YB,brKH-IsAA2s,youtube music,1.0,너를 보내고,
South Korea,KOR,KR,Melon Chart,2008,One More Time,쥬얼리,one more time₩쥬얼리,One More Time₩쥬얼리 (Jewelry),Hue_6PAhEfU,youtube music,0.76,One More Time,
South Korea,KOR,KR,Melon Chart,1992,지지 않는 노을,이정현,지지 않는 노을₩이정현,이정현   지지 않는 노을₩Biny,lr4YSwCiW_I,youtube video,0.69,이정현   지지 않는 노을,277.0
South Korea,KOR,KR,Melon Chart,2003,고백,델리스파이스,고백₩델리스파이스,고백₩델리스파이스,6vQKbhUYLpI,youtube music,1.0,고백,
South Korea,KOR,KR,Melon Chart,2002,슬픈 혼잣말,임창정,슬픈 혼잣말₩임창정,슬픈 혼잣말₩임창정,hqW0E1h85Jo,youtube music,1.0,슬픈 혼잣말,
South Korea,KOR,KR,Melon Chart,1966,동숙의 노래,문주란,동숙의 노래₩문주란,동숙의 노래₩문주란,piAaiGNBKDc,youtube music,1.0,동숙의 노래,
South Korea,KOR,KR,Melon Chart,2006,열 (Feat. Tablo),이정,열 (feat. tablo)₩이정,Heat (feat. Tablo)₩이정,Wb59IyqCAg8,youtube music,0.86,Heat (feat. Tablo),
South Korea,KOR,KR,Melon Chart,1994,그대와 함께,더 블루,그대와 함께₩더 블루,Come Fly Away₩Min Chae,n5uw2htk7SY,youtube music,0.0,Come Fly Away,208.0
South Korea,KOR,KR,Melon Chart,2005,체념 後(후),빅마마,체념 後(후)₩빅마마,빅마마 체념 後(후)₩L OS,yESia2l0mLI,youtube video,0.72,빅마마 체념 後(후),250.0
South Korea,KOR,KR,Melon Chart,1976,푸른 하늘 아래로,투에이스,푸른 하늘 아래로₩투에이스,푸른 하늘 아래로₩소리새,qTjen6PjzaA,youtube music,0.72,푸른 하늘 아래로,178.0
South Korea,KOR,KR,Melon Chart,1988,이별느낌,조태선,이별느낌₩조태선,이별느낌₩조태선,GAs0hhRUj_E,youtube music,1.0,이별느낌,
South Korea,KOR,KR,Melon Chart,1969,석류의 계절,정은숙,석류의 계절₩정은숙,석류의 계절₩정수희,w-cdY2MdP6Q,youtube music,0.78,석류의 계절,
South Korea,KOR,KR,Melon Chart,2009,내 머리가 나빠서,Ss501,내 머리가 나빠서₩ss501,내 머리가 나빠서₩SS501,WJCoH47PaA8,youtube music,1.0,내 머리가 나빠서,
South Korea,KOR,KR,Melon Chart,1989,나의 거리,이선희,나의 거리₩이선희,나의 거리₩이선희,R_G9WgxjKoI,youtube music,1.0,나의 거리,
South Korea,KOR,KR,Melon Chart,1964,물새우는 해변,권혜경,물새우는 해변₩권혜경,물새우는 해변₩권혜경,Xer-O5J71pc,youtube music,1.0,물새우는 해변,
South Korea,KOR,KR,Melon Chart,2005,가...,Sg 워너비,가...₩sg 워너비,Gashiri₩SG Wanna Be,_4rrI91npX4,youtube music,0.21,Gashiri,245.0
South Korea,KOR,KR,Melon Chart,1997,나만의 슬픔,김돈규,나만의 슬픔₩김돈규,나만의 슬픔₩김란영,GdX8CZZOR34,youtube music,0.78,나만의 슬픔,
South Korea,KOR,KR,Melon Chart,1976,끝이 없는 길,박인희,끝이 없는 길₩박인희,끝이 없는 길₩박인희,rEDmhg6IjIg,youtube music,1.0,끝이 없는 길,
South Korea,KOR,KR,Melon Chart,2008,너는 내 운명,하하,너는 내 운명₩하하,하하 - 너는 내 운명₩SoulMate,oGNV7XlkJd8,youtube video,0.55,하하 - 너는 내 운명,212.0
South Korea,KOR,KR,Melon Chart,1994,W.h.i.t.e.,화이트,w.h.i.t.e.₩화이트,White₩Fin.K.L,rAs-azfvnow,youtube video,0.0,White,235.0
South Korea,KOR,KR,Melon Chart,1978,공연히,윤시내,공연히₩윤시내,공연히₩윤시내,8s4_gUvUMT8,youtube music,1.0,공연히,
South Korea,KOR,KR,Melon Chart,2004,사랑은 (Song 정인),리쌍,사랑은 (song 정인)₩리쌍,쥬크박스! 리쌍. 사랑은 (Song. 정인)₩산적,vd9PnM0QGsA,youtube video,0.68,쥬크박스! 리쌍. 사랑은 (Song. 정인),269.0
South Korea,KOR,KR,Melon Chart,2007,거짓말,Bigbang,거짓말₩bigbang,거짓말₩BIGBANG,Y4RmVcKav9Q,youtube music,1.0,거짓말,
South Korea,KOR,KR,Melon Chart,1988,슬픈 그림같은 사랑,이상우,슬픈 그림같은 사랑₩이상우,슬픈 그림같은 사랑₩이상우,0xpfrTPfPwI,youtube music,1.0,슬픈 그림같은 사랑,
South Korea,KOR,KR,Melon Chart,1991,늦지않았음을,송재호,늦지않았음을₩송재호,늦지 않았음을₩송재호,lBNSMjH-nXk,youtube music,0.84,늦지 않았음을,
South Korea,KOR,KR,Melon Chart,1969,두글자,박건,두글자₩박건,두글자₩박건,i9DATcfkihY,youtube music,1.0,두글자,
South Korea,KOR,KR,Melon Chart,1992,그사랑 그사랑 어디서 오는 걸까,김성호,그사랑 그사랑 어디서 오는 걸까₩김성호,그사랑 그사랑 어디서 오는 걸까₩이정석,A2hSei1xoI0,youtube music,0.85,그사랑 그사랑 어디서 오는 걸까,
South Korea,KOR,KR,Melon Chart,1978,난 정말 몰랐었네,최병걸,난 정말 몰랐었네₩최병걸,난 정말 몰랐었네₩최병걸,HxfjEnGFq_E,youtube music,1.0,난 정말 몰랐었네,
South Korea,KOR,KR,Melon Chart,1980,찻잔,노고지리,찻잔₩노고지리,찻잔₩노고지리,939Atc0NFpM,youtube music,1.0,찻잔,
South Korea,KOR,KR,Melon Chart,1993,장미의 미소,신인수,장미의 미소₩신인수,장미의 미소₩신인수,6hU_xqC0MDk,youtube music,1.0,장미의 미소,
South Korea,KOR,KR,Melon Chart,2003,앤,박정현,앤₩박정현,앤₩박정현,i6Zc0zksY5k,youtube music,1.0,앤,
South Korea,KOR,KR,Melon Chart,1995,Come Back Home,서태지와 아이들,come back home₩서태지와 아이들,Come Back Home₩서태지,q3xy4p2JTfU,youtube video,0.87,Come Back Home,
South Korea,KOR,KR,Melon Chart,1981,보고픈걸 어떻게,계은숙,보고픈걸 어떻게₩계은숙,보고픈걸 어떡해₩계은숙,2HwyOrx6fH0,youtube music,0.73,보고픈걸 어떡해,171.0
South Korea,KOR,KR,Melon Chart,1974,향수에 젖어서,지은아,향수에 젖어서₩지은아,향수에 젖어서₩청아,bijbbTLr4sQ,youtube music,0.74,향수에 젖어서,151.0
South Korea,KOR,KR,Melon Chart,1994,하얀 겨울,Mr.2,하얀 겨울₩mr.2,kpop미스터 투-하얀겨울 / Mr.2-White Winter (1993년)₩balkorak,QapIVG4vUxA,youtube video,0.24,kpop미스터 투-하얀겨울 / Mr.2-White Winter (1993년),238.0
South Korea,KOR,KR,Melon Chart,1981,벌써 나를 잊으셨나요,야생마,벌써 나를 잊으셨나요₩야생마,벌써 나를 잊으셨나요₩야생마,6vyrBxmqor4,youtube music,1.0,벌써 나를 잊으셨나요,
South Korea,KOR,KR,Melon Chart,2005,Mr. Flower,조성모,mr. flower₩조성모,Mr. Flower₩조성모,B35iQGU8uig,youtube music,1.0,Mr. Flower,
South Korea,KOR,KR,Melon Chart,1982,님의 기도,오누이,님의 기도₩오누이,님의 기도₩오누이,ZEWYhME7dVk,youtube music,1.0,님의 기도,
South Korea,KOR,KR,Melon Chart,1984,지울수 없는 얼굴,채은옥,지울수 없는 얼굴₩채은옥,지울수 없는 얼굴 채은옥₩아름다운음악여행,XE0kn0oaINE,youtube video,0.73,지울수 없는 얼굴 채은옥,208.0
South Korea,KOR,KR,Melon Chart,2006,까만안경 (Feat. Day Light),"이루, Daylight","까만안경 (feat. day light)₩이루, daylight","이루,Daylight - 까만안경(Feat. Day Light) |가사₩Music play_",YHlwHHElcfY,youtube video,0.69,"이루,Daylight - 까만안경(Feat. Day Light) |가사",225.0
South Korea,KOR,KR,Melon Chart,1999,Yesterday (Newmix Version),김정민,yesterday (newmix version)₩김정민,Yesterday New Mix Version₩김정민,7a6YDu6kQ_E,youtube music,0.84,Yesterday New Mix Version,
South Korea,KOR,KR,Melon Chart,1994,날 떠나지마,박진영,날 떠나지마₩박진영,날 떠나지마₩박진영,P84Mr6oPe_k,youtube music,1.0,날 떠나지마,
South Korea,KOR,KR,Melon Chart,2007,My Angel,플라이 투 더 스카이,my angel₩플라이 투 더 스카이,My Angel₩플라이 투 더 스카이,lnveHEaSDzU,youtube music,1.0,My Angel,
South Korea,KOR,KR,Melon Chart,2002,남자니까,김종국,남자니까₩김종국,남자니까₩김종국,wJYUMqIOHbY,youtube music,1.0,남자니까,
South Korea,KOR,KR,Melon Chart,1999,슬픈 독백,리아,슬픈 독백₩리아,슬픈 독백₩리아,LEF9p_BPxuU,youtube music,1.0,슬픈 독백,
South Korea,KOR,KR,Melon Chart,1994,난 너에게,민들레,난 너에게₩민들레,난 너에게₩민들레,YNoNugbzw_o,youtube music,1.0,난 너에게,
South Korea,KOR,KR,Melon Chart,1994,낯선 사람들,낯선 사람들,낯선 사람들₩낯선 사람들,낯선 사람들 - 낯선 사람들₩정도령,SSyrUXiVfys,youtube video,0.8,낯선 사람들 - 낯선 사람들,
South Korea,KOR,KR,Melon Chart,1988,가시나무,시인과 촌장,가시나무₩시인과 촌장,가시나무₩시인과 촌장,25vszxAonD0,youtube music,1.0,가시나무,
South Korea,KOR,KR,Melon Chart,2006,사랑하기 때문에 (Feat. Sg워너비),씨야,사랑하기 때문에 (feat. sg워너비)₩씨야,"씨야 일본 무대 비하인드, 사랑하기 때문에 (Feat. SG워너비)₩리더남규리",dLHQWRLvaiI,youtube video,0.7,"씨야 일본 무대 비하인드, 사랑하기 때문에 (Feat. SG워너비)",120.0
South Korea,KOR,KR,Melon Chart,1998,알고 싶어요!,양파,알고 싶어요!₩양파,알고싶어요!₩양파,_mOic5RAQuA,youtube music,0.82,알고싶어요!,
South Korea,KOR,KR,Melon Chart,2007,내 사람입니다,더 넛츠 (The Nuts),내 사람입니다₩더 넛츠 (the nuts),내 사람입니다₩The Nuts,N3B-mY4gmUk,youtube music,0.76,내 사람입니다,
South Korea,KOR,KR,Melon Chart,1998,Epilogue,김종서,epilogue₩김종서,[김종서] Epilogue₩kiseon80,fn_EudFHqLU,youtube video,0.61,[김종서] Epilogue,278.0
South Korea,KOR,KR,Melon Chart,1983,변명,민해경,변명₩민해경,변명₩민해경,kOXSfXd4EcE,youtube music,1.0,변명,
South Korea,KOR,KR,Melon Chart,2005,내 눈물이 하는 말,견우,내 눈물이 하는 말₩견우,내 눈물이 하는 말₩견우,eAP0kNkMNsg,youtube music,1.0,내 눈물이 하는 말,
South Korea,KOR,KR,Melon Chart,2006,불꽃 (Feat. 개리),장혜진,불꽃 (feat. 개리)₩장혜진,장혜진_불꽃(Feat. 개리)₩내성적 영법,40BevxK3DrA,youtube video,0.68,장혜진_불꽃(Feat. 개리),251.0
South Korea,KOR,KR,Melon Chart,2009,오랜만이야,임창정,오랜만이야₩임창정,오랜만이야₩임창정,Xr8dqyWrN8c,youtube music,1.0,오랜만이야,
South Korea,KOR,KR,Melon Chart,1984,은지,배따라기,은지₩배따라기,은지₩배따라기,L6dteNhJcoY,youtube music,1.0,은지,
South Korea,KOR,KR,Melon Chart,2000,거짓말,God,거짓말₩god,거짓말 (거짓말)₩god,vbfyETMd8Rk,youtube music,0.67,거짓말 (거짓말),242.0
South Korea,KOR,KR,Melon Chart,2000,해줄 수 없는 일,박효신,해줄 수 없는 일₩박효신,해줄 수 없는 일₩박효신,hk0ghjMFz0g,youtube music,1.0,해줄 수 없는 일,
South Korea,KOR,KR,Melon Chart,2005,중독,서영은,중독₩서영은,중독₩서영은,rsmD1trFBWY,youtube music,1.0,중독,
South Korea,KOR,KR,Melon Chart,2006,원하고 원망하죠,이승기,원하고 원망하죠₩이승기,원하고 원망하죠₩이승기,DoDY0i9wIX8,youtube music,1.0,원하고 원망하죠,
South Korea,KOR,KR,Melon Chart,1998,거꾸로 강을 거슬러 오르는 저 힘찬 연어들처럼,강산에,거꾸로 강을 거슬러 오르는 저 힘찬 연어들처럼₩강산에,거꾸로 강을 거슬러 오르는 저 힘찬 연어들처럼₩강산에,pNirSs2N0hw,youtube video,1.0,거꾸로 강을 거슬러 오르는 저 힘찬 연어들처럼,
South Korea,KOR,KR,Melon Chart,2004,사랑은... 향기를 남기고,테이,사랑은... 향기를 남기고₩테이,사랑은...향기를 남기고₩테이 tei,lBWVCpA9_R0,youtube video,0.8,사랑은...향기를 남기고,
South Korea,KOR,KR,Melon Chart,2001,내게 와 줘,Yb,내게 와 줘₩yb,내게 와 줘₩YB,blsGRMmw-Os,youtube music,1.0,내게 와 줘,
South Korea,KOR,KR,Melon Chart,1975,나는 몰라요,옥희,나는 몰라요₩옥희,I Don't Know₩Seo Ra,dnEPxrENsKc,youtube music,0.0,I Don't Know,263.0
South Korea,KOR,KR,Melon Chart,1978,얘야 시집가거라,정애리,얘야 시집가거라₩정애리,얘야 시집가거라₩최만규,Zb9EjlIx5ow,youtube music,0.73,얘야 시집가거라,116.0
South Korea,KOR,KR,Melon Chart,2008,만약에,태연 (Taeyeon),만약에₩태연 (taeyeon),만약에₩태연(TAEYEON),RjU5Op_KSBw,youtube music,0.9,만약에,
South Korea,KOR,KR,Melon Chart,1972,최진사댁 셋째 딸,조영남,최진사댁 셋째 딸₩조영남,최진사댁 셋째 딸₩조영남,vVPJvpJAFZk,youtube music,1.0,최진사댁 셋째 딸,
South Korea,KOR,KR,Melon Chart,2002,우린 제법 잘 어울려요,성시경,우린 제법 잘 어울려요₩성시경,우린 제법 잘 어울려요₩성시경,oU5IeIf9nE4,youtube music,1.0,우린 제법 잘 어울려요,
South Korea,KOR,KR,Melon Chart,1998,일상으로의 초대 (Radio Mix),신해철,일상으로의 초대 (radio mix)₩신해철,신해철 - 일상으로의 초대 (Radio Mix)₩비마라라,yIwbsk8hhf4,youtube video,0.83,신해철 - 일상으로의 초대 (Radio Mix),
South Korea,KOR,KR,Melon Chart,1975,장미빛 스카프,윤항기,장미빛 스카프₩윤항기,장미빛 스카프₩윤항기,0d9ZZBtRtOk,youtube music,1.0,장미빛 스카프,
South Korea,KOR,KR,Melon Chart,2001,Crying,플라워,crying₩플라워,Crying₩플라워,E_2OXz5pRZY,youtube music,1.0,Crying,
South Korea,KOR,KR,Melon Chart,2008,못된 여자 (Feat. 서인영),원투,못된 여자 (feat. 서인영)₩원투,못된 여자 (feat. 서인영)₩원투(One Two),a0_QSFAG8J4,youtube music,0.81,못된 여자 (feat. 서인영),
South Korea,KOR,KR,Melon Chart,1987,눈물의 부르스,주현미,눈물의 부르스₩주현미,눈물의 부르스₩주현미,OxgdoP_bOq8,youtube music,1.0,눈물의 부르스,
South Korea,KOR,KR,Melon Chart,1986,하얀갈대,임병수,하얀갈대₩임병수,하얀 갈대₩임병수,ctHXFdkQh3E,youtube music,0.8,하얀 갈대,
South Korea,KOR,KR,Melon Chart,1986,젊음의 노트,유미리,젊음의 노트₩유미리,젊음의 노트₩유미리,_oLtQCYEGSY,youtube music,1.0,젊음의 노트,
South Korea,KOR,KR,Melon Chart,2001,I Love You,차태현,i love you₩차태현,I LOVE YOU₩포지션,gqdQy6pyCy4,youtube music,0.77,I LOVE YOU,
South Korea,KOR,KR,Melon Chart,1996,내가 지켜줄께,녹색지대,내가 지켜줄께₩녹색지대,내가 지켜줄께₩녹색지대,kVQajjcOA4U,youtube music,1.0,내가 지켜줄께,
South Korea,KOR,KR,Melon Chart,2004,무지개,롤러 코스터,무지개₩롤러 코스터,무지개₩롤러코스터,0ZKDES59lwo,youtube music,0.82,무지개,
South Korea,KOR,KR,Melon Chart,1997,믿어지지 않는 얘기,조규찬,믿어지지 않는 얘기₩조규찬,믿어지지 않는 얘기₩조규찬,LCfw2bLqWw4,youtube music,1.0,믿어지지 않는 얘기,
South Korea,KOR,KR,Melon Chart,1967,울산큰애기,김상희,울산큰애기₩김상희,울산큰애기₩김상희,mPPp5D2XE6E,youtube music,1.0,울산큰애기,
South Korea,KOR,KR,Melon Chart,2006,My Love (And),버즈,my love (and)₩버즈,My Love (And)₩버즈,3DyP4aUTA24,youtube music,1.0,My Love (And),
South Korea,KOR,KR,Melon Chart,1996,잊을수 없는 너,최재훈,잊을수 없는 너₩최재훈,잊을 수 없는 너₩최재훈,9Qsv0uVjl6g,youtube music,0.87,잊을 수 없는 너,
South Korea,KOR,KR,Melon Chart,2000,Tears,소찬휘,tears₩소찬휘,Tears₩소찬휘,gRV8pMtyzvI,youtube music,1.0,Tears,
South Korea,KOR,KR,Melon Chart,1995,천일동안,이승환,천일동안₩이승환,천일동안₩린,Gxf-wvvLumo,youtube music,0.67,천일동안,285.0
South Korea,KOR,KR,Melon Chart,1998,Say Goodbye,화이트,say goodbye₩화이트,Saying Goodbye₩맷 화이트,2GI5N_fIEcA,youtube music,0.79,Saying Goodbye,
South Korea,KOR,KR,Melon Chart,2001,눈물,화요비,눈물₩화요비,눈물₩화요비,zg9eQrHc9mI,youtube video,1.0,눈물,
South Korea,KOR,KR,Melon Chart,1989,기차와 소나무,이규석,기차와 소나무₩이규석,기차와 소나무₩이규석,mos8KMJwGrg,youtube music,1.0,기차와 소나무,
South Korea,KOR,KR,Melon Chart,2007,눈물로 (Duet 이정),제이,눈물로 (duet 이정)₩제이,눈물로 (Duet 이정)₩제이,CRJhnLN504w,youtube music,1.0,눈물로 (Duet 이정),
South Korea,KOR,KR,Melon Chart,2000,아가페,이브,아가페₩이브,Agape₩Eve,LeXXu4u2Hys,youtube music,0.0,Agape,38.0
South Korea,KOR,KR,Melon Chart,1989,슬픈 안녕,이지연,슬픈 안녕₩이지연,슬픈 안녕₩이지연,s5ZKOwPRvWc,youtube music,1.0,슬픈 안녕,
South Korea,KOR,KR,Melon Chart,2001,끝,싸이 (Psy),끝₩싸이 (psy),My Wanna Be₩PSY,UDeJPsGpLFc,youtube music,0.17,My Wanna Be,228.0
South Korea,KOR,KR,Melon Chart,1994,우리는,듀스,우리는₩듀스,우리는₩듀스,1Qib0YEz9Q8,youtube music,1.0,우리는,
South Korea,KOR,KR,Melon Chart,1967,엘레지의 여왕,이미자,엘레지의 여왕₩이미자,엘레지의 여왕₩이미자,7brsLk2_zto,youtube music,1.0,엘레지의 여왕,
South Korea,KOR,KR,Melon Chart,2004,여기보다 어딘가에,하림,여기보다 어딘가에₩하림,여기보다 어딘가에₩하림,zp6V3BMneBY,youtube music,1.0,여기보다 어딘가에,
South Korea,KOR,KR,Melon Chart,2006,눈사람,가비엔제이,눈사람₩가비엔제이,Sudden Sorrow₩Gavy NJ,5UUvAIcHV4o,youtube music,0.0,Sudden Sorrow,196.0
South Korea,KOR,KR,Melon Chart,1996,넌 나의 처음이자 마지막이야!,솔리드,넌 나의 처음이자 마지막이야!₩솔리드,넌 나의 처음이자 마지막이야₩솔리드(Solid),WIRWjAjta08,youtube video,0.77,넌 나의 처음이자 마지막이야,
South Korea,KOR,KR,Melon Chart,1986,그댈 잊었나,임지훈,그댈 잊었나₩임지훈,그댈 잊었나₩임지훈,Wvm7pAvaf8M,youtube music,1.0,그댈 잊었나,
South Korea,KOR,KR,Melon Chart,1989,회색탁자,박춘삼,회색탁자₩박춘삼,😔 박춘삼/회색탁자 😥₩신준호,7z0PI1aQbJM,youtube video,0.64,😔 박춘삼/회색탁자 😥,261.0
South Korea,KOR,KR,Melon Chart,1969,님 그리워,나훈아,님 그리워₩나훈아,님 그리워₩나훈아,GMfnLc8dJAA,youtube music,1.0,님 그리워,
South Korea,KOR,KR,Melon Chart,1995,나를...,김현철,나를...₩김현철,Me₩Kim Hyun Chul,XELIO7b_dSo,youtube music,0.0,Me,266.0
South Korea,KOR,KR,Melon Chart,1994,오래된 친구,빛과 소금,오래된 친구₩빛과 소금,오래된 친구₩빛과 소금,ZcuTjlEbiCA,youtube music,1.0,오래된 친구,
South Korea,KOR,KR,Melon Chart,1993,널 사랑하니까,신승훈,널 사랑하니까₩신승훈,널 사랑하니까₩변진섭,GwQdVcdLzkE,youtube music,0.7,널 사랑하니까,286.0
South Korea,KOR,KR,Melon Chart,2004,El Disco Amor,불독 맨션,el disco amor₩불독 맨션,Bulldog Mansion (불독맨션) - El Disco Amor (사랑의 디스코 radio edit)₩Kitsukishi 気つ騎士,cJV6hUy-fS4,youtube video,0.33,Bulldog Mansion (불독맨션) - El Disco Amor (사랑의 디스코 radio edit),253.0
South Korea,KOR,KR,Melon Chart,2001,그런일은,화요비,그런일은₩화요비,그런일은₩화요비,nutlQPi30rk,youtube video,1.0,그런일은,
South Korea,KOR,KR,Melon Chart,1998,Love Song,김종서,love song₩김종서,김종서(Kim Jong Seo) - Love Song₩absolutelovejs,GAArEN6ocR8,youtube video,0.4,김종서(Kim Jong Seo) - Love Song,265.0
South Korea,KOR,KR,Melon Chart,2001,Sweety,샵,sweety₩샵,Sweety₩S#arp,4LsHTLr41o8,youtube music,0.67,Sweety,212.0
South Korea,KOR,KR,Melon Chart,1988,해후,최성수,해후₩최성수,해후₩최성수,6uzmN_r4odo,youtube music,1.0,해후,
South Korea,KOR,KR,Melon Chart,2008,"서커스 (Feat. 임유경 - 달래 음악단 , ＄Howgun)",Mc 몽,"서커스 (feat. 임유경 - 달래 음악단 , ＄howgun)₩mc 몽",MC Mong - Circus₩_Ober,19-z4OVeLFM,youtube video,0.17,MC Mong - Circus,257.0
South Korea,KOR,KR,Melon Chart,1998,그녀와의 이별,김현정,그녀와의 이별₩김현정,그녀와의 이별₩김현정,UxJugDFKdK4,youtube music,1.0,그녀와의 이별,
South Korea,KOR,KR,Melon Chart,1986,난 너에게,정수라,난 너에게₩정수라,난 너에게₩정수라,r19KG0pFgDw,youtube music,1.0,난 너에게,
South Korea,KOR,KR,Melon Chart,1995,상상속의 너,노이즈,상상속의 너₩노이즈,상상속의 너₩미딩유,QlssrFaPzZ4,youtube music,0.67,상상속의 너,176.0
South Korea,KOR,KR,Melon Chart,2004,사랑은 가질 수 없을 때 더 아름답다,토니 안,사랑은 가질 수 없을 때 더 아름답다₩토니 안,사랑은 가질 수 없을 때 더 아름답다₩토니안,eiFFnUgFSTE,youtube music,0.94,사랑은 가질 수 없을 때 더 아름답다,
South Korea,KOR,KR,Melon Chart,2009,비와 당신 (영화 `라디오스타` 삽입곡),럼블피쉬,비와 당신 (영화 `라디오스타` 삽입곡)₩럼블피쉬,Rain and You₩Rumble Fish,v_84Kqjtqgo,youtube music,0.0,Rain and You,248.0
South Korea,KOR,KR,Melon Chart,1985,우리 사랑,김승덕,우리 사랑₩김승덕,우리 사랑₩김승덕,qQBwY3e4SxE,youtube music,1.0,우리 사랑,
South Korea,KOR,KR,Melon Chart,1995,청혼가,박진영,청혼가₩박진영,청혼가₩박진영,VoftyMvdUSw,youtube music,1.0,청혼가,
South Korea,KOR,KR,Melon Chart,1984,내일,김수철,내일₩김수철,내일₩김수철,4mJb69zrTUo,youtube music,1.0,내일,
South Korea,KOR,KR,Melon Chart,2005,사랑은 가슴이 시킨다 (Cf - Ktf 도시락),버즈,사랑은 가슴이 시킨다 (cf - ktf 도시락)₩버즈,[MV] 버즈 _ 사랑은 가슴이 시킨다 Part.2₩吴迪,3OMb4JxIcUg,youtube video,0.45,[MV] 버즈 _ 사랑은 가슴이 시킨다 Part.2,341.0
South Korea,KOR,KR,Melon Chart,1995,흔들리지마,강수지,흔들리지마₩강수지,흔들리지마₩강수지,o_BjWch3kRU,youtube music,1.0,흔들리지마,
South Korea,KOR,KR,Melon Chart,2002,라라라,이수영,라라라₩이수영,라라라₩이수영,29uz71dQqPw,youtube music,1.0,라라라,
South Korea,KOR,KR,Melon Chart,1971,사랑하다 싫어지면,김태희,사랑하다 싫어지면₩김태희,사랑하다 싫어지면₩김태희,Q6R-6vts-sc,youtube music,1.0,사랑하다 싫어지면,
South Korea,KOR,KR,Melon Chart,1969,커피 한 잔,펄 시스터즈,커피 한 잔₩펄 시스터즈,커피한잔₩펄 시스터즈,et3RPc6c--U,youtube music,0.73,커피한잔,222.0
South Korea,KOR,KR,Melon Chart,1988,우리 엄마,이건주,우리 엄마₩이건주,우리 엄마₩이건주,G10thYjkEX0,youtube music,1.0,우리 엄마,
South Korea,KOR,KR,Melon Chart,2007,사랑가,Sg 워너비,사랑가₩sg 워너비,Young Love₩SG Wanna Be,GDJDNZSQ72k,youtube music,0.2,Young Love,265.0
South Korea,KOR,KR,Melon Chart,2001,제발,이소라,제발₩이소라,제발₩이소라,HBkzuPJnrVI,youtube music,1.0,제발,
South Korea,KOR,KR,Melon Chart,2008,No.3 (Feat. Sol Flower),배치기,no.3 (feat. sol flower)₩배치기,배치기 - No.3 (feat. Sol Flower)₩ananimoose,bbTfIN_EHig,youtube video,0.77,배치기 - No.3 (feat. Sol Flower),
South Korea,KOR,KR,Melon Chart,1996,시대유감(時代遺憾),서태지와 아이들,시대유감(時代遺憾)₩서태지와 아이들,서태지와 아이들 - 시대유감 (時代遺憾)₩Grace H,2wwnh8R3WrU,youtube video,0.68,서태지와 아이들 - 시대유감 (時代遺憾),210.0
South Korea,KOR,KR,Melon Chart,1998,Love Love,비쥬,love love₩비쥬,Classic Kpop - 비쥬 (Bijou) - Love Love + DL₩ClassicKpop427,8o_wYEFHrr8,youtube video,0.33,Classic Kpop - 비쥬 (Bijou) - Love Love + DL,223.0
South Korea,KOR,KR,Melon Chart,1966,고향무정,오기택,고향무정₩오기택,고향무정₩오기택,yzgqtCOnnQI,youtube music,1.0,고향무정,
South Korea,KOR,KR,Melon Chart,1976,파도,이수만,파도₩이수만,파도₩이수만,e1YtANKRLsM,youtube music,1.0,파도,
South Korea,KOR,KR,Melon Chart,1999,지금은 우리가 멀리 있을지라도,김광민,지금은 우리가 멀리 있을지라도₩김광민,지금은 우리가 멀리 있을지라도₩김광민,Zl45irPz3ZU,youtube music,1.0,지금은 우리가 멀리 있을지라도,
South Korea,KOR,KR,Melon Chart,1972,등불,영 사운드,등불₩영 사운드,등불₩영사운드,OHvzFxZcOL4,youtube music,0.77,등불,
South Korea,KOR,KR,Melon Chart,1998,자꾸 자꾸,일기예보,자꾸 자꾸₩일기예보,자꾸자꾸₩일기예보,AQQed1nE6uk,youtube music,0.82,자꾸자꾸,
South Korea,KOR,KR,Melon Chart,1990,한 여름의 크리스마스,이정현,한 여름의 크리스마스₩이정현,이정현-한 여름의 크리스마스₩천성길,u798zEc3eHQ,youtube video,0.81,이정현-한 여름의 크리스마스,
South Korea,KOR,KR,Melon Chart,1985,그대,이태원,그대₩이태원,그대₩이태원,DIF5zydbzRw,youtube music,1.0,그대,
South Korea,KOR,KR,Melon Chart,1990,희망사항,변진섭,희망사항₩변진섭,희망사항₩변진섭,HH1bmpPIWmw,youtube music,1.0,희망사항,
South Korea,KOR,KR,Melon Chart,1966,수덕사의 여승,송춘희,수덕사의 여승₩송춘희,수덕사의 여승₩송춘희,V5TVM17215w,youtube music,1.0,수덕사의 여승,
South Korea,KOR,KR,Melon Chart,1986,킬리만자로의 표범,조용필,킬리만자로의 표범₩조용필,조용필 - 킬리만자로의 표범 (1985)₩windbird,NuSQIftk1RE,youtube video,0.52,조용필 - 킬리만자로의 표범 (1985),338.0
South Korea,KOR,KR,Melon Chart,1969,하얀 손수건,트윈 폴리오,하얀 손수건₩트윈 폴리오,하얀 손수건₩트윈 폴리오,87uhuLkwfzE,youtube music,1.0,하얀 손수건,
South Korea,KOR,KR,Melon Chart,1985,아! 옛날이여,이선희,아! 옛날이여₩이선희,아! 옛날이여₩이선희,7fU5jGTxLd8,youtube music,1.0,아! 옛날이여,
South Korea,KOR,KR,Melon Chart,2000,Outside Castle (The Castle Outsiders),H.o.t.,outside castle (the castle outsiders)₩h.o.t.,Outside Castle (The Castle Outsiders)₩H.O.T.,HGhUU5ifpzg,youtube music,1.0,Outside Castle (The Castle Outsiders),
South Korea,KOR,KR,Melon Chart,2008,U-Go-Girl (With 낯선),이효리,u-go-girl (with 낯선)₩이효리,U-Go-Girl (유고걸) (With. 낯선)₩이효리,z246K3KBZjo,youtube music,0.82,U-Go-Girl (유고걸) (With. 낯선),
South Korea,KOR,KR,Melon Chart,1999,내 남은 사랑을 위해,홍경민,내 남은 사랑을 위해₩홍경민,내 남은 사랑을 위해₩홍경민,eN_fFBJR9X0,youtube music,1.0,내 남은 사랑을 위해,
South Korea,KOR,KR,Melon Chart,1989,가로수 그늘아래 서면,이문세,가로수 그늘아래 서면₩이문세,가로수 그늘아래 서면₩이문세,r55zYeS1Lgs,youtube music,1.0,가로수 그늘아래 서면,
South Korea,KOR,KR,Melon Chart,1993,내게 영원히,푸른하늘,내게 영원히₩푸른하늘,내게 영원히₩푸른하늘,MuAt-uBApLc,youtube music,1.0,내게 영원히,
South Korea,KOR,KR,Melon Chart,2001,내게 오는 길,성시경,내게 오는 길₩성시경,내게 오는 길₩성시경,0fk0h9SuUSI,youtube music,1.0,내게 오는 길,
South Korea,KOR,KR,Melon Chart,1972,목장길 따라,김세환,목장길 따라₩김세환,목장길 따라₩김세환,IbJ8Z4iROT4,youtube music,1.0,목장길 따라,
South Korea,KOR,KR,Melon Chart,1988,마지막 입맞춤,김범룡,마지막 입맞춤₩김범룡,마지막 입맞춤₩김범룡,NgKZD9ItPKc,youtube music,1.0,마지막 입맞춤,
South Korea,KOR,KR,Melon Chart,1990,보고싶은 얼굴,민해경,보고싶은 얼굴₩민해경,보고싶은 얼굴₩민해경,hZkoMYwFOTA,youtube music,1.0,보고싶은 얼굴,
South Korea,KOR,KR,Melon Chart,1976,슬픈 노래는 싫어요,유승엽,슬픈 노래는 싫어요₩유승엽,슬픈 노래는 싫어요₩유승엽,XNDd9WimRn8,youtube music,1.0,슬픈 노래는 싫어요,
South Korea,KOR,KR,Melon Chart,1997,독립선언,이뉴,독립선언₩이뉴,독립선언₩이뉴 (Enue),ipKwllIMjQ8,youtube music,0.63,독립선언,224.0
South Korea,KOR,KR,Melon Chart,1998,P.s. I Love You,박정현,p.s. i love you₩박정현,P.S. I Love You₩박정현,8r_s_o5HRsU,youtube music,1.0,P.S. I Love You,
South Korea,KOR,KR,Melon Chart,2005,같은 생각,신혜성,같은 생각₩신혜성,같은 생각₩신혜성,CuIt6lqj0Z8,youtube music,1.0,같은 생각,
South Korea,KOR,KR,Melon Chart,2009,니가 밉다,2pm,니가 밉다₩2pm,니가 밉다₩2PM,M4rZvGF7ICY,youtube video,1.0,니가 밉다,
South Korea,KOR,KR,Melon Chart,1973,등대지기,은희,등대지기₩은희,등대지기 - 은희₩Emeraldahn,DLxaYrqaJ1A,youtube video,0.48,등대지기 - 은희,161.0
South Korea,KOR,KR,Melon Chart,1990,텅 빈 거리에서,015b,텅 빈 거리에서₩015b,텅 빈 거리에서₩015B,5Oajb5vbg_I,youtube music,1.0,텅 빈 거리에서,
South Korea,KOR,KR,Melon Chart,2008,너만 볼래 (Feat. 태인),나몰라패밀리 (Namolla Family),너만 볼래 (feat. 태인)₩나몰라패밀리 (namolla family),나몰라패밀리 (Namolla Family) ♥️ 너만볼래 (Feat. 태인)₩Music park,YP_QuexmwLU,youtube video,0.79,나몰라패밀리 (Namolla Family) ♥️ 너만볼래 (Feat. 태인),
South Korea,KOR,KR,Melon Chart,1985,그대에게서 벗어나고파,윤시내,그대에게서 벗어나고파₩윤시내,그대에게서 벗어나고파₩임창순,NqKf7263VYc,youtube music,0.79,그대에게서 벗어나고파,
South Korea,KOR,KR,Melon Chart,1995,머피의 법칙,Dj Doc,머피의 법칙₩dj doc,머피의 법칙₩DJ DOC,Tzq6gR0bkZY,youtube music,1.0,머피의 법칙,
South Korea,KOR,KR,Melon Chart,1986,가시나무 새,오청수,가시나무 새₩오청수,가시나무 새₩신지호,KeP87Aco4rU,youtube music,0.67,가시나무 새,248.0
South Korea,KOR,KR,Melon Chart,2008,붉은 노을,Bigbang,붉은 노을₩bigbang,붉은 노을₩BIGBANG,UJn-F2kPCaQ,youtube music,1.0,붉은 노을,
South Korea,KOR,KR,Melon Chart,1973,봄이 오면 (Hello-A),장미화,봄이 오면 (hello-a)₩장미화,봄이오면 (Hello-A)₩장미화,gva0StXuO-A,youtube music,0.91,봄이오면 (Hello-A),
South Korea,KOR,KR,Melon Chart,1994,너만을 느끼는 나,황승호제,너만을 느끼는 나₩황승호제,너만을 느끼는 나₩황승호제,Ppxu7HcjCWs,youtube music,1.0,너만을 느끼는 나,
South Korea,KOR,KR,Melon Chart,1996,배반,윤상,배반₩윤상,배반₩윤상,MYG8MqeMUio,youtube music,1.0,배반,
South Korea,KOR,KR,Melon Chart,1985,희나리,구창모,희나리₩구창모,Heenari₩Koo Chang-Mo,vpBc3rds-Z8,youtube music,0.0,Heenari,246.0
South Korea,KOR,KR,Melon Chart,1987,애수,최성수,애수₩최성수,애수₩최성수,O4EKruLgzF0,youtube music,1.0,애수,
South Korea,KOR,KR,Melon Chart,1997,오늘도 난,이승철,오늘도 난₩이승철,오늘도 난₩이승철,WWRG341fBQQ,youtube music,1.0,오늘도 난,
South Korea,KOR,KR,Melon Chart,1966,화진포에서 맺은 사랑,이시스터즈,화진포에서 맺은 사랑₩이시스터즈,화진포에서 맺은 사랑₩이 시스터즈,O6jW7-qcBiU,youtube music,0.91,화진포에서 맺은 사랑,
South Korea,KOR,KR,Melon Chart,1974,모정의 세월,한세일,모정의 세월₩한세일,모정의 세월₩한세일,h6zWc7qOohc,youtube music,1.0,모정의 세월,
South Korea,KOR,KR,Melon Chart,1985,젊은 그대,김수철,젊은 그대₩김수철,젊은 그대₩김수철,uH0Ie7p1gNc,youtube music,1.0,젊은 그대,
South Korea,KOR,KR,Melon Chart,1967,사랑아 내 사랑아,태원,사랑아 내 사랑아₩태원,사랑아 내사랑아₩태원,OJ6u-xVDIlY,youtube music,0.86,사랑아 내사랑아,
South Korea,KOR,KR,Melon Chart,1985,그댄 봄비를 무척 좋아하나요,배따라기,그댄 봄비를 무척 좋아하나요₩배따라기,그댄 봄비를 무척 좋아하나요₩배따라기,Nq0UFCfDpRI,youtube music,1.0,그댄 봄비를 무척 좋아하나요,
South Korea,KOR,KR,Melon Chart,2002,More Than Words,오션 (5tion),more than words₩오션 (5tion),More Than Words₩5TION,aazm_og-Vgk,youtube music,0.84,More Than Words,
South Korea,KOR,KR,Melon Chart,2000,바꿔,이정현,바꿔₩이정현,바꿔₩이정현,umyLNazuv-E,youtube music,1.0,바꿔,
South Korea,KOR,KR,Melon Chart,1994,비창,이상우,비창₩이상우,비창₩이상우,GtUbcxtixNI,youtube music,1.0,비창,
South Korea,KOR,KR,Melon Chart,2000,중독된 사랑,조장혁,중독된 사랑₩조장혁,중독된 사랑₩조장혁,fa4AH91B3a0,youtube video,1.0,중독된 사랑,
South Korea,KOR,KR,Melon Chart,1991,내 마음 깊은 곳의 너,신해철,내 마음 깊은 곳의 너₩신해철,내 마음 깊은 곳의 너₩신해철,0ns_8rgMNjw,youtube music,1.0,내 마음 깊은 곳의 너,
South Korea,KOR,KR,Melon Chart,1989,코뿔소,한영애,코뿔소₩한영애,코뿔소₩한영애,MLCkuC6zGZo,youtube music,1.0,코뿔소,
South Korea,KOR,KR,Melon Chart,1993,연인 (Original Ver.),정석원,연인 (original ver.)₩정석원,연인 (Original Ver.)₩정석원,2k9W7las85M,youtube music,1.0,연인 (Original Ver.),
South Korea,KOR,KR,Melon Chart,1967,하와이 연정,패티김,하와이 연정₩패티김,하와이 연정₩패티김,4NiTF9UNDrc,youtube music,1.0,하와이 연정,
South Korea,KOR,KR,Melon Chart,1981,아름다운 강산,신중현과 뮤직파워,아름다운 강산₩신중현과 뮤직파워,신중현과 뮤직파워ㆍ아름다운 강산₩해익Tv,XrzeTqnNZeo,youtube video,0.81,신중현과 뮤직파워ㆍ아름다운 강산,
South Korea,KOR,KR,Melon Chart,1993,사랑하지 않을 거야,나현희,사랑하지 않을 거야₩나현희,나현희 - '사랑하지 않을거야' | Na Hyun hee - 'I'll Never Fall In Love' 【KBS 가요톱10】₩Again 가요톱10 : KBS KPOP Classic,7-nkRRRaiaM,youtube video,0.16,나현희 - '사랑하지 않을거야' | Na Hyun hee - 'I'll Never Fall In Love' 【KBS 가요톱10】,242.0
South Korea,KOR,KR,Melon Chart,2006,소리쳐,이승철,소리쳐₩이승철,소리쳐₩이승철,TDJv2zhFIws,youtube music,1.0,소리쳐,
South Korea,KOR,KR,Melon Chart,2007,얼마나 (Feat. 버블 시스터즈),비욘드,얼마나 (feat. 버블 시스터즈)₩비욘드,얼마나 (feat. 버블 시스터즈)₩Beyond,HCrNfH5Da8I,youtube music,0.81,얼마나 (feat. 버블 시스터즈),
South Korea,KOR,KR,Melon Chart,2009,살만해,브랜뉴데이,살만해₩브랜뉴데이,외출₩Brand New Day,JKZ-bREyvp8,youtube music,0.0,외출,198.0
South Korea,KOR,KR,Melon Chart,2008,Rainism (Clean Ver.),비,rainism (clean ver.)₩비,Rainism₩RAIN,GzblpzlSC-o,youtube music,0.44,Rainism,217.0
South Korea,KOR,KR,Melon Chart,2007,Fan,에픽 하이 (Epik High),fan₩에픽 하이 (epik high),FAN₩에픽하이(EPIK HIGH),eINjPkO7w4M,youtube video,0.84,FAN,
South Korea,KOR,KR,Melon Chart,1997,괜찮아,녹색지대,괜찮아₩녹색지대,괜찮아₩녹색지대,dKsL8of0aNU,youtube music,1.0,괜찮아,
South Korea,KOR,KR,Melon Chart,1996,귀천도애 (歸天道哀),김민종,귀천도애 (歸天道哀)₩김민종,Cafe of That Winter₩Kim Minjong,5lu5lh-B9R4,youtube music,0.0,Cafe of That Winter,301.0
South Korea,KOR,KR,Melon Chart,2004,걸음이 느린 아이,고유진 (플라워),걸음이 느린 아이₩고유진 (플라워),걸음이 느린 아이₩고유진,T1GFg8u6zxo,youtube music,0.8,걸음이 느린 아이,
South Korea,KOR,KR,Melon Chart,2005,여자,빅마마,여자₩빅마마,여자₩Big Mama,XmOLxtLrQ0E,youtube music,0.27,여자,278.0
South Korea,KOR,KR,Melon Chart,1991,재즈 카페,신해철,재즈 카페₩신해철,재즈 카페₩신해철,TSEYR8xzoMg,youtube music,1.0,재즈 카페,
South Korea,KOR,KR,Melon Chart,2008,My Style (Hidden Track),브라운아이드걸스,my style (hidden track)₩브라운아이드걸스,My Style (Hidden Track)₩브라운아이드걸스,sOy4i3h9Sr4,youtube music,1.0,My Style (Hidden Track),
South Korea,KOR,KR,Melon Chart,1995,끝난 건가요,김현철,끝난 건가요₩김현철,끝난 건가요₩김현철,zvl5rrNr4Z4,youtube music,1.0,끝난 건가요,
South Korea,KOR,KR,Melon Chart,1994,자유시대,모자이크,자유시대₩모자이크,자유시대 - 모자이크₩Biny,3A5VyLpCCSc,youtube video,0.7,자유시대 - 모자이크,216.0
South Korea,KOR,KR,Melon Chart,1982,꽃바람,조용필,꽃바람₩조용필,꽃바람₩조용필,Nok6iqe2tx4,youtube music,1.0,꽃바람,
South Korea,KOR,KR,Melon Chart,1993,가을편지,김민기,가을편지₩김민기,가을편지₩김민기,UV9tXpKJ5PQ,youtube music,1.0,가을편지,
South Korea,KOR,KR,Melon Chart,1982,야화,사랑의 하모니,야화₩사랑의 하모니,야화₩사랑의 하모니,FZxqw5lekqo,youtube music,1.0,야화,
South Korea,KOR,KR,Melon Chart,1970,사랑하는 당신이,패티김,사랑하는 당신이₩패티김,사랑하는 당신이₩패티김,v4N3L78ZpMA,youtube music,1.0,사랑하는 당신이,
South Korea,KOR,KR,Melon Chart,1965,아빠의 청춘,박일남,아빠의 청춘₩박일남,아빠의 청춘₩최연우,r1w7WHzMU0M,youtube music,0.67,아빠의 청춘,139.0
South Korea,KOR,KR,Melon Chart,1980,창문너머 어렴풋이 옛 생각이 나겠지요,산울림,창문너머 어렴풋이 옛 생각이 나겠지요₩산울림,창문너머 어렴풋이 옛 생각이 나겠지요₩산울림,DUeb8rJvdbw,youtube music,1.0,창문너머 어렴풋이 옛 생각이 나겠지요,
South Korea,KOR,KR,Melon Chart,2006,그녀가 울고있네요,가비엔제이,그녀가 울고있네요₩가비엔제이,그녀가 울고있네요₩가비 엔제이,qW1JkwjbsJw,youtube music,0.9,그녀가 울고있네요,
South Korea,KOR,KR,Melon Chart,2009,사랑한 후에,박효신,사랑한 후에₩박효신,사랑한 후에₩박효신,7c3wuDMuCkk,youtube music,1.0,사랑한 후에,
South Korea,KOR,KR,Melon Chart,1994,추억#1,조규찬,추억#1₩조규찬,추억#1₩조규찬,AHa2RrAWU-o,youtube music,1.0,추억#1,
South Korea,KOR,KR,Melon Chart,1997,Doc와 춤을,Dj Doc,doc와 춤을₩dj doc,DOC와 춤을₩DJ DOC,tV4PQOGJo3U,youtube music,1.0,DOC와 춤을,
South Korea,KOR,KR,Melon Chart,1980,동반자,지다연,동반자₩지다연,동반자₩지다연,gYMuEOuKziI,youtube music,1.0,동반자,
South Korea,KOR,KR,Melon Chart,1991,그리워 그리워 그리워 그리워,그림물감,그리워 그리워 그리워 그리워₩그림물감,그리워 그리워 그리워 그리워₩그림물감,o6G4C2Qzhgk,youtube music,1.0,그리워 그리워 그리워 그리워,
South Korea,KOR,KR,Melon Chart,1986,그순간,김범룡,그순간₩김범룡,그순간₩김범룡,SRHvSgGfTLc,youtube music,1.0,그순간,
South Korea,KOR,KR,Melon Chart,1976,그 소녀,권태수,그 소녀₩권태수,그 소녀₩권태수,d44cqIlzyj4,youtube music,1.0,그 소녀,
South Korea,KOR,KR,Melon Chart,1989,기쁜우리 사랑은,최성수,기쁜우리 사랑은₩최성수,기쁜 우리 사랑은₩최성수,hdwCdVesqlU,youtube music,0.87,기쁜 우리 사랑은,
South Korea,KOR,KR,Melon Chart,1977,어디쯤 가고 있을까,전영,어디쯤 가고 있을까₩전영,어디쯤 가고 있을까₩윤주,REuBViCceew,youtube music,0.83,어디쯤 가고 있을까,
South Korea,KOR,KR,Melon Chart,1980,영원한 친구,나미,영원한 친구₩나미,영원한 친구₩나미,JQGo5dNcCo8,youtube music,1.0,영원한 친구,
South Korea,KOR,KR,Melon Chart,2000,Blue Sky,박기영,blue sky₩박기영,Blue Sky₩박기영,5PlxUlroc_M,youtube music,1.0,Blue Sky,
South Korea,KOR,KR,Melon Chart,1982,내게 사랑은 너무 써,산울림,내게 사랑은 너무 써₩산울림,내게 사랑은 너무 써 - 산울림₩강석진,gLUSjm1Mn5g,youtube video,0.82,내게 사랑은 너무 써 - 산울림,
South Korea,KOR,KR,Melon Chart,1987,난 어지러워요,임병수,난 어지러워요₩임병수,난 어지러워요₩임병수,BO6Bi8AvE_w,youtube music,1.0,난 어지러워요,
South Korea,KOR,KR,Melon Chart,2006,날 위한 이별,린,날 위한 이별₩린,날 위한 이별₩린,7LU_zxGwXkk,youtube music,1.0,날 위한 이별,
South Korea,KOR,KR,Melon Chart,2009,Heartbreaker,G-Dragon,heartbreaker₩g-dragon,Heartbreaker₩G-DRAGON,658-q_FigSY,youtube music,1.0,Heartbreaker,
South Korea,KOR,KR,Melon Chart,1999,예감,젝스키스,예감₩젝스키스,예감₩젝스키스,EaJYebDQMcI,youtube music,1.0,예감,
South Korea,KOR,KR,Melon Chart,1978,너무합니다,김수희,너무합니다₩김수희,너무합니다₩김수희,so7rCKlLIqY,youtube music,1.0,너무합니다,
South Korea,KOR,KR,Melon Chart,2001,니가 필요해,God,니가 필요해₩god,니가 필요해 (니가 필요해)₩god,NikkmK3gEqI,youtube music,0.67,니가 필요해 (니가 필요해),204.0
South Korea,KOR,KR,Melon Chart,1971,잘했군 잘했어,하춘화,잘했군 잘했어₩하춘화,잘했군 잘했어₩하춘화,wnJ09dOvDEM,youtube music,1.0,잘했군 잘했어,
South Korea,KOR,KR,Melon Chart,1973,그럴수가 있나요,김추자,그럴수가 있나요₩김추자,그럴수가 있나요₩김추자,GY8kQ6DTCb4,youtube music,1.0,그럴수가 있나요,
South Korea,KOR,KR,Melon Chart,1976,빗속을 둘이서,투에이스,빗속을 둘이서₩투에이스,빗속을 둘이서₩박훈,bncr7ISnbRs,youtube music,0.7,빗속을 둘이서,173.0
South Korea,KOR,KR,Melon Chart,1999,Happy Birthday To You,권진원,happy birthday to you₩권진원,Happy Birthday To You₩권진원,oBAgPsjpqeE,youtube music,1.0,Happy Birthday To You,
South Korea,KOR,KR,Melon Chart,2000,어제처럼,제이,어제처럼₩제이,어제처럼₩제이(J),oLzBSf6YHto,youtube music,0.8,어제처럼,
South Korea,KOR,KR,Melon Chart,1975,하얀 나비 (Narr. 이윤선),김정호,하얀 나비 (narr. 이윤선)₩김정호,White Butterfly₩Kim Jungho,stbwFeDU-0Y,youtube music,0.0,White Butterfly,224.0
South Korea,KOR,KR,Melon Chart,2001,해변 Mood Song,윤종신,해변 mood song₩윤종신,해변 Mood song₩윤종신,MunJFefwswE,youtube music,1.0,해변 Mood song,
South Korea,KOR,KR,Melon Chart,1991,내곁에서 떠나가지 말아요,빛과 소금,내곁에서 떠나가지 말아요₩빛과 소금,내곁에서 떠나가지 말아요₩빛과 소금,TsmmSvnfRrc,youtube music,1.0,내곁에서 떠나가지 말아요,
South Korea,KOR,KR,Melon Chart,2002,사랑해도 될까요?,유리상자,사랑해도 될까요?₩유리상자,사랑해도 될까요?₩유리상자,d4Qd-qzhTxA,youtube music,1.0,사랑해도 될까요?,
South Korea,KOR,KR,Melon Chart,2008,추억속의 그대,이승기,추억속의 그대₩이승기,추억속의 그대₩이정식,7wTuFOUxtZU,youtube music,0.8,추억속의 그대,
South Korea,KOR,KR,Melon Chart,2003,Stay,이현우,stay₩이현우,Stay (Nu-Skool Edit)₩Lee Hyun Woo,1jYcrjH6LR0,youtube music,0.21,Stay (Nu-Skool Edit),277.0
South Korea,KOR,KR,Melon Chart,1990,언제나 타인,김수철,언제나 타인₩김수철,언제나 타인₩김수철,cUEFuuOQGG0,youtube music,1.0,언제나 타인,
South Korea,KOR,KR,Melon Chart,1978,빨간풍선,산울림,빨간풍선₩산울림,산울림 - 빨간 풍선 (1978)₩풍금소리,FC5KeWKhz4k,youtube video,0.34,산울림 - 빨간 풍선 (1978),155.0
South Korea,KOR,KR,Melon Chart,2002,Sweet Dream,장나라,sweet dream₩장나라,Sweet Dream₩장나라,fKmU0rmgATE,youtube music,1.0,Sweet Dream,
South Korea,KOR,KR,Melon Chart,1984,당신은 안개였나요,이미배,당신은 안개였나요₩이미배,당신은 안개였나요₩이미배,fTIlZQzIK_g,youtube music,1.0,당신은 안개였나요,
South Korea,KOR,KR,Melon Chart,2006,하기 힘든 말,이승기,하기 힘든 말₩이승기,하기 힘든 말₩이승기,LDJc-R0UDEs,youtube music,1.0,하기 힘든 말,
South Korea,KOR,KR,Melon Chart,1998,사람이 꽃보다 아름다워,안치환,사람이 꽃보다 아름다워₩안치환,사람이 꽃보다 아름다워₩안치환,6JKo5VVgS-0,youtube music,1.0,사람이 꽃보다 아름다워,
South Korea,KOR,KR,Melon Chart,1992,잠 못 드는 밤 비는 내리고,김건모,잠 못 드는 밤 비는 내리고₩김건모,잠 못 드는 밤 비는 내리고 - 김건모₩ᅳ임이성,aVYFR7ONxlM,youtube video,0.84,잠 못 드는 밤 비는 내리고 - 김건모,
South Korea,KOR,KR,Melon Chart,2009,사랑비,김태우,사랑비₩김태우,사랑비₩김태우,LF2zAz2_ICA,youtube music,1.0,사랑비,
South Korea,KOR,KR,Melon Chart,1989,아름다워라 그대,김종찬,아름다워라 그대₩김종찬,아름다워라 그대 - 김종찬  #가요커버₩상큼희야,x8TQ1Mq_ft4,youtube video,0.61,아름다워라 그대 - 김종찬  #가요커버,274.0
South Korea,KOR,KR,Melon Chart,1999,여전히 아름다운지,김연우,여전히 아름다운지₩김연우,여전히 아름다운지₩토이,nuAiFzEkFZM,youtube music,0.78,여전히 아름다운지,
South Korea,KOR,KR,Melon Chart,2003,와줘..,세븐,와줘..₩세븐,[K-POP] Seven - 와줘₩nunobono,YVijIXtwKF8,youtube video,0.062,[K-POP] Seven - 와줘,266.0
South Korea,KOR,KR,Melon Chart,1998,Happy Together,서영은,happy together₩서영은,Happy Together₩터틀스,pSw8an1u3rc,youtube music,0.82,Happy Together,
South Korea,KOR,KR,Melon Chart,1986,울면서 후회하네,주현미,울면서 후회하네₩주현미,울면서 후회하네₩주현미,O_elPfhBW8M,youtube music,1.0,울면서 후회하네,
South Korea,KOR,KR,Melon Chart,2004,Ring My Bell (Feat. 나얼 Of Brown Eyed Soul),다이나믹 듀오,ring my bell (feat. 나얼 of brown eyed soul)₩다이나믹 듀오,다이나믹듀오   ring my bell₩sks8410,zncYUXa9Cto,youtube video,0.44,다이나믹듀오   ring my bell,228.0
South Korea,KOR,KR,Melon Chart,2000,고백,박혜경,고백₩박혜경,고백₩박혜경,LnwHKkmLfpQ,youtube music,1.0,고백,
South Korea,KOR,KR,Melon Chart,1989,"나, 너 그리고 우리",김용학,"나, 너 그리고 우리₩김용학","나, 너 그리고 우리₩김휘철",WiCVYJmyhAo,youtube music,0.86,"나, 너 그리고 우리",
South Korea,KOR,KR,Melon Chart,2005,2 A.m (2:00am),전혜빈,2 a.m (2:00am)₩전혜빈,2 Am (2:00 Am)₩전혜빈,PQtdruH03CY,youtube music,0.82,2 Am (2:00 Am),
South Korea,KOR,KR,Melon Chart,1992,환상속의 그대,서태지와 아이들,환상속의 그대₩서태지와 아이들,"서태지와 아이들(Seotaiji and Boys) - 환상속의 그대(You, In the Fantasy) M/V₩Seo Taiji",KGcwGoXfUDk,youtube video,0.3,"서태지와 아이들(Seotaiji and Boys) - 환상속의 그대(You, In the Fantasy) M/V",225.0
South Korea,KOR,KR,Melon Chart,1977,소녀와 가로등,진미령,소녀와 가로등₩진미령,소녀와 가로등₩진미령,s8HCPQHBgzA,youtube music,1.0,소녀와 가로등,
South Korea,KOR,KR,Melon Chart,1975,찬비,하수영,찬비₩하수영,찬비₩하수영,lp8XmqMeEMc,youtube music,1.0,찬비,
South Korea,KOR,KR,Melon Chart,2009,행복병 (Feat. Shorry J (Mm)),김종국,행복병 (feat. shorry j (mm))₩김종국,행복병 (feat. Shorry J)₩김종국,TFd38u0QihI,youtube music,0.86,행복병 (feat. Shorry J),
South Korea,KOR,KR,Melon Chart,1972,고향이 좋아,김상진,고향이 좋아₩김상진,고향이 좋아₩김상진,MW0lEEb7A2I,youtube music,1.0,고향이 좋아,
South Korea,KOR,KR,Melon Chart,1985,사랑했어요,김현식,사랑했어요₩김현식,사랑했어요₩김현식,F0RLq3k6kos,youtube music,1.0,사랑했어요,
South Korea,KOR,KR,Melon Chart,1987,카페와 여인,김범룡,카페와 여인₩김범룡,카페와 여인₩김범룡,Phmouy0z_NQ,youtube music,1.0,카페와 여인,
South Korea,KOR,KR,Melon Chart,2008,가지마 가지마,브라운 아이즈,가지마 가지마₩브라운 아이즈,가지마 가지마₩브라운 아이즈 (Brown Eyes),aq4_0vH2728,youtube music,0.68,가지마 가지마,286.0
South Korea,KOR,KR,Melon Chart,1992,사랑은 차가운 유혹,양수경,사랑은 차가운 유혹₩양수경,사랑은 차가운 유혹₩양수경,GiHeHr-MacA,youtube music,1.0,사랑은 차가운 유혹,
South Korea,KOR,KR,Melon Chart,1981,주저하지 말아요,방미,주저하지 말아요₩방미,주저하지 말아요₩방미,SBGKwUG2mus,youtube music,1.0,주저하지 말아요,
South Korea,KOR,KR,Melon Chart,2001,미안해요,김건모,미안해요₩김건모,미안해요₩김건모,rC_vLGpo3Sw,youtube music,1.0,미안해요,
South Korea,KOR,KR,Melon Chart,1987,외로워 외로워,구창모,외로워 외로워₩구창모,"구창모 - '외로워 외로워' [쇼특급, 1987] | Koo Chang-mo₩Again 가요톱10 : KBS KPOP Classic",D-gnSv6CjLg,youtube video,0.2,"구창모 - '외로워 외로워' [쇼특급, 1987] | Koo Chang-mo",231.0
South Korea,KOR,KR,Melon Chart,1996,조조 할인 (Feat. 이적),이문세,조조 할인 (feat. 이적)₩이문세,Early Morning Discount(With Lee Juk)₩Lee Moon Sae,wf1OipQMdvk,youtube music,0.06,Early Morning Discount(With Lee Juk),239.0
South Korea,KOR,KR,Melon Chart,1988,소설속의 연인,도시아이들,소설속의 연인₩도시아이들,소설속의 연인₩도시아이들 일승,YdFIt9010CY,youtube music,0.89,소설속의 연인,
South Korea,KOR,KR,Melon Chart,2002,가슴앓이,지영선,가슴앓이₩지영선,가슴앓이₩지영선,T7XFffH78z8,youtube music,1.0,가슴앓이,
South Korea,KOR,KR,Melon Chart,1970,당신은 철새,김부자,당신은 철새₩김부자,당신은 철새₩김부자,K1JSYhf3GO4,youtube music,1.0,당신은 철새,
South Korea,KOR,KR,Melon Chart,1967,흑산도 아가씨,이미자,흑산도 아가씨₩이미자,흑산도 아가씨₩이미자,wdJrKXCvUhY,youtube music,1.0,흑산도 아가씨,
South Korea,KOR,KR,Melon Chart,2001,잘가요 내사랑,조성모,잘가요 내사랑₩조성모,잘가요 내사랑₩조성모,l7CTprM55cI,youtube video,1.0,잘가요 내사랑,
South Korea,KOR,KR,Melon Chart,1989,사람들은 모두 변하나 봐 (가을),봄여름가을겨울,사람들은 모두 변하나 봐 (가을)₩봄여름가을겨울,People All Change (Concert for The One)₩SSaW,LS5n2DhYWwU,youtube video,0.059,People All Change (Concert for The One),340.0
South Korea,KOR,KR,Melon Chart,1989,어떤이의 꿈,봄여름가을겨울,어떤이의 꿈₩봄여름가을겨울,어떤 이의 꿈 -- 봄.여름.가을.겨울₩southkoreanfolksongs,oAggLD932IU,youtube video,0.33,어떤 이의 꿈 -- 봄.여름.가을.겨울,195.0
South Korea,KOR,KR,Melon Chart,1999,Shut Up!,유승준,shut up!₩유승준,Shut Up₩유승준,yHhPPYIDna4,youtube music,0.86,Shut Up,
South Korea,KOR,KR,Melon Chart,1995,내가 만일,안치환,내가 만일₩안치환,내가 만일₩안치환,6eLT4_bbgdY,youtube music,1.0,내가 만일,
South Korea,KOR,KR,Melon Chart,2006,마주치지 말자,장혜진,마주치지 말자₩장혜진,마주치지 말자₩장혜진,rsjGsRHX5nM,youtube music,1.0,마주치지 말자,
South Korea,KOR,KR,Melon Chart,1990,사랑할꺼야,이상은,사랑할꺼야₩이상은,이상은 - 사랑할꺼야₩전지훈,4kR3FBhPMd4,youtube video,0.64,이상은 - 사랑할꺼야,227.0
South Korea,KOR,KR,Melon Chart,1988,서울 서울 서울,조용필,서울 서울 서울₩조용필,서울 서울 서울₩조용필,FzCNvNqg67U,youtube music,1.0,서울 서울 서울,
South Korea,KOR,KR,Melon Chart,1968,아카시아 이별,이영숙,아카시아 이별₩이영숙,아카시아의 이별₩이영숙,mXxs83vIiTI,youtube music,0.86,아카시아의 이별,
South Korea,KOR,KR,Melon Chart,1990,나만의 그대,이상우,나만의 그대₩이상우,나만의 그대₩이상우,X79ORXCJkMI,youtube music,1.0,나만의 그대,
South Korea,KOR,KR,Melon Chart,1989,슬픈안녕,푸른하늘,슬픈안녕₩푸른하늘,슬픔은 안녕₩푸른하늘,zSoV8B0J5G8,youtube music,0.67,슬픔은 안녕,315.0
South Korea,KOR,KR,Melon Chart,2000,흔들린 우정,홍경민,흔들린 우정₩홍경민,Shaky Friendship₩No Band & Hong Kyung Min,q30LJrk7oZQ,youtube music,0.0,Shaky Friendship,303.0
South Korea,KOR,KR,Melon Chart,1988,사랑이 지는 이자리,이선희,사랑이 지는 이자리₩이선희,사랑이 지는 이자리₩이선희,pUyZqvme2T0,youtube music,1.0,사랑이 지는 이자리,
South Korea,KOR,KR,Melon Chart,2000,주문을 걸어,박혜경,주문을 걸어₩박혜경,주문을 걸어₩박혜경,jw0E5W5BTKs,youtube music,1.0,주문을 걸어,
South Korea,KOR,KR,Melon Chart,1991,이별 아닌 이별,이범학,이별 아닌 이별₩이범학,이별 아닌 이별₩이범학,WZk_tei99D0,youtube music,1.0,이별 아닌 이별,
South Korea,KOR,KR,Melon Chart,2005,광 (狂),Sg 워너비,광 (狂)₩sg 워너비,광 (狂)₩SG 워너비 SG WANNABE,VO88htcm09E,youtube music,0.67,광 (狂),237.0
South Korea,KOR,KR,Melon Chart,1967,육군 김일병,봉봉사중창단,육군 김일병₩봉봉사중창단,육군 김일병₩봉봉,y--kJy7ZeJw,youtube music,0.8,육군 김일병,
South Korea,KOR,KR,Melon Chart,1974,잊게 해주오,템페스트,잊게 해주오₩템페스트,잊게 해주오₩템페스트,w99s5AbLB_A,youtube music,1.0,잊게 해주오,
South Korea,KOR,KR,Melon Chart,2002,안 되나요.. (부제: 화양연화),휘성 (Realslow),안 되나요.. (부제: 화양연화)₩휘성 (realslow),안되나요₩Wheesung,fp_iwAFsB_I,youtube music,0.093,안되나요,271.0
South Korea,KOR,KR,Melon Chart,1993,더 늦기전에 (Themesong),Various Artists,더 늦기전에 (themesong)₩various artists,더 늦기전에 (Themesong)₩Various Artists,yNQVuvYzVgc,youtube music,1.0,더 늦기전에 (Themesong),
South Korea,KOR,KR,Melon Chart,1967,유달산아 말해다오,이미자,유달산아 말해다오₩이미자,유달산아 말해다오₩이미자,BXtlNQcQu8A,youtube music,1.0,유달산아 말해다오,
South Korea,KOR,KR,Melon Chart,2004,Honeymoon,유엔,honeymoon₩유엔,"UN - Honeymoon, 유엔 - 허니문, Music Camp 20040710₩MBCkpop",i08SKyo4IR8,youtube video,0.35,"UN - Honeymoon, 유엔 - 허니문, Music Camp 20040710",219.0
South Korea,KOR,KR,Melon Chart,1986,사랑은 이제 그만,민해경,사랑은 이제 그만₩민해경,사랑은 이제 그만₩민해경,xqNJAtersSk,youtube music,1.0,사랑은 이제 그만,
South Korea,KOR,KR,Melon Chart,1999,Kiss Me,박진영,kiss me₩박진영,Kiss Me₩박진영,OrV_WQ8BA28,youtube music,1.0,Kiss Me,
South Korea,KOR,KR,Melon Chart,2008,어쩌다,브라운아이드걸스,어쩌다₩브라운아이드걸스,어쩌다₩브라운아이드걸스,J0_2pczlpE8,youtube music,1.0,어쩌다,
South Korea,KOR,KR,Melon Chart,1998,배려,김동률,배려₩김동률,배려₩김동률,1HCX0wS6uRo,youtube music,1.0,배려,
South Korea,KOR,KR,Melon Chart,1979,여름,징검다리,여름₩징검다리,여름₩징검다리,nF4ZRC2B5ow,youtube music,1.0,여름,
South Korea,KOR,KR,Melon Chart,2009,부른다,서인국,부른다₩서인국,부른다 메달₩서인국,uzf9spMoqOc,youtube music,0.8,부른다 메달,
South Korea,KOR,KR,Melon Chart,1979,행복이란,조경수,행복이란₩조경수,행복이란₩조경수,gYILeeDL2Ak,youtube music,1.0,행복이란,
South Korea,KOR,KR,Melon Chart,1999,사랑하게 되면,안치환,사랑하게 되면₩안치환,사랑하게 되면₩안치환,C9AEr3z3mds,youtube music,1.0,사랑하게 되면,
South Korea,KOR,KR,Melon Chart,2003,좋은날,유리상자,좋은날₩유리상자,좋은날₩유리상자,W2dZ1TlYOU8,youtube music,1.0,좋은날,
South Korea,KOR,KR,Melon Chart,2003,난 너에게 (To You),샤크라,난 너에게 (to you)₩샤크라,"Chakra - To you, 샤크라 - 난 너에게, Music Camp 20031004₩MBCkpop",cetTLxgAIww,youtube video,0.33,"Chakra - To you, 샤크라 - 난 너에게, Music Camp 20031004",195.0
South Korea,KOR,KR,Melon Chart,1972,달맞이 꽃,이용복,달맞이 꽃₩이용복,달맞이 꽃₩이용복,IAOAvlBJidw,youtube music,1.0,달맞이 꽃,
South Korea,KOR,KR,Melon Chart,1991,어떤 이별,변진섭,어떤 이별₩변진섭,어떤 이별 변진섭₩cool oh,meiBA-aYoHk,youtube video,0.67,어떤 이별 변진섭,264.0
South Korea,KOR,KR,Melon Chart,2004,평화의 날,에픽 하이 (Epik High),평화의 날₩에픽 하이 (epik high),평화의 날₩에픽하이(EPIK HIGH),xOALAXrPr6E,youtube video,0.86,평화의 날,
South Korea,KOR,KR,Melon Chart,2000,가니,진주,가니₩진주,가니₩진주,LbTZf3PumWg,youtube music,1.0,가니,
South Korea,KOR,KR,Melon Chart,1965,울어라 열풍아,이미자,울어라 열풍아₩이미자,울어라 열풍아₩이미자,vkSbNz1BlYQ,youtube music,1.0,울어라 열풍아,
South Korea,KOR,KR,Melon Chart,1995,이브의 경고,박미경,이브의 경고₩박미경,이브의 경고₩박정현,hHyMXcGLDbY,youtube music,0.78,이브의 경고,
South Korea,KOR,KR,Melon Chart,1994,"서울, 이곳은",장철웅,"서울, 이곳은₩장철웅",서울 이곳은₩장철웅,axmo2W0vk5E,youtube music,0.84,서울 이곳은,
South Korea,KOR,KR,Melon Chart,1968,그리움은 가슴마다,이미자,그리움은 가슴마다₩이미자,그리움은 가슴마다₩이미자,ooxqYTqw6lY,youtube music,1.0,그리움은 가슴마다,
South Korea,KOR,KR,Melon Chart,1991,흩어진 나날들,강수지,흩어진 나날들₩강수지,흩어진 나날들₩강수지,xW-IyFuzamo,youtube music,1.0,흩어진 나날들,
South Korea,KOR,KR,Melon Chart,1967,애인,현미,애인₩현미,애인₩현미,uOrkuZD0Z7c,youtube music,1.0,애인,
South Korea,KOR,KR,Melon Chart,1993,난 멈추지 않는다,잼,난 멈추지 않는다₩잼,난 멈추지 않는다₩이정열,9sCyulO23RU,youtube music,0.82,난 멈추지 않는다,
South Korea,KOR,KR,Melon Chart,1988,초연,김연숙,초연₩김연숙,초연₩김연숙,kGp3B997oIM,youtube music,1.0,초연,
South Korea,KOR,KR,Melon Chart,2009,전화 한 번 못하니 (Feat. 미스에스 태혜영),왁스,전화 한 번 못하니 (feat. 미스에스 태혜영)₩왁스,전화 한 번 못하니 (feat. 미스에스 태혜영)₩왁스,SXQWAFF7cEw,youtube music,1.0,전화 한 번 못하니 (feat. 미스에스 태혜영),
South Korea,KOR,KR,Melon Chart,2007,비밀번호 486,윤하 (Younha),비밀번호 486₩윤하 (younha),비밀번호 486₩Younha,elulW4MAsP0,youtube music,0.79,비밀번호 486,
South Korea,KOR,KR,Melon Chart,2001,인형 (Duet. 신혜성),이지훈,인형 (duet. 신혜성)₩이지훈,인형 (Duet 신혜성)₩이지훈,BqqLAkWwzIU,youtube music,0.91,인형 (Duet 신혜성),
South Korea,KOR,KR,Melon Chart,2000,Time Out,제이,time out₩제이,Time Out₩제이밤,sFwNOEkNoqk,youtube video,0.95,Time Out,
South Korea,KOR,KR,Melon Chart,2005,꽃들은 지고,이수영,꽃들은 지고₩이수영,꽃들은 지고₩이수영,XcpEKa-an1k,youtube music,1.0,꽃들은 지고,
South Korea,KOR,KR,Melon Chart,1998,왜불러,디바,왜불러₩디바,왜불러 (MR)₩Music For U,qtHmsMtSPmQ,youtube music,0.25,왜불러 (MR),250.0
South Korea,KOR,KR,Melon Chart,1993,언젠가는,이상은,언젠가는₩이상은,언젠가는₩이상은,jy9R2FN9Lek,youtube music,1.0,언젠가는,
South Korea,KOR,KR,Melon Chart,1986,바다에 누워,높은음자리,바다에 누워₩높은음자리,바다에 누워₩높은음자리,Czn2JOH6_T8,youtube music,1.0,바다에 누워,
South Korea,KOR,KR,Melon Chart,2003,Try To Remember,성시경,try to remember₩성시경,성시경(Sung Si Kyung) - Try To Remember₩Stone Music Entertainment,rwL8H41MOvc,youtube video,0.43,성시경(Sung Si Kyung) - Try To Remember,168.0
South Korea,KOR,KR,Melon Chart,2003,제비,김건모,제비₩김건모,제비₩김건모,cuKTuSXSnBs,youtube music,1.0,제비,
South Korea,KOR,KR,Melon Chart,1998,널 위해 준비된 사랑,김조한,널 위해 준비된 사랑₩김조한,널 위해 준비된 사랑₩김조한,xYud0u9bs2c,youtube video,1.0,널 위해 준비된 사랑,
South Korea,KOR,KR,Melon Chart,2002,미안해,김장훈,미안해₩김장훈,미안해₩김장훈,oxFXJfn9-Vc,youtube music,1.0,미안해,
South Korea,KOR,KR,Melon Chart,1990,아침,Various Artists,아침₩various artists,아침₩Various Artists,fneF93VWYcU,youtube music,1.0,아침,
South Korea,KOR,KR,Melon Chart,2001,동경,박효신,동경₩박효신,동경₩박효신,bBVUTXtF0l0,youtube music,1.0,동경,
South Korea,KOR,KR,Melon Chart,1999,지각,유리상자,지각₩유리상자,지각₩유리상자,Y5F5S_zx2eg,youtube music,1.0,지각,
South Korea,KOR,KR,Melon Chart,1989,마지막 나의 모습,이승철,마지막 나의 모습₩이승철,마지막 나의 모습₩이승철,aLgL7qUQK0U,youtube music,1.0,마지막 나의 모습,
South Korea,KOR,KR,Melon Chart,2001,Never Again,이수영,never again₩이수영,Never Again₩이수영,clwgrtjvHjs,youtube music,1.0,Never Again,
South Korea,KOR,KR,Melon Chart,1993,알수 없는 이별,양수경,알수 없는 이별₩양수경,알 수 없는 이별₩양수경,BeTJNprer0E,youtube music,0.87,알 수 없는 이별,
South Korea,KOR,KR,Melon Chart,1997,결혼해줘,임창정,결혼해줘₩임창정,결혼해줘₩임창정,QnYINF8ucnY,youtube music,1.0,결혼해줘,
South Korea,KOR,KR,Melon Chart,1975,당신은 몰라,검은 나비,당신은 몰라₩검은 나비,검은나비(최헌) - 당신은 몰라 1974₩WarZimi,0LIpPS652Ks,youtube video,0.4,검은나비(최헌) - 당신은 몰라 1974,217.0
South Korea,KOR,KR,Melon Chart,1999,사랑과 영혼 (Feat. 김태영),클론,사랑과 영혼 (feat. 김태영)₩클론,클론 - 사랑과 영혼(Feat. 김태영)₩알럽뮤,TlXt-rJeoRc,youtube video,0.76,클론 - 사랑과 영혼(Feat. 김태영),
South Korea,KOR,KR,Melon Chart,1999,미안해 널 미워해,자우림,미안해 널 미워해₩자우림,미안해 널 미워해₩자우림,rBa4ZYxI4vM,youtube music,1.0,미안해 널 미워해,
South Korea,KOR,KR,Melon Chart,1987,난 네가 좋아,김승진,난 네가 좋아₩김승진,난 네가 좋아 - 김승진(1987)₩UnInvited Guest,RDbGXQ7n97U,youtube video,0.45,난 네가 좋아 - 김승진(1987),200.0
South Korea,KOR,KR,Melon Chart,1997,연인,룰라,연인₩룰라,연인₩룰라,hi6b1xa80N4,youtube music,1.0,연인,
South Korea,KOR,KR,Melon Chart,1984,첫사랑이야,이용,첫사랑이야₩이용,첫사랑이야₩이용,dtQbzvJ6p4M,youtube music,1.0,첫사랑이야,
South Korea,KOR,KR,Melon Chart,2001,축복,강성훈,축복₩강성훈,Chukbok₩Kang Sunghun,cU0EB-BYApM,youtube music,0.0,Chukbok,280.0
South Korea,KOR,KR,Melon Chart,1997,뿌요 뿌요,유피,뿌요 뿌요₩유피,뿌요뿌요₩유피,tPqfoWF5CJ0,youtube music,0.77,뿌요뿌요,
South Korea,KOR,KR,Melon Chart,1980,당신은 누구시길래,심수봉,당신은 누구시길래₩심수봉,당신은 누구시길래₩심수봉,ygt9nJ5hoeY,youtube music,1.0,당신은 누구시길래,
South Korea,KOR,KR,Melon Chart,2007,Evergreen (Feat. 이지혜),Pk 헤만,evergreen (feat. 이지혜)₩pk 헤만,PK헤만 - Evergreen(feat. 이지혜)₩Brightriver87,TGhFh9fF0Zw,youtube video,0.64,PK헤만 - Evergreen(feat. 이지혜),197.0
South Korea,KOR,KR,Melon Chart,1993,하여가(何如歌),서태지와 아이들,하여가(何如歌)₩서태지와 아이들,서태지와 아이들(Seotaiji and Boys) - 하여가(Anyhow Song) M/V₩Seo Taiji,L-AxO7EPU8c,youtube video,0.29,서태지와 아이들(Seotaiji and Boys) - 하여가(Anyhow Song) M/V,295.0
South Korea,KOR,KR,Melon Chart,1972,옛생각,조영남,옛생각₩조영남,옛생각₩조영남,RWVS5_QPANw,youtube music,1.0,옛생각,
South Korea,KOR,KR,Melon Chart,1981,우리만나요 처음만난 그곳에서,백영규,우리만나요 처음만난 그곳에서₩백영규,우리 만나요 처음 만난 그곳에서₩백영규,h7GXI4jUjnM,youtube music,0.84,우리 만나요 처음 만난 그곳에서,
South Korea,KOR,KR,Melon Chart,2005,제자리 걸음,김종국,제자리 걸음₩김종국,제자리 걸음₩김종국,NUcJPLRf0Vo,youtube music,1.0,제자리 걸음,
South Korea,KOR,KR,Melon Chart,1989,친구에게,임지훈,친구에게₩임지훈,친구에게  임지훈₩신기석,WF6O29yyVJc,youtube video,0.74,친구에게  임지훈,247.0
South Korea,KOR,KR,Melon Chart,2007,같은 베개...,테이,같은 베개...₩테이,테이 - 같은 베개₩신자유,RF_PZ2pf2Fs,youtube video,0.43,테이 - 같은 베개,265.0
South Korea,KOR,KR,Melon Chart,1996,겨울이야기,Dj Doc,겨울이야기₩dj doc,겨울 이야기 (Radio Version)₩디제이 디오씨(DJ DOC),qah95aY6FT4,youtube music,0.38,겨울 이야기 (Radio Version),236.0
South Korea,KOR,KR,Melon Chart,1982,남포동 부르스,김수희,남포동 부르스₩김수희,남포동 부루스₩김수희,LGfnWJS8x7Y,youtube music,0.8,남포동 부루스,
South Korea,KOR,KR,Melon Chart,1983,내 마음 당신곁으로,김정수,내 마음 당신곁으로₩김정수,내 마음 당신곁으로₩김정수,FUVE5TP_mjw,youtube music,1.0,내 마음 당신곁으로,
South Korea,KOR,KR,Melon Chart,1998,널 보낸 이유 (Live),이승철,널 보낸 이유 (live)₩이승철,이승철  -  널 보낸 이유₩음악한줌,HU9vLEnr1Do,youtube video,0.5,이승철  -  널 보낸 이유,217.0
South Korea,KOR,KR,Melon Chart,2006,Maybe I Love You (Feat. 빅톤),걸 프렌즈,maybe i love you (feat. 빅톤)₩걸 프렌즈,Maybe I Love You (feat. 빅톤)₩걸프렌즈(Girl Friends),kc69dXlxE34,youtube music,0.78,Maybe I Love You (feat. 빅톤),
South Korea,KOR,KR,Melon Chart,2004,해바라기 (그녀에게..),박상민,해바라기 (그녀에게..)₩박상민,해바라기 (그녀에게...)₩박상민 (Park Sang Min),QHMHRAiLSVc,youtube music,0.65,해바라기 (그녀에게...),249.0
South Korea,KOR,KR,Melon Chart,2003,Chiki Chiki-Love Song,여행스케치,chiki chiki-love song₩여행스케치,Chiki Chiki love song-여행스케치 노래방 반주 악보 MR 가사 코드 영상(나도스타방송)₩나도스타방송,IubSE9Z1Gqs,youtube video,0.49,Chiki Chiki love song-여행스케치 노래방 반주 악보 MR 가사 코드 영상(나도스타방송),229.0
South Korea,KOR,KR,Melon Chart,2003,Goodbye,이수영,goodbye₩이수영,Goodbye₩이수영,Mk2yZjO8DoA,youtube music,1.0,Goodbye,
South Korea,KOR,KR,Melon Chart,2009,터질 것 같아,지아,터질 것 같아₩지아,터질 것 같아₩지아,FmaSeuBl8Dg,youtube music,1.0,터질 것 같아,
South Korea,KOR,KR,Melon Chart,1996,늘 지금처럼 (Come On Baby Tonight),이예린,늘 지금처럼 (come on baby tonight)₩이예린,이예린 - 늘 지금처럼 (Come On Baby Tonight) 가사₩푸른소년,3ytGUEhGaMw,youtube video,0.84,이예린 - 늘 지금처럼 (Come On Baby Tonight) 가사,
South Korea,KOR,KR,Melon Chart,1989,아직도 못다한 이야기,전영록,아직도 못다한 이야기₩전영록,아직도 못다한 이야기₩전영록,8fjX-WEbVrM,youtube music,1.0,아직도 못다한 이야기,
South Korea,KOR,KR,Melon Chart,1979,못잊어,패티김,못잊어₩패티김,못잊어₩패티김,AZwtzddohpo,youtube music,1.0,못잊어,
South Korea,KOR,KR,Melon Chart,1984,잃어버린 정,김수희,잃어버린 정₩김수희,잃어버린 정₩김수희,WK6n4XBplX8,youtube music,1.0,잃어버린 정,
South Korea,KOR,KR,Melon Chart,2007,그대 내게 다시,럼블피쉬,그대 내게 다시₩럼블피쉬,그대 내게 다시₩변진섭,dI6BhDwvTB4,youtube music,0.7,그대 내게 다시,256.0
South Korea,KOR,KR,Melon Chart,1971,바다가 육지라면,조미미,바다가 육지라면₩조미미,바다가 육지라면₩조미미,2aX0vzNXDmM,youtube music,1.0,바다가 육지라면,
South Korea,KOR,KR,Melon Chart,1992,애수,김완선,애수₩김완선,애수₩김완선,Ai0H4okWAf0,youtube music,1.0,애수,
South Korea,KOR,KR,Melon Chart,1980,기다리는 여심,계은숙,기다리는 여심₩계은숙,기다리는 여심₩계은숙,79J2R-rFaLI,youtube music,1.0,기다리는 여심,
South Korea,KOR,KR,Melon Chart,1974,내 노래에 날개가 있다면,윤지영,내 노래에 날개가 있다면₩윤지영,내 노래에 날개가 있다면₩윤지영,XjlLQlNhSws,youtube music,1.0,내 노래에 날개가 있다면,
South Korea,KOR,KR,Melon Chart,1979,제3한강교,혜은이,제3한강교₩혜은이,제3한강교₩혜은이,T0bEUZlcUtw,youtube music,1.0,제3한강교,
South Korea,KOR,KR,Melon Chart,2005,겁쟁이,버즈,겁쟁이₩버즈,겁쟁이₩버즈,qkIrcN04AyQ,youtube music,1.0,겁쟁이,
South Korea,KOR,KR,Melon Chart,2000,Upt Paradoxxx,업타운,upt paradoxxx₩업타운,UPT Paradoxxx(Song Ver.)₩Uptown,J6YlszBOIPo,youtube music,0.52,UPT Paradoxxx(Song Ver.),246.0
South Korea,KOR,KR,Melon Chart,1973,우리들의 이야기,윤형주,우리들의 이야기₩윤형주,우리들의 이야기₩윤형주,CwttEi0FAUM,youtube music,1.0,우리들의 이야기,
South Korea,KOR,KR,Melon Chart,1965,진주 조개 잡이,박재란,진주 조개 잡이₩박재란,진주 조개잡이₩박재란,OWbCrVXYKro,youtube music,0.86,진주 조개잡이,
South Korea,KOR,KR,Melon Chart,1999,Blue Day,포지션,blue day₩포지션,Blue day₩포지션,3EzWRaiTUgc,youtube music,1.0,Blue day,
South Korea,KOR,KR,Melon Chart,1969,님아,펄 시스터즈,님아₩펄 시스터즈,님아!₩펄 시스터즈,ZFlknYZO_Uw,youtube music,0.82,님아!,
South Korea,KOR,KR,Melon Chart,1972,해변의 여인,나훈아,해변의 여인₩나훈아,해변의 여인₩나훈아,8niQwzWzy-0,youtube music,1.0,해변의 여인,
South Korea,KOR,KR,Melon Chart,1998,비원(悲願),박상민,비원(悲願)₩박상민,박상민  //  비원 / 지중해~~ 9곡모음  [Park Sang Min - Best Song Collection]₩서윤덕,Pq2vyKLTaBs,youtube video,0.079,박상민  //  비원 / 지중해~~ 9곡모음  [Park Sang Min - Best Song Collection],2322.0
South Korea,KOR,KR,Melon Chart,1992,Main Title : Love Theme 여명의 눈동자,최경식,main title : love theme 여명의 눈동자₩최경식,01 MAIN TITLE LOVE THEME 여명의 눈동자₩최경식의 드라마 음악,KvNA-Al5npI,youtube video,0.83,01 MAIN TITLE LOVE THEME 여명의 눈동자,
South Korea,KOR,KR,Melon Chart,1987,하얀밤에,전영록,하얀밤에₩전영록,하얀밤에₩전영록,PtmcRiqxQHY,youtube music,1.0,하얀밤에,
South Korea,KOR,KR,Melon Chart,1979,열애,윤시내,열애₩윤시내,열애₩윤시내,YvO6Iy2IOqA,youtube music,1.0,열애,
South Korea,KOR,KR,Melon Chart,1998,처음 주신 사랑,유리상자,처음 주신 사랑₩유리상자,처음 주신 사랑₩유리상자,nYqgziEptdE,youtube music,1.0,처음 주신 사랑,
South Korea,KOR,KR,Melon Chart,1995,너의 곁으로,이승철,너의 곁으로₩이승철,너의 곁으로₩이승철,vb8oQT4bess,youtube music,1.0,너의 곁으로,
South Korea,KOR,KR,Melon Chart,1987,아디오스 내사랑,임병수,아디오스 내사랑₩임병수,아디오스 내 사랑₩임병수,7PKvpsqL-KM,youtube music,0.87,아디오스 내 사랑,
South Korea,KOR,KR,Melon Chart,1995,이별 공식,R.ef,이별 공식₩r.ef,이별 공식₩R.ef,uYnB-I6eX5U,youtube video,1.0,이별 공식,
South Korea,KOR,KR,Melon Chart,2003,거부,빅마마,거부₩빅마마,거부₩빅마마,K_PyeRM-9zU,youtube music,1.0,거부,
South Korea,KOR,KR,Melon Chart,1968,딜라일라,조영남,딜라일라₩조영남,딜라일라₩조영남,YjKMiEZV0cc,youtube music,1.0,딜라일라,
South Korea,KOR,KR,Melon Chart,2000,서방님,이소은,서방님₩이소은,이소은 - 서방님₩이랄라,eU5DMp8Rf8Q,youtube video,0.67,이소은 - 서방님,300.0
South Korea,KOR,KR,Melon Chart,2002,어떤가요,화요비,어떤가요₩화요비,어떤가요₩화요비,E2CQp6vHtXg,youtube music,1.0,어떤가요,
South Korea,KOR,KR,Melon Chart,1996,취중진담(醉中眞談),전람회,취중진담(醉中眞談)₩전람회,전람회 - 취중진담₩Jamie G,lmKKoOq3A4o,youtube video,0.33,전람회 - 취중진담,318.0
South Korea,KOR,KR,Melon Chart,1987,성숙,민해경,성숙₩민해경,성숙₩민해경,8__sP0PBLz4,youtube music,1.0,성숙,
South Korea,KOR,KR,Melon Chart,2006,바람만바람만,"김종국, Sg 워너비","바람만바람만₩김종국, sg 워너비",바람만바람만 (바람만바람만)₩김종국 & SG워너비,1QRKs0As3lA,youtube music,0.6,바람만바람만 (바람만바람만),260.0
South Korea,KOR,KR,Melon Chart,2006,사랑한다는 말,김종국,사랑한다는 말₩김종국,사랑한다는 말₩김종국,EjE6wObDsO4,youtube music,1.0,사랑한다는 말,
South Korea,KOR,KR,Melon Chart,1979,이빠진 동그라미,활주로,이빠진 동그라미₩활주로,이빠진 동그라미₩우진,iucsPcJ77Bk,youtube music,0.76,이빠진 동그라미,
South Korea,KOR,KR,Melon Chart,2003,차마...,성시경,차마...₩성시경,차마...₩성시경,SR29CCtJGJ4,youtube music,1.0,차마...,
South Korea,KOR,KR,Melon Chart,2007,오아시스 (Feat. 이재훈),브라운아이드걸스,오아시스 (feat. 이재훈)₩브라운아이드걸스,오아시스₩Brown Eyed Girls,FMqNVRzHXXE,youtube music,0.18,오아시스,234.0
South Korea,KOR,KR,Melon Chart,2000,가시나무,조성모,가시나무₩조성모,가시나무₩조성모,5kXHfQW9HSg,youtube music,1.0,가시나무,
South Korea,KOR,KR,Melon Chart,2000,왠지 느낌이 좋아,여행스케치,왠지 느낌이 좋아₩여행스케치,왠지 느낌이 좋아₩여행스케치,utLOdeyNarM,youtube music,1.0,왠지 느낌이 좋아,
South Korea,KOR,KR,Melon Chart,1977,오동잎,최헌,오동잎₩최헌,오동잎₩최헌,0eWwWerw7jo,youtube music,1.0,오동잎,
South Korea,KOR,KR,Melon Chart,1980,제 7광구,정난이,제 7광구₩정난이,제 7광구₩정난이,kCbtqtQu4lQ,youtube music,1.0,제 7광구,
South Korea,KOR,KR,Melon Chart,2006,I Go,럼블피쉬,i go₩럼블피쉬,럼블피쉬(Rumble Fish) - I Go₩가요올드스쿨,MfMdGJ8yTPg,youtube video,0.37,럼블피쉬(Rumble Fish) - I Go,197.0
South Korea,KOR,KR,Melon Chart,1989,탄생,이상원,탄생₩이상원,탄생₩이상원,vYh3oDmWCxs,youtube music,1.0,탄생,
South Korea,KOR,KR,Melon Chart,1976,애심,전영록,애심₩전영록,애심₩전영록,8KMuj-TWRsY,youtube music,1.0,애심,
South Korea,KOR,KR,Melon Chart,1985,물망초,황선형,물망초₩황선형,물망초₩황선형,7VdZ1W0CIAc,youtube music,1.0,물망초,
South Korea,KOR,KR,Melon Chart,1980,빙빙빙,하성관,빙빙빙₩하성관,빙빙빙₩하성관,h4CCktXd_0I,youtube music,1.0,빙빙빙,
South Korea,KOR,KR,Melon Chart,1998,Everybody,진주,everybody₩진주,Everybody₩V!VO,tRcWiQ2wFgE,youtube music,0.75,Everybody,192.0
South Korea,KOR,KR,Melon Chart,1996,혼자만의 겨울,강수지,혼자만의 겨울₩강수지,혼자만의 겨울₩강수지,56ZbwskQhpo,youtube music,1.0,혼자만의 겨울,
South Korea,KOR,KR,Melon Chart,2009,Abracadabra,브라운아이드걸스,abracadabra₩브라운아이드걸스,Abracadabra₩브라운아이드걸스,LsKzPtlG7DI,youtube music,1.0,Abracadabra,
South Korea,KOR,KR,Melon Chart,2006,사랑은 이별을 데리고 오다 (New Ver.),손호영,사랑은 이별을 데리고 오다 (new ver.)₩손호영,손호영의 사랑은 이별을 데리고 오다 (New Ver.)₩행운의학(이강학),KGiIsyurSkc,youtube video,0.81,손호영의 사랑은 이별을 데리고 오다 (New Ver.),
South Korea,KOR,KR,Melon Chart,1985,내 하나의 사람은 가고,임희숙,내 하나의 사람은 가고₩임희숙,내 하나의 사람은 가고₩임희숙,M5bAsjk9zAY,youtube music,1.0,내 하나의 사람은 가고,
South Korea,KOR,KR,Melon Chart,1973,그대여 변치마오,남진,그대여 변치마오₩남진,그대여 변치마오₩남진,rCaH2PsXs8w,youtube music,1.0,그대여 변치마오,
South Korea,KOR,KR,Melon Chart,1988,사랑이 저만치 가네,김종찬,사랑이 저만치 가네₩김종찬,사랑이 저만치 가네₩김종찬,bki6HQ-6q4o,youtube music,1.0,사랑이 저만치 가네,
South Korea,KOR,KR,Melon Chart,1977,나의 20년,장계현,나의 20년₩장계현,나의 20년₩장계현,EK6nNSEUB3A,youtube music,1.0,나의 20년,
South Korea,KOR,KR,Melon Chart,2006,The Day,"제아, 김연지","the day₩제아, 김연지",김연지+제아  The Day₩트르미,5Nf037_17AU,youtube video,0.62,김연지+제아  The Day,222.0
South Korea,KOR,KR,Melon Chart,1992,내가 너를 느끼듯이,손지창,내가 너를 느끼듯이₩손지창,내가 너를 느끼듯이₩손지창,FQ1rlk_37Lw,youtube music,1.0,내가 너를 느끼듯이,
South Korea,KOR,KR,Melon Chart,2001,오늘까지만,김조한,오늘까지만₩김조한,오늘까지만₩김조한,HdKKH6D0jJg,youtube music,1.0,오늘까지만,
South Korea,KOR,KR,Melon Chart,1972,고독,이필원,고독₩이필원,고독₩이필원,1f27mDZi_BA,youtube music,1.0,고독,
South Korea,KOR,KR,Melon Chart,2008,남자 때문에,Joo,남자 때문에₩joo,Joo - 남자 때문에₩zdegreesnet,MmO0W9_qV00,youtube video,0.5,Joo - 남자 때문에,292.0
South Korea,KOR,KR,Melon Chart,1986,갈바람,이선희,갈바람₩이선희,갈바람 -  이선희₩불사조,oh9WOPE1Y3Y,youtube video,0.63,갈바람 -  이선희,239.0
South Korea,KOR,KR,Melon Chart,1999,남자이야기 -My Way,허니 패밀리,남자이야기 -my way₩허니 패밀리,남자이야기₩허니패밀리,KxElf_U5oKc,youtube music,0.62,남자이야기,256.0
South Korea,KOR,KR,Melon Chart,1979,나들이,이광조,나들이₩이광조,나들이₩이광조,i8z5wGYJhL4,youtube music,1.0,나들이,
South Korea,KOR,KR,Melon Chart,2006,Once In A Lifetime,신화,once in a lifetime₩신화,Once in a Lifetime₩쳇 램,15y-RGJYrHo,youtube music,0.88,Once in a Lifetime,
South Korea,KOR,KR,Melon Chart,1979,그때 그사람,심수봉,그때 그사람₩심수봉,그때 그사람₩심수봉,JQo-Ah6GDOI,youtube music,1.0,그때 그사람,
South Korea,KOR,KR,Melon Chart,2007,이별살이,린,이별살이₩린,이별살이₩린 LYn,8mi0zESBdBo,youtube music,0.71,이별살이,286.0
South Korea,KOR,KR,Melon Chart,1982,나뭇잎 사이로,조동진,나뭇잎 사이로₩조동진,나뭇잎 사이로₩조동진,_u6TOYFHc7w,youtube music,1.0,나뭇잎 사이로,
South Korea,KOR,KR,Melon Chart,1970,그정 못잊어,나훈아,그정 못잊어₩나훈아,그정 못잊어₩나훈아,LblZeoEWIqM,youtube music,1.0,그정 못잊어,
South Korea,KOR,KR,Melon Chart,1989,여름날의 추억,이정석,여름날의 추억₩이정석,이정석 - 여름날의 추억    1989₩kmmrcococh,GDhPXSKZh_I,youtube video,0.44,이정석 - 여름날의 추억    1989,213.0
South Korea,KOR,KR,Melon Chart,1975,가을 편지,최양숙,가을 편지₩최양숙,가을 편지₩이동원,Y6EIrVT_PQs,youtube music,0.62,가을 편지,202.0
South Korea,KOR,KR,Melon Chart,1968,마포 종점,은방울 자매,마포 종점₩은방울 자매,Last Stop Mapo₩Silver Bell Sisters,HZuQF5pAtFg,youtube music,0.0,Last Stop Mapo,204.0
South Korea,KOR,KR,Melon Chart,2006,남자답게,플라이 투 더 스카이,남자답게₩플라이 투 더 스카이,Like a Man(남자답게)₩Fly to the Sky,bcKeRVm_6Og,youtube music,0.13,Like a Man(남자답게),229.0
South Korea,KOR,KR,Melon Chart,1998,애인이 생겼어요,터보,애인이 생겼어요₩터보,애인이 생겼어요₩터보,2tOBe2UDFyQ,youtube music,1.0,애인이 생겼어요,
South Korea,KOR,KR,Melon Chart,1997,16/20 (열여섯 스물),주주 클럽,16/20 (열여섯 스물)₩주주 클럽,16/20 (열여섯 스물)  -- 주주클럽₩southkoreanfolksongs,CkM1TcQ1o64,youtube video,0.55,16/20 (열여섯 스물)  -- 주주클럽,245.0
South Korea,KOR,KR,Melon Chart,1983,다시는 사랑을 안할테야,김수철,다시는 사랑을 안할테야₩김수철,다시는 사랑을 안할테야₩김수철,9nquQwZWM4s,youtube music,1.0,다시는 사랑을 안할테야,
South Korea,KOR,KR,Melon Chart,1976,눈으로,권태수,눈으로₩권태수,눈으로₩권태수,puZRX7WnhsM,youtube music,1.0,눈으로,
South Korea,KOR,KR,Melon Chart,1998,별이 되어,임창정,별이 되어₩임창정,별이 되어₩임창정,V9_IUfoV2rE,youtube music,1.0,별이 되어,
South Korea,KOR,KR,Melon Chart,1995,G Cafe,소방차,g cafe₩소방차,소방차 - 'G Cafe' | Sobangcha 【KBS 가요톱10】₩Again 가요톱10 : KBS KPOP Classic,MNNap2H8-AM,youtube video,0.18,소방차 - 'G Cafe' | Sobangcha 【KBS 가요톱10】,242.0
South Korea,KOR,KR,Melon Chart,1990,그대가 나에게,이승철,그대가 나에게₩이승철,그대가 나에게₩이승철,jPkriNQmz-4,youtube music,1.0,그대가 나에게,
South Korea,KOR,KR,Melon Chart,1972,사랑은 장난이 아니랍니다,조미미,사랑은 장난이 아니랍니다₩조미미,사랑은 장난이 아니랍니다₩조미미,spHxom00IMc,youtube music,1.0,사랑은 장난이 아니랍니다,
South Korea,KOR,KR,Melon Chart,2000,애수(哀愁),God,애수(哀愁)₩god,애수 (애수)₩god,X7MaW_hmX8I,youtube music,0.53,애수 (애수),247.0
South Korea,KOR,KR,Melon Chart,1986,바람이 전하는 말,조용필,바람이 전하는 말₩조용필,조용필 - 바람이 전하는 말₩Ki Young An,RpuAo8vIhbc,youtube video,0.58,조용필 - 바람이 전하는 말,214.0
South Korea,KOR,KR,Melon Chart,1993,걸어서 하늘까지,장현철,걸어서 하늘까지₩장현철,걸어서 하늘까지₩장현철,uB9-e9vaIHU,youtube music,1.0,걸어서 하늘까지,
South Korea,KOR,KR,Melon Chart,2008,Blue Moon,"씨야, 다비치, 블랙펄","blue moon₩씨야, 다비치, 블랙펄",씨야 & 다비치 & 블랙펄 - Blue Moon₩그래,Xmh-pZyyxtA,youtube video,0.65,씨야 & 다비치 & 블랙펄 - Blue Moon,213.0
South Korea,KOR,KR,Melon Chart,2008,바보에게... 바보가,박명수,바보에게... 바보가₩박명수,바보에게 바보가₩박명수,6lHIBkGbRaE,youtube music,0.8,바보에게 바보가,
South Korea,KOR,KR,Melon Chart,2005,Memory,김범수,memory₩김범수,Memory₩김범수,L1KEcC2nIGQ,youtube music,1.0,Memory,
South Korea,KOR,KR,Melon Chart,1974,나 그대에게 모두 드리리,이장희,나 그대에게 모두 드리리₩이장희,나 그대에게 모두 드리리₩이장희,cGZL99RNnJk,youtube music,1.0,나 그대에게 모두 드리리,
South Korea,KOR,KR,Melon Chart,1990,나를 사랑하겠어요,강수지,나를 사랑하겠어요₩강수지,나를사랑하겠어요₩강수지,nz9yLDFdkNI,youtube music,0.87,나를사랑하겠어요,
South Korea,KOR,KR,Melon Chart,1989,동네 (`응답하라 1988` 삽입곡),김현철,동네 (`응답하라 1988` 삽입곡)₩김현철,동네₩Kim Hyun Chul,32q7kJtMlBg,youtube music,0.11,동네,276.0
South Korea,KOR,KR,Melon Chart,2000,Cyber Lover,터보,cyber lover₩터보,Cyber Lover₩터보,-ejZUcfYULg,youtube music,1.0,Cyber Lover,
South Korea,KOR,KR,Melon Chart,2001,또 한번 사랑은 가고,이기찬,또 한번 사랑은 가고₩이기찬,또 한번 사랑은 가고₩이기찬,4fB3H0LPPZc,youtube music,1.0,또 한번 사랑은 가고,
South Korea,KOR,KR,Melon Chart,2003,소주 한 잔,임창정,소주 한 잔₩임창정,소주 한 잔₩임창정,Q6ChonO-4iM,youtube music,1.0,소주 한 잔,
South Korea,KOR,KR,Melon Chart,1976,아직도 그대는 내사랑,이은하,아직도 그대는 내사랑₩이은하,아직도 그대는 내사랑₩이은하,tpu93lD7R08,youtube music,1.0,아직도 그대는 내사랑,
South Korea,KOR,KR,Melon Chart,1990,미련 때문에,최진희,미련 때문에₩최진희,미련 때문에₩최진희,eD3zlyeQmAs,youtube music,1.0,미련 때문에,
South Korea,KOR,KR,Melon Chart,1966,뜨거운 안녕,쟈니리,뜨거운 안녕₩쟈니리,뜨거운 안녕₩쟈니리,bvX7SVMT5gc,youtube music,1.0,뜨거운 안녕,
South Korea,KOR,KR,Melon Chart,1978,곡예사의 첫사랑,박경애,곡예사의 첫사랑₩박경애,곡예사의 첫사랑₩박경애,knmtBSvts5g,youtube music,1.0,곡예사의 첫사랑,
South Korea,KOR,KR,Melon Chart,1990,자꾸 서성이게 돼,박학기,자꾸 서성이게 돼₩박학기,자꾸 서성이게 돼₩박학기,FnqqgmVgYg0,youtube music,1.0,자꾸 서성이게 돼,
South Korea,KOR,KR,Melon Chart,1992,먼지가 되어,이윤수,먼지가 되어₩이윤수,이윤수 - 먼지가 되어 (1991年)₩pops8090,4mqmHZg5rIc,youtube video,0.43,이윤수 - 먼지가 되어 (1991年),232.0
South Korea,KOR,KR,Melon Chart,1984,아! 대한민국,정수라,아! 대한민국₩정수라,아! 대한민국₩정수라,8TEHAuA0PWY,youtube music,1.0,아! 대한민국,
South Korea,KOR,KR,Melon Chart,2001,밤이 깊었네,크라잉 넛,밤이 깊었네₩크라잉 넛,크라잉넛 - 밤이깊었네.wmv₩Dancing inthemoonnight,9tdkoOJvmmI,youtube video,0.2,크라잉넛 - 밤이깊었네.wmv,249.0
South Korea,KOR,KR,Melon Chart,1989,기다려 줘,김광석,기다려 줘₩김광석,기다려줘₩김광석,Ejo5gFLr_j0,youtube music,0.8,기다려줘,
South Korea,KOR,KR,Melon Chart,1967,울려고 내가 왔나,남진,울려고 내가 왔나₩남진,울려고 내가 왔나₩남진,qR3WU9H5WkM,youtube music,1.0,울려고 내가 왔나,
South Korea,KOR,KR,Melon Chart,1982,나는 홀로 있어도,유심초,나는 홀로 있어도₩유심초,MV 나는 홀로 있어도 유심초₩그리움,96rH4CLR3tU,youtube video,0.77,MV 나는 홀로 있어도 유심초,
South Korea,KOR,KR,Melon Chart,2000,울트라맨이야,서태지,울트라맨이야₩서태지,Ultramania₩Seotaiji,ajdXWC2JN28,youtube music,0.0,Ultramania,207.0
South Korea,KOR,KR,Melon Chart,1990,소중한 너 (Duet With 조규찬),박선주 (Pak Sun Zoo),소중한 너 (duet with 조규찬)₩박선주 (pak sun zoo),You Are Precious₩Park Sun Joo,SV64UXDFSIU,youtube music,0.21,You Are Precious,276.0
South Korea,KOR,KR,Melon Chart,1987,사랑할순 없는지,다섯손가락,사랑할순 없는지₩다섯손가락,사랑할순 없는지₩다섯손가락,CYD1HFwiTVc,youtube music,1.0,사랑할순 없는지,
South Korea,KOR,KR,Melon Chart,1992,욕심쟁이,심신,욕심쟁이₩심신,Greedy Person₩Sim Sin,9VtH3lXbW6k,youtube music,0.0,Greedy Person,196.0
South Korea,KOR,KR,Melon Chart,1979,하얀 면사포,어니언스 (이수영),하얀 면사포₩어니언스 (이수영),드라이브 송! 어니언스 (이수영). 하얀 면사포₩산적,AoUiAgrXU5s,youtube video,0.73,드라이브 송! 어니언스 (이수영). 하얀 면사포,207.0
South Korea,KOR,KR,Melon Chart,1990,기다린 날도 지워질 날도,이승환,기다린 날도 지워질 날도₩이승환,기다린 날도 지워질 날도₩조성모,8Q6q3fnEM-I,youtube music,0.81,기다린 날도 지워질 날도,
South Korea,KOR,KR,Melon Chart,1974,편지,어니언스,편지₩어니언스,편지₩어니언스,8tjZPF_SrQk,youtube music,1.0,편지,
South Korea,KOR,KR,Melon Chart,1991,몰래한 사랑,김지애,몰래한 사랑₩김지애,몰래한 사랑₩김지애,hNURRL4dioY,youtube music,1.0,몰래한 사랑,
South Korea,KOR,KR,Melon Chart,1977,목화밭,하사와 병장,목화밭₩하사와 병장,목화밭₩하사와 병장,0P8L_CD0KDs,youtube music,1.0,목화밭,
South Korea,KOR,KR,Melon Chart,1969,당신,신행일,당신₩신행일,당신₩신행일,SfmGtryWuC0,youtube music,1.0,당신,
South Korea,KOR,KR,Melon Chart,1989,돌아오는 계절에는,오석준,돌아오는 계절에는₩오석준,돌아오는 계절에는₩오석준,eZjEb7r6q8o,youtube music,1.0,돌아오는 계절에는,
South Korea,KOR,KR,Melon Chart,2000,그대니까요 (Duet With 차은주),김현철,그대니까요 (duet with 차은주)₩김현철,김현철 - 그대니까요(Duet With 차은주)₩lki_love _lsm,7305xFV4Xl8,youtube video,0.67,김현철 - 그대니까요(Duet With 차은주),265.0
South Korea,KOR,KR,Melon Chart,1997,그래,디바,그래₩디바,그래₩디바,MmUSULcimGo,youtube music,1.0,그래,
South Korea,KOR,KR,Melon Chart,1977,방랑자,박인희,방랑자₩박인희,방랑자 - 박인희₩유유명진,2gKyrypOLE4,youtube video,0.63,방랑자 - 박인희,210.0
South Korea,KOR,KR,Melon Chart,1984,친구여,조용필,친구여₩조용필,친구여₩조용필,xmIv7ko2eVw,youtube music,1.0,친구여,
South Korea,KOR,KR,Melon Chart,2005,눈의 꽃,박효신,눈의 꽃₩박효신,눈의 꽃₩박효신,BY4sHNaV4WU,youtube music,1.0,눈의 꽃,
South Korea,KOR,KR,Melon Chart,1982,바윗돌,정오차,바윗돌₩정오차,바윗돌₩정오차,aMtKPP0V6gI,youtube music,1.0,바윗돌,
South Korea,KOR,KR,Melon Chart,1979,가을비 우산속,최헌,가을비 우산속₩최헌,가을비 우산속₩최헌,JA-e-WErV0w,youtube music,1.0,가을비 우산속,
South Korea,KOR,KR,Melon Chart,2008,에너지 (Feat. 선예),마이티 마우스,에너지 (feat. 선예)₩마이티 마우스,에너지₩Mighty Mouth,3vpfBbWSTA4,youtube music,0.17,에너지,221.0
South Korea,KOR,KR,Melon Chart,1990,얄미운 사람,김지애,얄미운 사람₩김지애,얄미운 사람₩김지애,lh6oZVevDWI,youtube music,1.0,얄미운 사람,
South Korea,KOR,KR,Melon Chart,2006,라 라 라,세븐,라 라 라₩세븐,라 라 라₩세븐,C21Od5cov8w,youtube music,1.0,라 라 라,
South Korea,KOR,KR,Melon Chart,2005,둘이서 (Cf - 빙그레 '바나나맛 우유'),채연,둘이서 (cf - 빙그레 '바나나맛 우유')₩채연,Two Of Us₩채연,qJrFJRoto88,youtube video,0.16,Two Of Us,183.0
South Korea,KOR,KR,Melon Chart,1982,그대 떠난 이밤에,옥슨 80,그대 떠난 이밤에₩옥슨 80,그대 떠난 이밤에₩홍서범,eTR_bUim1RM,youtube music,0.69,그대 떠난 이밤에,220.0
South Korea,KOR,KR,Melon Chart,1975,나에게 애인이 있다면,남진,나에게 애인이 있다면₩남진,나에게 애인이 있다면₩남진,oPQ3IdhdSoA,youtube music,1.0,나에게 애인이 있다면,
South Korea,KOR,KR,Melon Chart,1986,이 어둠의 이슬픔,도시의 그림자,이 어둠의 이슬픔₩도시의 그림자,이 어둠의 이 슬픔₩도시의 그림자,9_FSnSQ82T0,youtube music,0.91,이 어둠의 이 슬픔,
South Korea,KOR,KR,Melon Chart,2006,I Love Rock & Roll,Kyt (코요태),i love rock & roll₩kyt (코요태),I Love Rock & Roll₩KYT (코요태),WbvLIJKl_MY,youtube music,1.0,I Love Rock & Roll,
South Korea,KOR,KR,Melon Chart,2009,여성시대,"씨야, 다비치, 티아라","여성시대₩씨야, 다비치, 티아라","여성시대(씨야, 다비치, 티아라)₩사운드포엠",CfRG3RVgQ9o,youtube music,0.72,"여성시대(씨야, 다비치, 티아라)",210.0
South Korea,KOR,KR,Melon Chart,2003,Missing You,플라이 투 더 스카이,missing you₩플라이 투 더 스카이,Missing you (inst)₩플라이 투 더 스카이,W6QQPiqo0RA,youtube music,0.86,Missing you (inst),
South Korea,KOR,KR,Melon Chart,1980,당신은 별을 보고 울어 보셨나요,박인수,당신은 별을 보고 울어 보셨나요₩박인수,당신은 별을보고 울어 보셨나요₩박인수,3APiMlxqDxc,youtube music,0.92,당신은 별을보고 울어 보셨나요,
South Korea,KOR,KR,Melon Chart,1993,하늘 아래서,김민종,하늘 아래서₩김민종,같은 하늘 아래₩김민종,daUDLxCbuOA,youtube music,0.7,같은 하늘 아래,273.0
South Korea,KOR,KR,Melon Chart,1986,오늘밤엔,규리,오늘밤엔₩규리,오늘밤엔₩규리,kg82P879w7U,youtube music,1.0,오늘밤엔,
South Korea,KOR,KR,Melon Chart,1980,못생겨서 죄송합니다,이주일,못생겨서 죄송합니다₩이주일,못생겨서 죄송합니다 이주일 -₩87134424,yfO1-KJ4fUQ,youtube video,0.7,못생겨서 죄송합니다 이주일 -,140.0
South Korea,KOR,KR,Melon Chart,1999,슬픈 영혼식 (For Your Soul),조성모,슬픈 영혼식 (for your soul)₩조성모,슬픈 영혼식(For Your Soul)₩조성모,Fw8dTPUBiYQ,youtube music,0.94,슬픈 영혼식(For Your Soul),
South Korea,KOR,KR,Melon Chart,1991,당신,김정수,당신₩김정수,당신₩김정수,071BwIF-0L8,youtube music,1.0,당신,
South Korea,KOR,KR,Melon Chart,1994,넌 할 수 있어,강산에,넌 할 수 있어₩강산에,넌 할 수 있어₩강산에,QP4LOZXBsHY,youtube music,1.0,넌 할 수 있어,
South Korea,KOR,KR,Melon Chart,2001,"구리뱅뱅 (Feat. 1kyne, 난아)",Ydg,"구리뱅뱅 (feat. 1kyne, 난아)₩ydg",구리뱅뱅 (feat. 1kyne.난아)₩양동근,JJrf-TyyrtY,youtube music,0.78,구리뱅뱅 (feat. 1kyne.난아),
South Korea,KOR,KR,Melon Chart,1985,아직도 어두운 밤인가봐,전영록,아직도 어두운 밤인가봐₩전영록,아직도 어두운 밤인가봐₩전영록,0crEOQWNxWs,youtube music,1.0,아직도 어두운 밤인가봐,
South Korea,KOR,KR,Melon Chart,1964,첫사랑 마도로스,남일해,첫사랑 마도로스₩남일해,첫사랑 마도로스₩남일해,UlBbF42X1CM,youtube music,1.0,첫사랑 마도로스,
South Korea,KOR,KR,Melon Chart,1990,어느새,장필순,어느새₩장필순,어느새₩장필순,oxN4RxYvmS4,youtube music,1.0,어느새,
South Korea,KOR,KR,Melon Chart,1974,그대는 가고,차중락,그대는 가고₩차중락,그대는 가고₩차중락,wY_az7iS6bo,youtube music,1.0,그대는 가고,
South Korea,KOR,KR,Melon Chart,1995,날개 잃은 천사,룰라,날개 잃은 천사₩룰라,날개 잃은 천사₩룰라,W5698thV8Vc,youtube music,1.0,날개 잃은 천사,
South Korea,KOR,KR,Melon Chart,1991,미니스커트,민해경,미니스커트₩민해경,미니스커트₩민해경,U26inD6SqR0,youtube music,1.0,미니스커트,
South Korea,KOR,KR,Melon Chart,2008,미안해요 (Feat. T.o.p),거미,미안해요 (feat. t.o.p)₩거미,미안해요 (Feat. T.O.P)₩거미,8XYK09Fo_fQ,youtube music,1.0,미안해요 (Feat. T.O.P),
South Korea,KOR,KR,Melon Chart,2002,챔피언,싸이 (Psy),챔피언₩싸이 (psy),챔피언₩싸이(Psy),yqPIEab9-wY,youtube video,0.86,챔피언,
South Korea,KOR,KR,Melon Chart,1986,지난이야기 (Remake),김완선,지난이야기 (remake)₩김완선,지난이야기 (Remake)₩김완선,XhfZa4PBoJc,youtube music,1.0,지난이야기 (Remake),
South Korea,KOR,KR,Melon Chart,1993,아들과 딸 Main Title,최경식,아들과 딸 main title₩최경식,01 아들과 딸Main Title₩최경식의 드라마 음악,FvXXBMge9vg,youtube video,0.71,01 아들과 딸Main Title,186.0
South Korea,KOR,KR,Melon Chart,1983,모두 다 사랑하리,송골매,모두 다 사랑하리₩송골매,송골매 - 모두다 사랑하리 (1982年)₩pops8090,-yWqlS9EK-0,youtube video,0.43,송골매 - 모두다 사랑하리 (1982年),245.0
South Korea,KOR,KR,Melon Chart,1998,나나나 (House Ver.),유승준,나나나 (house ver.)₩유승준,Me Me Me₩Yoo Seungjun,wYdH0xofmJY,youtube music,0.1,Me Me Me,237.0
South Korea,KOR,KR,Melon Chart,1968,별빛속의 Love Letter,최희준,별빛속의 love letter₩최희준,별빛속의 Love letter₩최희준,j9nJEK3-H50,youtube music,1.0,별빛속의 Love letter,
South Korea,KOR,KR,Melon Chart,2001,항상 엔진을 켜둘께,델리스파이스,항상 엔진을 켜둘께₩델리스파이스,항상 엔진을 켜둘께₩델리스파이스 (DELISPICE),AZ6HYkwxxpQ,youtube music,0.73,항상 엔진을 켜둘께,198.0
South Korea,KOR,KR,Melon Chart,2003,그땐 미처 알지 못했지 (Feat. 하림 On Harmonica),이적,그땐 미처 알지 못했지 (feat. 하림 on harmonica)₩이적,이적 - 그땐 미처 알지 못했지 [이적 특집 반지하노래방]₩장범준,GsSBvxm1If0,youtube video,0.36,이적 - 그땐 미처 알지 못했지 [이적 특집 반지하노래방],259.0
South Korea,KOR,KR,Melon Chart,1978,그쟈,최백호,그쟈₩최백호,그쟈₩최백호,-Lt1WLN_N9A,youtube music,1.0,그쟈,
South Korea,KOR,KR,Melon Chart,1987,굿바이 내사랑,이승미,굿바이 내사랑₩이승미,굿바이 내사랑₩이승미,BdSMh82fNcI,youtube music,1.0,굿바이 내사랑,
South Korea,KOR,KR,Melon Chart,2003,악몽,버블 시스터즈,악몽₩버블 시스터즈,나락₩버블 시스터즈,OYaIkuQBw8k,youtube music,0.78,나락,
South Korea,KOR,KR,Melon Chart,1993,흔적,최유나,흔적₩최유나,흔적₩최유나,VwaVOk2yAs0,youtube music,1.0,흔적,
South Korea,KOR,KR,Melon Chart,1979,뭉개 구름,해바라기,뭉개 구름₩해바라기,뭉게 구름₩해바라기,nE_4PZCURFA,youtube music,0.78,뭉게 구름,
South Korea,KOR,KR,Melon Chart,1974,한잔의 추억,이장희,한잔의 추억₩이장희,한잔의 추억₩이장희,qwZBwEm90uQ,youtube music,1.0,한잔의 추억,
South Korea,KOR,KR,Melon Chart,1997,진실에 관하여,여행스케치,진실에 관하여₩여행스케치,진실에 관하여₩여행스케치,CaoP8enOMM4,youtube music,1.0,진실에 관하여,
South Korea,KOR,KR,Melon Chart,1988,추억의 발라드,장혜리,추억의 발라드₩장혜리,추억의 발라드₩장혜리,PY_JwlS1fc4,youtube music,1.0,추억의 발라드,
South Korea,KOR,KR,Melon Chart,2004,그게 정말이니?,장나라,그게 정말이니?₩장나라,그게 정말이니₩장나라,3NQZoEVwlXo,youtube music,0.86,그게 정말이니,
South Korea,KOR,KR,Melon Chart,2002,Inmost,이승환,inmost₩이승환,"이승환 - 'Inmost' [KBS 윤도현의 러브레터, 20021116] | Lee, Seunghwan₩Again 가요톱10 : KBS KPOP Classic",1yZJemTbSZg,youtube video,0.15,"이승환 - 'Inmost' [KBS 윤도현의 러브레터, 20021116] | Lee, Seunghwan",237.0
South Korea,KOR,KR,Melon Chart,1996,여름이야기 (Sky Mix),Dj Doc,여름이야기 (sky mix)₩dj doc,여름이야기 (Sky Mix)₩DJ DOC,klrvG9OnyQ8,youtube music,1.0,여름이야기 (Sky Mix),
South Korea,KOR,KR,Melon Chart,2005,죄와벌,Sg 워너비,죄와벌₩sg 워너비,죄와 벌₩SG 워너비 SG WANNABE,2cNM4FGn9yk,youtube music,0.53,죄와 벌,241.0
South Korea,KOR,KR,Melon Chart,1968,처녀 농군,최정자,처녀 농군₩최정자,처녀 농군₩최정자,Ii-hk7GFLhQ,youtube music,1.0,처녀 농군,
South Korea,KOR,KR,Melon Chart,1977,두 손을 잡아요,옥희,두 손을 잡아요₩옥희,두손을 잡아요₩옥희,Ab1yPuYTQb4,youtube music,0.84,두손을 잡아요,
South Korea,KOR,KR,Melon Chart,1984,고독한 여자의 미소는 슬퍼,김정호,고독한 여자의 미소는 슬퍼₩김정호,고독한 여자의 미소는 슬퍼₩김학래,RGjeFW1kj0Y,youtube music,0.88,고독한 여자의 미소는 슬퍼,
South Korea,KOR,KR,Melon Chart,1977,흰 구름 먹구름,딕 훼밀리,흰 구름 먹구름₩딕 훼밀리,흰구름 먹구름₩딕 훼밀리,zFoOXNIigxk,youtube music,0.88,흰구름 먹구름,
South Korea,KOR,KR,Melon Chart,2001,다시 사랑한다 말할까,김동률,다시 사랑한다 말할까₩김동률,다시 사랑한다 말할까₩김동률,1oGHSDyDEqA,youtube music,1.0,다시 사랑한다 말할까,
South Korea,KOR,KR,Melon Chart,1996,님은 먼곳에,조관우,님은 먼곳에₩조관우,님은 먼곳에₩조관우,mTUZGgqsa1w,youtube music,1.0,님은 먼곳에,
South Korea,KOR,KR,Melon Chart,2004,슬프지만 진실,제이,슬프지만 진실₩제이,슬프지만 진실₩제이,T09bbQ5lO5A,youtube music,1.0,슬프지만 진실,
South Korea,KOR,KR,Melon Chart,1967,임금님의 첫사랑,이미자,임금님의 첫사랑₩이미자,임금님의 첫사랑₩이미자,l7XcuXjdhBA,youtube music,1.0,임금님의 첫사랑,
South Korea,KOR,KR,Melon Chart,1996,후회 없는 사랑,포지션,후회 없는 사랑₩포지션,후회없는 사랑☆포지션₩hello1112122,0mrMVCjdb8s,youtube video,0.41,후회없는 사랑☆포지션,272.0
South Korea,KOR,KR,Melon Chart,2000,와인,김경호,와인₩김경호,와인₩김경호,pSatbhhpr7E,youtube music,1.0,와인,
South Korea,KOR,KR,Melon Chart,1995,사랑의 서약,한동준,사랑의 서약₩한동준,사랑의 서약₩한동준,DITy64BkgtY,youtube music,1.0,사랑의 서약,
South Korea,KOR,KR,Melon Chart,1985,타조,이태원,타조₩이태원,타조₩이태원,i8DOvrAQXx8,youtube music,1.0,타조,
South Korea,KOR,KR,Melon Chart,1986,내사랑 울보,전영록,내사랑 울보₩전영록,내사랑 울보₩전영록,ie_3tCkmY48,youtube music,1.0,내사랑 울보,
South Korea,KOR,KR,Melon Chart,2009,소년이여,G-Dragon,소년이여₩g-dragon,소년이여₩G-DRAGON,PMwWxmrQSGE,youtube video,1.0,소년이여,
South Korea,KOR,KR,Melon Chart,1972,영원히 사랑하리,에보니스,영원히 사랑하리₩에보니스,영원히 사랑하리₩에보니스,HSmk8dLbD_A,youtube music,1.0,영원히 사랑하리,
South Korea,KOR,KR,Melon Chart,1996,환생,윤종신,환생₩윤종신,환생₩윤종신,-f-bGrnh0Xo,youtube music,1.0,환생,
South Korea,KOR,KR,Melon Chart,1981,미워 미워 미워,조용필,미워 미워 미워₩조용필,미워 미워 미워₩신웅,NuYn6Rruemk,youtube music,0.76,미워 미워 미워,
South Korea,KOR,KR,Melon Chart,2003,To My Love (Korean Ver.),윤미래,to my love (korean ver.)₩윤미래,T (a.k.a 윤미래) - To My Love₩jinflo,AH9TBX_ipto,youtube video,0.51,T (a.k.a 윤미래) - To My Love,257.0
South Korea,KOR,KR,Melon Chart,1994,그 후로 오랫동안,신승훈,그 후로 오랫동안₩신승훈,그 후로 오랫동안₩신승훈,x2PSGpkwyXk,youtube music,1.0,그 후로 오랫동안,
South Korea,KOR,KR,Melon Chart,2008,사랑후애 (僞愛),Ftisland,사랑후애 (僞愛)₩ftisland,사랑후애 (僞愛)₩FTISLAND(에프티 아일랜드),LCx1jLwDzdw,youtube music,0.77,사랑후애 (僞愛),
South Korea,KOR,KR,Melon Chart,1993,Pilot,정연준 (업타운),pilot₩정연준 (업타운),"드라마 ""파일럿"" (Pilot) OST - Pilot - 정연준 (Chris Jung)₩YCMmusicchannel",IKykbtks3aE,youtube video,0.26,"드라마 ""파일럿"" (Pilot) OST - Pilot - 정연준 (Chris Jung)",217.0
South Korea,KOR,KR,Melon Chart,1995,잘못된 만남,김건모,잘못된 만남₩김건모,Wrongful Meeting₩김건모,n2AsXQtK8aA,youtube video,0.21,Wrongful Meeting,258.0
South Korea,KOR,KR,Melon Chart,1987,현아,김범룡,현아₩김범룡,현아₩김범룡,SCFFQVC5lJw,youtube music,1.0,현아,
South Korea,KOR,KR,Melon Chart,1989,솔아 솔아 푸르른 솔아,노래를 찾는 사람들,솔아 솔아 푸르른 솔아₩노래를 찾는 사람들,솔아 솔아 푸르른 솔아₩노래를 찾는 사람들,rkJMlRL7_KE,youtube music,1.0,솔아 솔아 푸르른 솔아,
South Korea,KOR,KR,Melon Chart,1998,올라올라,업타운,올라올라₩업타운,올라올라₩업타운(Uptown),mHN_Ccz5zBc,youtube music,0.64,올라올라,211.0
South Korea,KOR,KR,Melon Chart,1973,젊은 초원,남진,젊은 초원₩남진,젊은 초원₩남진,s2T78Vi2ZcU,youtube music,1.0,젊은 초원,
South Korea,KOR,KR,Melon Chart,1971,라라라,윤형주,라라라₩윤형주,라라라₩윤형주,_7fuH_us9jY,youtube music,1.0,라라라,
South Korea,KOR,KR,Melon Chart,1998,나와 같다면,김장훈,나와 같다면₩김장훈,나와 같다면₩김장훈,dTrVgu74Gro,youtube music,1.0,나와 같다면,
South Korea,KOR,KR,Melon Chart,2004,황혼의 문턱,왁스,황혼의 문턱₩왁스,황혼의 문턱 (Gates Of Dawn)₩Wax,TlxJIMtWzBQ,youtube video,0.36,황혼의 문턱 (Gates Of Dawn),265.0
South Korea,KOR,KR,Melon Chart,1997,라일락이 질때,이선희,라일락이 질때₩이선희,라일락이 질때₩이선희,EkAdLsNsYT4,youtube music,1.0,라일락이 질때,
South Korea,KOR,KR,Melon Chart,1982,같이 있게 해주세요,동그라미,같이 있게 해주세요₩동그라미,동그라미 - 같이 있게 해주세요₩갯또래,dP8DCm3QwNo,youtube video,0.76,동그라미 - 같이 있게 해주세요,
South Korea,KOR,KR,Melon Chart,2009,심장이 없어,에이트,심장이 없어₩에이트,Without a Heart (10th Anniversary Ver.)₩8eight,bYKRsHM-0YA,youtube music,0.0,Without a Heart (10th Anniversary Ver.),218.0
South Korea,KOR,KR,Melon Chart,1987,슬픔 그뒤에 오는 고독,조덕배,슬픔 그뒤에 오는 고독₩조덕배,슬픔 그뒤에 오는 고독₩조덕배,H0C04CoERi4,youtube music,1.0,슬픔 그뒤에 오는 고독,
South Korea,KOR,KR,Melon Chart,2007,왼쪽가슴,케이윌,왼쪽가슴₩케이윌,"K.will - Left Heart, 케이윌 - 왼쪽가슴, Music Core 20070407₩MBCkpop",at4_O6J1xXQ,youtube video,0.18,"K.will - Left Heart, 케이윌 - 왼쪽가슴, Music Core 20070407",186.0
South Korea,KOR,KR,Melon Chart,1989,사랑의 불시착,박남정,사랑의 불시착₩박남정,사랑의 불시착₩박남정,4LBBFJinNC8,youtube music,1.0,사랑의 불시착,
South Korea,KOR,KR,Melon Chart,1970,가는 정 오는 정,남정희,가는 정 오는 정₩남정희,가는정 오는정 1970 남정희₩Silvertown 은발촌,eYDMtFMaGK4,youtube video,0.38,가는정 오는정 1970 남정희,170.0
South Korea,KOR,KR,Melon Chart,1994,그냥 걸었어,임종환,그냥 걸었어₩임종환,그냥 걸었어₩임종환,4cGd4B185v0,youtube music,1.0,그냥 걸었어,
South Korea,KOR,KR,Melon Chart,1999,집착 (2009 Remastering),박미경,집착 (2009 remastering)₩박미경,박미경 4집 집착 (1999) 01. 집착₩Shinbeom Lee,RsBOBEkd18A,youtube video,0.24,박미경 4집 집착 (1999) 01. 집착,216.0
South Korea,KOR,KR,Melon Chart,1985,만남없는 이별,해오라기,만남없는 이별₩해오라기,만남 없는 이별₩해오라기,oYHG6lkNznM,youtube music,0.87,만남 없는 이별,
South Korea,KOR,KR,Melon Chart,1992,유난히,박학기,유난히₩박학기,유난히₩박학기,dDXBdzU1RG0,youtube music,1.0,유난히,
South Korea,KOR,KR,Melon Chart,1997,그때 또 다시 (Again),임창정,그때 또 다시 (again)₩임창정,임창정 - 그때 또 다시 (Again)₩무민,6uNeYELbaes,youtube video,0.83,임창정 - 그때 또 다시 (Again),
South Korea,KOR,KR,Melon Chart,1996,Show,김원준,show₩김원준,Show₩Kim namho,C0NNeG2l0_0,youtube music,0.4,Show,230.0
South Korea,KOR,KR,Melon Chart,2006,태양의 눈물 (Tear Of The Sun),Kcm,태양의 눈물 (tear of the sun)₩kcm,태양의 눈물(Tear of the sun)₩KCM,BoqJ-2Wkpb0,youtube music,0.94,태양의 눈물(Tear of the sun),
South Korea,KOR,KR,Melon Chart,1999,순정 (純情),Kyt (코요태),순정 (純情)₩kyt (코요태),순정₩Koyote,CHiizjoys1Q,youtube music,0.25,순정,222.0
South Korea,KOR,KR,Melon Chart,1995,내가 날 버린 이유,임희숙,내가 날 버린 이유₩베이시스,베이시스-내가 날 버린 이유₩차인복,XZmeUAEZ8wQ,youtube video,0.81,베이시스-내가 날 버린 이유,
South Korea,KOR,KR,Melon Chart,2008,Hot Girl,씨야,hot girl₩씨야,Hot girl₩씨야 (SeeYa),VYvKqDIxERQ,youtube music,0.71,Hot girl,196.0
South Korea,KOR,KR,Melon Chart,2006,은인,버즈,은인₩버즈,은인₩버즈,i7cSojnHbBw,youtube music,1.0,은인,
South Korea,KOR,KR,Melon Chart,2004,보이지 않는 인사,강성훈,보이지 않는 인사₩강성훈,강성훈-보이지 않는 인사₩안영환,Phwz0SGRxzY,youtube video,0.79,강성훈-보이지 않는 인사,
South Korea,KOR,KR,Melon Chart,2008,안녕 나의 사랑,성시경,안녕 나의 사랑₩성시경,안녕 나의 사랑₩성시경,WHVLizZe-M4,youtube music,1.0,안녕 나의 사랑,
South Korea,KOR,KR,Melon Chart,1971,꽃반지 끼고,은희,꽃반지 끼고₩은희,꽃반지 끼고₩이화,VH3Dj06xvX0,youtube music,0.75,꽃반지 끼고,233.0
South Korea,KOR,KR,Melon Chart,2004,Angel,신화,angel₩신화,Angel₩신화,220Cdb7jAck,youtube music,1.0,Angel,
South Korea,KOR,KR,Melon Chart,1981,가지마오,산울림,가지마오₩산울림,가지마오 - 산울림₩철쭝강,tbzP12PgCdA,youtube video,0.7,가지마오 - 산울림,235.0
South Korea,KOR,KR,Melon Chart,2003,꽃,이승환,꽃₩이승환,꽃₩이승환,JGVZM59OwHg,youtube video,1.0,꽃,
South Korea,KOR,KR,Melon Chart,2006,그녀를 사랑해줘요,하동균,그녀를 사랑해줘요₩하동균,그녀를 사랑해줘요₩하동균,PlOPWA_DE4U,youtube music,1.0,그녀를 사랑해줘요,
South Korea,KOR,KR,Melon Chart,2005,한숨만,이정,한숨만₩이정,Deep Sigh₩이정,DWBoAlCqM5c,youtube video,0.25,Deep Sigh,288.0
South Korea,KOR,KR,Melon Chart,1992,너의 결혼식,윤종신,너의 결혼식₩윤종신,너의 결혼식₩윤종신,9Ta89L3fjWU,youtube music,1.0,너의 결혼식,
South Korea,KOR,KR,Melon Chart,1972,물레방아도는데,나훈아,물레방아도는데₩나훈아,물레방아 도는데₩나훈아,ln_xjLpozy4,youtube music,0.86,물레방아 도는데,
South Korea,KOR,KR,Melon Chart,2001,사랑하니까,문차일드,사랑하니까₩문차일드,문차일드 - 사랑하니까₩수파도프,5MWsvMz85ss,youtube video,0.64,문차일드 - 사랑하니까,315.0
South Korea,KOR,KR,Melon Chart,1981,겨울아이,이종용,겨울아이₩이종용,겨울아이₩이광필,5Q29VePj-kU,youtube music,0.71,겨울아이,297.0
South Korea,KOR,KR,Melon Chart,2000,꼭!,김건모,꼭!₩김건모,꼭!₩김건모,z3AWzdxltIs,youtube music,1.0,꼭!,
South Korea,KOR,KR,Melon Chart,1972,아침 이슬,김민기,아침 이슬₩김민기,김민기 아침 이슬₩손희준,qHIU9fpXVTk,youtube video,0.7,김민기 아침 이슬,221.0
South Korea,KOR,KR,Melon Chart,2002,처음부터 지금까지,Ryu (류),처음부터 지금까지₩ryu (류),From the beginning till now₩Ryu,cLSw-ygwvNo,youtube music,0.13,From the beginning till now,270.0
South Korea,KOR,KR,Melon Chart,1989,혜화동,동물원,혜화동₩동물원,혜화동₩동물원,zHrP01x1KQY,youtube music,1.0,혜화동,
South Korea,KOR,KR,Melon Chart,1993,잊어야 할 때,양수경,잊어야 할 때₩양수경,잊어야 할 때₩양수경,wICRIhciueQ,youtube music,1.0,잊어야 할 때,
South Korea,KOR,KR,Melon Chart,1996,모래성,조관우,모래성₩조관우,조관우-모래성(음악향기0182)₩강영민,O3JfJiOoZjs,youtube video,0.31,조관우-모래성(음악향기0182),288.0
South Korea,KOR,KR,Melon Chart,2009,I Don`T Care,2ne1,i don`t care₩2ne1,I Don't Care₩2NE1,ORHR-ZA4RyM,youtube music,0.88,I Don't Care,
South Korea,KOR,KR,Melon Chart,1991,그대가 나를 사랑하신다면,이선희,그대가 나를 사랑하신다면₩이선희,그대가 나를 사랑하신다면₩이선희,1GR1M1pyW0Q,youtube music,1.0,그대가 나를 사랑하신다면,
South Korea,KOR,KR,Melon Chart,2002,난 사랑에 빠졌죠,박지윤,난 사랑에 빠졌죠₩박지윤,난 사랑에 빠졌죠₩박지윤,3S0lxCtRikM,youtube music,1.0,난 사랑에 빠졌죠,
South Korea,KOR,KR,Melon Chart,1978,가시리,이명우,가시리₩이명우,가시리₩이명우,nxhhEj1BPEI,youtube music,1.0,가시리,
South Korea,KOR,KR,Melon Chart,1985,아주 옛날에는 사람이 안살았다는데/무슨 색을 좋아해도,꾸러기들,아주 옛날에는 사람이 안살았다는데/무슨 색을 좋아해도₩꾸러기들,아주 옛날에는 사람이 안살았다는데/무슨 색을 좋아해도₩꾸러기들,P9tdMa8zyRU,youtube music,1.0,아주 옛날에는 사람이 안살았다는데/무슨 색을 좋아해도,
South Korea,KOR,KR,Melon Chart,1998,십년이 지나도,박진영,십년이 지나도₩박진영,십년이 지나도₩박진영,D0imX0N1sk0,youtube music,1.0,십년이 지나도,
South Korea,KOR,KR,Melon Chart,2006,제발,이승기,제발₩이승기,제발₩이승기,4k2H6sgs6fU,youtube music,1.0,제발,
South Korea,KOR,KR,Melon Chart,2002,Sea Of Love,플라이 투 더 스카이,sea of love₩플라이 투 더 스카이,Sea of Love₩Fly to the Sky,frqZJd8w2NM,youtube music,0.47,Sea of Love,263.0
South Korea,KOR,KR,Melon Chart,1965,내 이름은 소녀,조애희,내 이름은 소녀₩조애희,내 이름은 소녀₩조애희,lS0-bYSeLUc,youtube music,1.0,내 이름은 소녀,
South Korea,KOR,KR,Melon Chart,1979,모모(A),김만준,모모(a)₩김만준,모모  -  김만준₩용재천사 - Ailes d'ange,kXij3buSXak,youtube video,0.22,모모  -  김만준,234.0
South Korea,KOR,KR,Melon Chart,2009,마음으로 하는 말 (Feat. Hanyi),프리스타일,마음으로 하는 말 (feat. hanyi)₩프리스타일,프리 스타일 - 마음으로 하는 말 (Feat. Hanyi)₩고고가,eYZIApIwGBQ,youtube video,0.83,프리 스타일 - 마음으로 하는 말 (Feat. Hanyi),
South Korea,KOR,KR,Melon Chart,1997,네모의 꿈,화이트,네모의 꿈₩화이트,네모의 꿈₩동요,TDbkRSbemnY,youtube music,0.67,네모의 꿈,206.0
South Korea,KOR,KR,Melon Chart,2004,I`M Sorry,파이브 (F-Iv),i`m sorry₩파이브 (f-iv),파이브 - I'm sorry₩가요올드스쿨,d35GNvlt1_M,youtube video,0.5,파이브 - I'm sorry,205.0
South Korea,KOR,KR,Melon Chart,1987,내일이 찾아와도,서울패밀리,내일이 찾아와도₩서울패밀리,내일이 찾아와도₩서울패밀리,fvWL9qL3yAg,youtube music,1.0,내일이 찾아와도,
South Korea,KOR,KR,Melon Chart,2004,불치병 (Feat. Masta Wu),휘성 (Realslow),불치병 (feat. masta wu)₩휘성 (realslow),불치병 (Feat. Masta Wu) - 휘성 (Realslow)₩Gun Fitness,VIZ03kn0l6w,youtube video,0.82,불치병 (Feat. Masta Wu) - 휘성 (Realslow),
South Korea,KOR,KR,Melon Chart,1989,안녕이라고 말하지마,이승철,안녕이라고 말하지마₩이승철,안녕이라고 말하지마₩이승철,YDLQOpPUADI,youtube music,1.0,안녕이라고 말하지마,
South Korea,KOR,KR,Melon Chart,2005,Moto,보아 (Boa),moto₩보아 (boa),MOTO₩보아 (BoA),cnTICaE-8J4,youtube music,1.0,MOTO,
South Korea,KOR,KR,Melon Chart,1997,"사랑, 두려움",듀스,"사랑, 두려움₩듀스",사랑 두려움₩듀스,6Z5KEpT9gcA,youtube video,0.82,사랑 두려움,
South Korea,KOR,KR,Melon Chart,1968,사랑했는데,이미자,사랑했는데₩이미자,사랑했는데₩이미자,lKz4sXmAElQ,youtube music,1.0,사랑했는데,
South Korea,KOR,KR,Melon Chart,1997,애수,진시몬,애수₩진시몬,애수₩진시몬,wNhAEWaFY3o,youtube music,1.0,애수,
South Korea,KOR,KR,Melon Chart,1970,아마도 빗물이겠지,이상열,아마도 빗물이겠지₩이상열,아마도 빗물이겠지₩이상열,rnixh9B2zZU,youtube music,1.0,아마도 빗물이겠지,
South Korea,KOR,KR,Melon Chart,1998,고개숙인 너에게,신승훈,고개숙인 너에게₩신승훈,고개숙인 너에게₩신승훈,cZ2LtFV-Tdw,youtube music,1.0,고개숙인 너에게,
South Korea,KOR,KR,Melon Chart,1989,이미 그댄,박학기,이미 그댄₩박학기,이미 그댄₩박학기,WcC6ME-7504,youtube music,1.0,이미 그댄,
South Korea,KOR,KR,Melon Chart,1969,미워하지 마세요,이영숙,미워하지 마세요₩이영숙,미워하지 마세요₩이영숙,HiAuNil8JQo,youtube music,1.0,미워하지 마세요,
South Korea,KOR,KR,Melon Chart,1982,산할아버지,산울림,산할아버지₩산울림,산할아버지   산울림₩류진,7g8V2ijVIiQ,youtube video,0.76,산할아버지   산울림,
South Korea,KOR,KR,Melon Chart,1999,Beautiful Girl,일기예보,beautiful girl₩일기예보,Beautiful Girl₩일기예보,-Yf5hqqlMcU,youtube music,1.0,Beautiful Girl,
South Korea,KOR,KR,Melon Chart,1978,감수광,혜은이,감수광₩혜은이,감수광₩혜은이,muHjLogDpFk,youtube music,1.0,감수광,
South Korea,KOR,KR,Melon Chart,2005,날 그만 잊어요,거미,날 그만 잊어요₩거미,날 그만 잊어요₩거미,Xc6IHbaxPlU,youtube music,1.0,날 그만 잊어요,
South Korea,KOR,KR,Melon Chart,2007,사랑을 잃고 난 노래하네,에이트,사랑을 잃고 난 노래하네₩에이트,에이트(8Eight)   사랑을 잃고 난 노래하네 (가사 첨부)₩HANKOOK NORE,6Rbze5axN1U,youtube video,0.48,에이트(8Eight)   사랑을 잃고 난 노래하네 (가사 첨부),241.0
South Korea,KOR,KR,Melon Chart,1994,그대의 향기,유영진,그대의 향기₩유영진,유영진- 그대의 향기₩min an23,nPgLFOQPaiE,youtube video,0.57,유영진- 그대의 향기,240.0
South Korea,KOR,KR,Melon Chart,2003,편지,God,편지₩god,편지 (편지)₩god,Zwdwhw466-E,youtube music,0.67,편지 (편지),251.0
South Korea,KOR,KR,Melon Chart,2004,디스코왕,Kyt (코요태),디스코왕₩kyt (코요태),디스코왕₩KYT,23RtiRqoHEg,youtube music,0.7,디스코왕,239.0
South Korea,KOR,KR,Melon Chart,2005,"떠나가요, 떠나지마요",더 크로스,"떠나가요, 떠나지마요₩더 크로스",떠나가요 떠나지마요₩더 크로스,EImuZZWCRxw,youtube music,0.9,떠나가요 떠나지마요,
South Korea,KOR,KR,Melon Chart,1988,그녀에게 전해주오,소방차,그녀에게 전해주오₩소방차,그녀에게 전해주오₩소방차,uH8MgSRfemc,youtube music,1.0,그녀에게 전해주오,
South Korea,KOR,KR,Melon Chart,1994,다시 시작해,이창권,다시 시작해₩이창권,Start Again (다시 시작해)₩Kim Hyeong Joong,ctt0p-ZM8gM,youtube music,0.22,Start Again (다시 시작해),250.0
South Korea,KOR,KR,Melon Chart,2003,아껴둔 이야기 (Radio Edit Ver.) (Feat. The Edition),강성훈,아껴둔 이야기 (radio edit ver.) (feat. the edition)₩강성훈,강성훈 아껴둔 이야기 (Radio Edit ver.) (feat. The Edition) (가사 첨부)₩All NORE,X962YhE8jvo,youtube video,0.83,강성훈 아껴둔 이야기 (Radio Edit ver.) (feat. The Edition) (가사 첨부),
South Korea,KOR,KR,Melon Chart,2004,멈추지 말아요,이현우,멈추지 말아요₩이현우,Don't Stop (G-Style)₩Lee Hyun Woo,A0wpJONRfQM,youtube music,0.0,Don't Stop (G-Style),246.0
South Korea,KOR,KR,Melon Chart,2001,북극성,강타 (Kangta),북극성₩강타 (kangta),북극성 Polaris₩Kangta,bJQHAv0J2Bs,youtube video,0.52,북극성 Polaris,268.0
South Korea,KOR,KR,Melon Chart,2003,나의 사랑 나의 신부,유엔,나의 사랑 나의 신부₩유엔,나의 사랑 나의 신부₩유엔,wwc5qN-3uuw,youtube music,1.0,나의 사랑 나의 신부,
South Korea,KOR,KR,Melon Chart,1997,개성,리아,개성₩리아,개성₩리아,PYO8J87_0Dw,youtube music,1.0,개성,
South Korea,KOR,KR,Melon Chart,1992,나는 너를,황치훈,나는 너를₩황치훈,나는 너를₩장병우,L0HoKqNmHiw,youtube music,0.62,나는 너를,209.0
South Korea,KOR,KR,Melon Chart,2007,바보처럼,버블 시스터즈,바보처럼₩버블 시스터즈,바보처럼₩버블 시스터즈 (Bubble Sisters),ebA1qMZwyOg,youtube music,0.56,바보처럼,251.0
South Korea,KOR,KR,Melon Chart,1988,홀로 된다는 것,변진섭,홀로 된다는 것₩변진섭,홀로 된다는 것₩변진섭,tUHtqupBqDs,youtube music,1.0,홀로 된다는 것,
South Korea,KOR,KR,Melon Chart,1981,첫 사랑의 생일,김민식,첫 사랑의 생일₩김민식,첫사랑의 생일₩김민식,cQxchpL5CEE,youtube music,0.86,첫사랑의 생일,
South Korea,KOR,KR,Melon Chart,2006,U,슈퍼주니어,u₩슈퍼주니어,U₩슈퍼주니어,yrLHPdZf-t8,youtube video,1.0,U,
South Korea,KOR,KR,Melon Chart,1967,뜨거워서 싫어요,김상희,뜨거워서 싫어요₩김상희,뜨거워서 싫어요₩김상희,gI5tfRreaAU,youtube music,1.0,뜨거워서 싫어요,
South Korea,KOR,KR,Melon Chart,1969,서울의 찬가,패티김,서울의 찬가₩패티김,서울의 찬가₩패티김,EHEjZCeaG5I,youtube music,1.0,서울의 찬가,
South Korea,KOR,KR,Melon Chart,1967,우수,남진,우수₩남진,우수₩남진,3ydHcpmW6YA,youtube music,1.0,우수,
South Korea,KOR,KR,Melon Chart,1991,친구에게,김민우,친구에게₩김민우,친구에게₩김민우,8pEDs8yIkh4,youtube music,1.0,친구에게,
South Korea,KOR,KR,Melon Chart,1999,Winwin,브로스,winwin₩브로스,Win Win₩Bros,35H7fIbPGrg,youtube music,0.5,Win Win,244.0
South Korea,KOR,KR,Melon Chart,1993,산다는 것은,김종찬,산다는 것은₩김종찬,김종찬~산다는 것은₩김연희,b_imEu9DqD0,youtube video,0.82,김종찬~산다는 것은,
South Korea,KOR,KR,Melon Chart,2004,가슴에 지는 태양,김범수,가슴에 지는 태양₩김범수,가슴에 지는 태양 (사강)₩김범수,yNsmFiffNsQ,youtube music,0.83,가슴에 지는 태양 (사강),
South Korea,KOR,KR,Melon Chart,1996,하늘만 허락한 사랑,엄정화,하늘만 허락한 사랑₩엄정화,하늘만 허락한 사랑 (A Love Only Heaven Permits)₩엄정화 (Uhm Jung Hwa),0T1RUsPeLVU,youtube music,0.37,하늘만 허락한 사랑 (A Love Only Heaven Permits),235.0
South Korea,KOR,KR,Melon Chart,2004,Windy,유진,windy₩유진,Windy₩유진,AVNb1DQ7m7k,youtube music,1.0,Windy,
South Korea,KOR,KR,Melon Chart,2007,사랑 하나면 돼,백지영,사랑 하나면 돼₩백지영,사랑 하나면 돼₩백지영,KRLAdeCg0is,youtube video,1.0,사랑 하나면 돼,
South Korea,KOR,KR,Melon Chart,1989,안개 그림자,김범룡,안개 그림자₩김범룡,안개 그림자₩김범룡,vmjXcbpas-U,youtube music,1.0,안개 그림자,
South Korea,KOR,KR,Melon Chart,2008,Baby Baby,소녀시대,baby baby₩소녀시대,Baby Baby₩소녀시대,l-F-x83iVTg,youtube music,1.0,Baby Baby,
South Korea,KOR,KR,Melon Chart,2001,하루,김범수,하루₩김범수,하루₩김범수,EouXSoZrJbE,youtube music,1.0,하루,
South Korea,KOR,KR,Melon Chart,1999,니가 진짜로 원하는게 뭐야,Monocrom,니가 진짜로 원하는게 뭐야₩monocrom,니가 진짜로 원하는게 뭐야₩신해철,L9UhBHX8oH8,youtube music,0.72,니가 진짜로 원하는게 뭐야,259.0
South Korea,KOR,KR,Melon Chart,1971,울고싶어,배호,울고싶어₩배호,울고싶어₩배호,374XU1NZrjM,youtube music,1.0,울고싶어,
South Korea,KOR,KR,Melon Chart,1995,또 다른 시작,서지원,또 다른 시작₩서지원,Another start₩Seo Ji Won,o2vYrtisr70,youtube music,0.0,Another start,251.0
South Korea,KOR,KR,Melon Chart,2008,총맞은것처럼,백지영,총맞은것처럼₩백지영,like being shot by a bullet(총맞은것처럼)₩Baek ji Young(백지영),weee_FzO2AI,youtube music,0.23,like being shot by a bullet(총맞은것처럼),237.0
South Korea,KOR,KR,Melon Chart,1998,내 남자 친구에게,핑클,내 남자 친구에게₩핑클,To My Boyfriend₩Fin.K.L,YI8n7WYhU9E,youtube video,0.0,To My Boyfriend,238.0
South Korea,KOR,KR,Melon Chart,1990,침묵,최진희,침묵₩최진희,Silence₩Choi Jinhee,afbG-1T2zy8,youtube music,0.0,Silence,231.0
South Korea,KOR,KR,Melon Chart,1989,강변에서,최준호,강변에서₩최준호,최준호  강변에서₩남기웅,hTv7HfRFfMQ,youtube video,0.63,최준호  강변에서,254.0
South Korea,KOR,KR,Melon Chart,2008,Never Say Goodbye,먼데이 키즈,never say goodbye₩먼데이 키즈,Never Say Goodbye₩권애진,HP549dYV_Bg,youtube music,0.79,Never Say Goodbye,
South Korea,KOR,KR,Melon Chart,2008,내사람,환희,내사람₩환희,내사람₩환희,YBBI1xivUHY,youtube video,1.0,내사람,
South Korea,KOR,KR,Melon Chart,1978,아쉬움,김미성,아쉬움₩김미성,아쉬움₩김미성,vymUERV-zWo,youtube music,1.0,아쉬움,
South Korea,KOR,KR,Melon Chart,1998,나의 하루,박정현,나의 하루₩박정현,나의 하루₩박정현,l2i-h9ZayO8,youtube music,1.0,나의 하루,
South Korea,KOR,KR,Melon Chart,1986,파란나라,혜은이,파란나라₩혜은이,파란나라₩혜은이,BxXBkicKNf8,youtube music,1.0,파란나라,
South Korea,KOR,KR,Melon Chart,2000,Sad Salsa,백지영,sad salsa₩백지영,Sad Salsa₩백지영,niJkqSkdCjg,youtube music,1.0,Sad Salsa,
South Korea,KOR,KR,Melon Chart,2002,A Better Day,Jtl,a better day₩jtl,A better day₩이재원,cUANIt_rO98,youtube music,0.8,A better day,
South Korea,KOR,KR,Melon Chart,2004,그런 날이 오겠죠,신승훈,그런 날이 오겠죠₩신승훈,그런 날이 오겠죠₩신승훈,qhjNgRmKjCo,youtube music,1.0,그런 날이 오겠죠,
South Korea,KOR,KR,Melon Chart,2000,매직 카펫 라이드,자우림,매직 카펫 라이드₩자우림,매직 카펫 라이드₩자우림,kUlMiYseY_U,youtube music,1.0,매직 카펫 라이드,
South Korea,KOR,KR,Melon Chart,1984,얼룩진 상처,백영규,얼룩진 상처₩백영규,얼룩진 상처₩백영규,mhFs8-Bp5wE,youtube music,1.0,얼룩진 상처,
South Korea,KOR,KR,Melon Chart,1999,달려라 자전거,델리스파이스,달려라 자전거₩델리스파이스,"Run, Bicycle₩Delispice",_lG4nW9U7Ew,youtube music,0.0,"Run, Bicycle",238.0
South Korea,KOR,KR,Melon Chart,1996,Good Bye,서태지와 아이들,good bye₩서태지와 아이들,서태지와 아이들(Seotaiji and Boys) - 굿바이(GOOD BYE) M/V₩Seo Taiji,lakwcsprK4E,youtube video,0.39,서태지와 아이들(Seotaiji and Boys) - 굿바이(GOOD BYE) M/V,325.0
South Korea,KOR,KR,Melon Chart,2005,Hi Ya Ya 여름날,동방신기,hi ya ya 여름날₩동방신기,Hi Ya Ya 여름날₩동방신기(TVXQ!),56wR47e0FW8,youtube music,0.82,Hi Ya Ya 여름날,
South Korea,KOR,KR,Melon Chart,1987,꿈에,조덕배,꿈에₩조덕배,꿈에₩조덕배,IqT2QFXUWnE,youtube music,1.0,꿈에,
South Korea,KOR,KR,Melon Chart,1977,내고향 충청도,조영남,내고향 충청도₩조영남,내고향 충청도₩조영남,AweI2s8fazk,youtube music,1.0,내고향 충청도,
South Korea,KOR,KR,Melon Chart,1990,사계,노래를 찾는 사람들,사계₩노래를 찾는 사람들,사계₩노래를 찾는 사람들,7PfQsssVul8,youtube music,1.0,사계,
South Korea,KOR,KR,Melon Chart,1991,아침이 오면,최성수,아침이 오면₩최성수,아침이 오면₩최성수,YAmGrWkRffE,youtube music,1.0,아침이 오면,
South Korea,KOR,KR,Melon Chart,2001,난 남자다,김장훈,난 남자다₩김장훈,난 남자다₩김장훈,Dh0tV6n8bP8,youtube video,1.0,난 남자다,
South Korea,KOR,KR,Melon Chart,2009,Honey,카라,honey₩카라,KARA - Honey M/V₩KARA,zTCalA5cgcs,youtube video,0.37,KARA - Honey M/V,197.0
South Korea,KOR,KR,Melon Chart,2007,사랑앓이,Ftisland,사랑앓이₩ftisland,Love Sick₩FTISLAND,gjV7B2VwJM0,youtube music,0.55,Love Sick,242.0
South Korea,KOR,KR,Melon Chart,2001,Jumpo Mambo,쿨 (Cool),jumpo mambo₩쿨 (cool),Jumpo Mambo₩쿨 (Cool),kmMOqTiUhAY,youtube music,1.0,Jumpo Mambo,
South Korea,KOR,KR,Melon Chart,2004,광화문 연가,이수영,광화문 연가₩이수영,광화문 연가₩이수영,tzr3IQ7n5Mo,youtube music,1.0,광화문 연가,
South Korea,KOR,KR,Melon Chart,1992,꿈,이현우,꿈₩이현우,꿈₩이현우,sfybutCWhNk,youtube music,1.0,꿈,
South Korea,KOR,KR,Melon Chart,2005,여기까진가요,플라워,여기까진가요₩플라워,플라워 (Flower) - 여기까진가요₩Grissom Kim,sbyge7mw-FA,youtube video,0.39,플라워 (Flower) - 여기까진가요,264.0
South Korea,KOR,KR,Melon Chart,1997,헤어진 다음날,이현우,헤어진 다음날₩이현우,헤어진 다음날₩이현우,5CMBNIAki88,youtube music,1.0,헤어진 다음날,
South Korea,KOR,KR,Melon Chart,1990,나그네의 옛 이야기 (엄인호),신촌 블루스,나그네의 옛 이야기 (엄인호)₩신촌 블루스,나그네의 옛 이야기₩신촌블루스,EGwoNlFMyfM,youtube music,0.76,나그네의 옛 이야기,
South Korea,KOR,KR,Melon Chart,1986,수요일엔 빨간 장미를,다섯손가락,수요일엔 빨간 장미를₩다섯손가락,수요일엔 빨간 장미를₩다섯손가락,jPs4czpe9Ys,youtube music,1.0,수요일엔 빨간 장미를,
South Korea,KOR,KR,Melon Chart,1989,마지막 이별속에서,이준,마지막 이별속에서₩이준,마지막 이별속에서₩이준,AX0czhotRQE,youtube music,1.0,마지막 이별속에서,
South Korea,KOR,KR,Melon Chart,2004,내 여자라니까,이승기,내 여자라니까₩이승기,LEE SEUNG GI 이승기 '내 여자라니까 ' MV₩후크TUBE,A57Z7ncYck8,youtube video,0.43,LEE SEUNG GI 이승기 '내 여자라니까 ' MV,421.0
South Korea,KOR,KR,Melon Chart,2001,Je T`Aime,해이,je t`aime₩해이,Hey - je t`aime(쥬뗌므) - (2001년)₩kb jeong,Qqg1BciIo-Y,youtube video,0.33,Hey - je t`aime(쥬뗌므) - (2001년),251.0
South Korea,KOR,KR,Melon Chart,2007,Irony (아이러니),원더걸스,irony (아이러니)₩원더걸스,Irony₩Wonder Girls,TO9KkhcjfLU,youtube music,0.3,Irony,244.0
South Korea,KOR,KR,Melon Chart,2003,Hit Song,엔알지,hit song₩엔알지,Hit Song₩엔알지,3VSW-3iFVB8,youtube music,1.0,Hit Song,
South Korea,KOR,KR,Melon Chart,1987,부부,부부듀엣,부부₩부부듀엣,부부 - 부부듀엣₩이화,7lVJW1iW-kU,youtube video,0.71,부부 - 부부듀엣,197.0
South Korea,KOR,KR,Melon Chart,1995,난 행복해,이소라,난 행복해₩이소라,난 행복해₩이소라,tIWA3g1mHOc,youtube music,1.0,난 행복해,
South Korea,KOR,KR,Melon Chart,2004,잔소리,김건모,잔소리₩김건모,잔소리₩김건모,2U300nwgZqI,youtube music,1.0,잔소리,
South Korea,KOR,KR,Melon Chart,1986,내 잘못인가,강은철,내 잘못인가₩강은철,내 잘못인가₩강은철,LD4KuKblDDk,youtube music,1.0,내 잘못인가,
South Korea,KOR,KR,Melon Chart,1992,산골 소년의 사랑이야기,예민,산골 소년의 사랑이야기₩예민,산골 소년의 사랑 이야기₩예민,1LTLBqoEZec,youtube music,0.9,산골 소년의 사랑 이야기,
South Korea,KOR,KR,Melon Chart,2007,매일매일,V.o.s,매일매일₩v.o.s,매일 매일₩V.O.S,Jho6HnQZst4,youtube video,0.84,매일 매일,
South Korea,KOR,KR,Melon Chart,1988,난 아직도 널 (대상),작품 하나,난 아직도 널 (대상)₩작품 하나,난 아직도 널₩작품하나,6fP8tJNkyYM,youtube music,0.71,난 아직도 널,197.0
South Korea,KOR,KR,Melon Chart,1993,알려지지 않은 아라비안 나이트,김태우,알려지지 않은 아라비안 나이트₩김태우,김태우 - 알려지지 않은 아라비안 나이트₩Sun태양,nsrKMXnOGkM,youtube video,0.78,김태우 - 알려지지 않은 아라비안 나이트,
South Korea,KOR,KR,Melon Chart,2004,Ave Maria In A Minor (드라마 `천국의 계단` 테마곡),Charlotte Church,ave maria in a minor (드라마 `천국의 계단` 테마곡)₩charlotte church,Ave Maria in A Minor (vocal)₩Charlotte Church,YNYlMMjMwTw,youtube music,0.77,Ave Maria in A Minor (vocal),249.0
South Korea,KOR,KR,Melon Chart,2009,외톨이,아웃사이더,외톨이₩아웃사이더,외톨이₩아웃사이더,yROjTblMPag,youtube video,1.0,외톨이,
South Korea,KOR,KR,Melon Chart,1995,두바퀴로 가는 자동차,김광석,두바퀴로 가는 자동차₩김광석,두 바퀴로 가는 자동차₩김광석,eASqWrTU27w,youtube music,0.9,두 바퀴로 가는 자동차,
South Korea,KOR,KR,Melon Chart,2004,문신,세븐,문신₩세븐,문신₩세븐,p4zCGo7RwWI,youtube music,1.0,문신,
South Korea,KOR,KR,Melon Chart,1999,I`M Still Loving You,두리안,i`m still loving you₩두리안,I`m Still Loving You₩두리안,lXVlJoWtV_8,youtube music,1.0,I`m Still Loving You,
South Korea,KOR,KR,Melon Chart,1998,사랑은 유리같은 것,원준희,사랑은 유리같은 것₩원준희,사랑은 유리같은 것₩원준희,2qzIgXjwviE,youtube music,1.0,사랑은 유리같은 것,
South Korea,KOR,KR,Melon Chart,1982,타인의 계절,한경애,타인의 계절₩한경애,타인의 계절₩한경애,Dhq-Z-PLxqU,youtube music,1.0,타인의 계절,
South Korea,KOR,KR,Melon Chart,2001,백일기도,샵,백일기도₩샵,A Prayer for Hundred Days₩S#arp,U6UaqhEBixk,youtube music,0.0,A Prayer for Hundred Days,225.0
South Korea,KOR,KR,Melon Chart,2007,미련한 가슴아,이수 (엠씨 더 맥스),미련한 가슴아₩이수 (엠씨 더 맥스),M.C the Max 이수- 미련한 가슴아₩idyllic107,hXoxlhczqog,youtube video,0.35,M.C the Max 이수- 미련한 가슴아,193.0
South Korea,KOR,KR,Melon Chart,2008,주문-Mirotic (Clean Ver.),동방신기,주문-mirotic (clean ver.)₩동방신기,주문 MIROTIC₩TVXQ!,Z9Lh6WCl5e8,youtube music,0.38,주문 MIROTIC,208.0
South Korea,KOR,KR,Melon Chart,1984,꿈,정유경,꿈₩정유경,꿈₩정유경,Ogp-zGUNE_U,youtube music,1.0,꿈,
South Korea,KOR,KR,Melon Chart,1973,자정이 훨씬 넘었네,이장희,자정이 훨씬 넘었네₩이장희,자정이 훨씬 넘었네₩이장희,NyNybLy1YXg,youtube music,1.0,자정이 훨씬 넘었네,
South Korea,KOR,KR,Melon Chart,1993,처음느낀 사랑이야,박석규,처음느낀 사랑이야₩박석규,First Love I Felt₩Yong Pil Cho,TrIzv62NbVQ,youtube music,0.0,First Love I Felt,277.0
South Korea,KOR,KR,Melon Chart,1986,미소를 띄우며 나를 보낸 그 모습처럼,이은하,미소를 띄우며 나를 보낸 그 모습처럼₩이은하,미소를 띄우며 나를 보낸 그 모습처럼₩이은하,4en_mAbn4PM,youtube music,1.0,미소를 띄우며 나를 보낸 그 모습처럼,
South Korea,KOR,KR,Melon Chart,1989,루씰,한영애,루씰₩한영애,루씰₩한영애,NJNd6CX27ic,youtube music,1.0,루씰,
South Korea,KOR,KR,Melon Chart,2004,그녀가 웃잖아....,김형중,그녀가 웃잖아....₩김형중,그녀가 웃잖아....₩김형중,vYshRmsH3Fk,youtube music,1.0,그녀가 웃잖아....,
South Korea,KOR,KR,Melon Chart,1965,행복의 샘터,박재란,행복의 샘터₩박재란,행복의 샘터₩박재란,YKElBIoyxCA,youtube music,1.0,행복의 샘터,
South Korea,KOR,KR,Melon Chart,2005,으라차차,럼블피쉬,으라차차₩럼블피쉬,으라차차₩럼블피쉬(Rumble Fish),J6EEcsNK91k,youtube music,0.55,으라차차,257.0
South Korea,KOR,KR,Melon Chart,1976,빗물,채은옥,빗물₩채은옥,빗물₩채은옥,h_9LvFm5noU,youtube music,1.0,빗물,
South Korea,KOR,KR,Melon Chart,1974,좋은걸 어떡해,김세환,좋은걸 어떡해₩김세환,좋은걸 어떡해₩김세환,XMyW_4m8jpg,youtube music,1.0,좋은걸 어떡해,
South Korea,KOR,KR,Melon Chart,1967,대머리 총각,김상희,대머리 총각₩김상희,대머리 총각₩김상희,Raek_nIRa70,youtube music,1.0,대머리 총각,
South Korea,KOR,KR,Melon Chart,1991,화요일에 비가 내리면,박미경,화요일에 비가 내리면₩박미경,화요일에 비가 내리면₩박미경,CVm7Fet5PBQ,youtube music,1.0,화요일에 비가 내리면,
South Korea,KOR,KR,Melon Chart,2009,My Man,다비치,my man₩다비치,My Man₩다비치,ta9mEQTVVeU,youtube music,1.0,My Man,
South Korea,KOR,KR,Melon Chart,1972,그대 변치 않는다면,방주연,그대 변치 않는다면₩방주연,그대 변치 않는다면₩방주연,l0amlu0PSjI,youtube music,1.0,그대 변치 않는다면,
South Korea,KOR,KR,Melon Chart,1985,다시는 사랑하지 않으리,이은하,다시는 사랑하지 않으리₩이은하,다시는 사랑하지 않으리₩이은하,xA-Gagq0B9E,youtube music,1.0,다시는 사랑하지 않으리,
South Korea,KOR,KR,Melon Chart,1972,달타령,김부자,달타령₩김부자,달타령₩김부자,5UV5DZa7sbQ,youtube music,1.0,달타령,
South Korea,KOR,KR,Melon Chart,2008,화분 (알렉스 Ver.) (우리결혼했어요 삽입곡),알렉스,화분 (알렉스 ver.) (우리결혼했어요 삽입곡)₩알렉스,Flowerpot₩Alex,EHoofZoilbw,youtube music,0.047,Flowerpot,262.0
South Korea,KOR,KR,Melon Chart,1967,마음이 고와야지,남진,마음이 고와야지₩남진,마음이 고와야지₩남진,7y1DYZ4ycI8,youtube music,1.0,마음이 고와야지,
South Korea,KOR,KR,Melon Chart,1997,4가지 하고 싶은말,리아,4가지 하고 싶은말₩리아,4가지 하고 싶은 말₩리아,qIEa5ZwYUns,youtube music,0.88,4가지 하고 싶은 말,
South Korea,KOR,KR,Melon Chart,1986,별비,남인숙,별비₩남인숙,별비₩남인숙,_Z5a-5zyL4k,youtube music,1.0,별비,
South Korea,KOR,KR,Melon Chart,2008,그대라면,알렉스,그대라면₩알렉스,If You₩Alex,NjYDEyvbDAQ,youtube music,0.0,If You,248.0
South Korea,KOR,KR,Melon Chart,2004,믿어요,동방신기,믿어요₩동방신기,믿어요₩TVXQ!,5OrIrW3nhtc,youtube video,0.4,믿어요,302.0
South Korea,KOR,KR,Melon Chart,2002,꿈에,박정현,꿈에₩박정현,꿈에₩박정현,Xx5QIdvLAv8,youtube music,1.0,꿈에,
South Korea,KOR,KR,Melon Chart,2000,Annie,윤종신,annie₩윤종신,Annie₩윤종신,JEgdXpQOCZk,youtube music,1.0,Annie,
South Korea,KOR,KR,Melon Chart,2000,그대가 그대를,이승환,그대가 그대를₩이승환,그대가 그대를₩이승환,sun2qPZxJpI,youtube video,1.0,그대가 그대를,
South Korea,KOR,KR,Melon Chart,1967,몽땅 내사랑,현미,몽땅 내사랑₩현미,몽땅 내 사랑₩현미,NcFi0EDkmUA,youtube music,0.82,몽땅 내 사랑,
South Korea,KOR,KR,Melon Chart,1987,영,이선희,영₩이선희,영₩이선희,FMDiL378rvs,youtube video,1.0,영,
South Korea,KOR,KR,Melon Chart,1998,Dreams Come True,S.e.s.,dreams come true₩s.e.s.,Dreams Come True₩S.E.S.,pJWUwPPcbqA,youtube music,1.0,Dreams Come True,
South Korea,KOR,KR,Melon Chart,2000,요즘 너는,이현우,요즘 너는₩이현우,요즘 너는₩이현우,H5yJIuInXx8,youtube music,1.0,요즘 너는,
South Korea,KOR,KR,Melon Chart,1998,가장 슬픈날의 왈츠,변진섭,가장 슬픈날의 왈츠₩변진섭,변진섭 - 가장 슬픈날의 왈츠₩무민,JS83rOjiZsg,youtube video,0.77,변진섭 - 가장 슬픈날의 왈츠,
South Korea,KOR,KR,Melon Chart,1972,진정 난 몰랐네,임희숙,진정 난 몰랐네₩임희숙,진정 난 몰랐네₩임희숙,BR1ZfcYyVBA,youtube music,1.0,진정 난 몰랐네,
South Korea,KOR,KR,Melon Chart,2004,My Little Princess (있잖아요...),동방신기,my little princess (있잖아요...)₩동방신기,있잖아요... My Little Princess₩동방신기(TVXQ!),bcUqexZ0ca0,youtube music,0.81,있잖아요... My Little Princess,
South Korea,KOR,KR,Melon Chart,1993,프란다스의 개,이승환,프란다스의 개₩이승환,프란다스의 개 -이승환₩태주엔터,z6UHkn3yjec,youtube video,0.69,프란다스의 개 -이승환,246.0
South Korea,KOR,KR,Melon Chart,2000,Marry Me,이현우,marry me₩이현우,Marry me₩이현우,aVBok5eJS0Y,youtube music,1.0,Marry me,
South Korea,KOR,KR,Melon Chart,2003,끝이라면,김현정,끝이라면₩김현정,끝이라면₩김현정,TBhATjt3vr8,youtube music,1.0,끝이라면,
South Korea,KOR,KR,Melon Chart,1986,휘파람,이문세,휘파람₩이문세,휘파람₩이문세,X-Ws1EZktfM,youtube music,1.0,휘파람,
South Korea,KOR,KR,Melon Chart,2000,욕망이란 이름...,박완규,욕망이란 이름...₩박완규,욕망이란 이름₩박완규,auT7mYDgebQ,youtube music,0.78,욕망이란 이름,
South Korea,KOR,KR,Melon Chart,2009,한사람을 위한 마음,럼블피쉬,한사람을 위한 마음₩럼블피쉬,럼블피쉬 - 한사람을 위한 마음₩슈뜌,qyTIzN30sE4,youtube video,0.79,럼블피쉬 - 한사람을 위한 마음,
South Korea,KOR,KR,Melon Chart,1971,파초의 꿈,문정선,파초의 꿈₩문정선,파초의 꿈₩문정선,VtxRlBd-CfI,youtube music,1.0,파초의 꿈,
South Korea,KOR,KR,Melon Chart,1997,현명한 선택,소찬휘,현명한 선택₩소찬휘,현명한 선택₩소찬휘,QiPNNUKXMSk,youtube music,1.0,현명한 선택,
South Korea,KOR,KR,Melon Chart,1996,내가 너의 곁에 잠시 살았다는 걸,"토이, 김연우","내가 너의 곁에 잠시 살았다는 걸₩토이, 김연우",내가 너의 곁에 잠시 살았다는 걸₩김연우,i3hd-Jx-A_E,youtube music,0.91,내가 너의 곁에 잠시 살았다는 걸,
South Korea,KOR,KR,Melon Chart,1990,나만의 것,김완선,나만의 것₩김완선,나만의 것₩김완선,8IRwb8mDFWI,youtube music,1.0,나만의 것,
South Korea,KOR,KR,Melon Chart,1987,가을사랑,신계행,가을사랑₩신계행,가을사랑₩신계행,I4NV0Ib0-qY,youtube music,1.0,가을사랑,
South Korea,KOR,KR,Melon Chart,1964,빨간구두 아가씨,남일해,빨간구두 아가씨₩남일해,빨간구두 아가씨₩남일해,RoK6jor4mZU,youtube music,1.0,빨간구두 아가씨,
South Korea,KOR,KR,Melon Chart,1970,월남에서 돌아온 김상사,김추자,월남에서 돌아온 김상사₩김추자,월남에서 돌아온 김상사₩김추자,0GwVOmclGbo,youtube music,1.0,월남에서 돌아온 김상사,
South Korea,KOR,KR,Melon Chart,2004,너에게로 또다시,서영은,너에게로 또다시₩서영은,너에게로 또다시₩서영은,bzAax8vTu10,youtube video,1.0,너에게로 또다시,
South Korea,KOR,KR,Melon Chart,1981,해야,마그마,해야₩마그마,해야₩마그마,7T-1O5O1tZo,youtube music,1.0,해야,
South Korea,KOR,KR,Melon Chart,1996,Love Is... (3+3=0),터보,love is... (3+3=0)₩터보,터보 - Love Is... (3+3=0)₩Sun태양,RseBNAjUpQ0,youtube video,0.79,터보 - Love Is... (3+3=0),
South Korea,KOR,KR,Melon Chart,1992,너를 처음만난 그때,박준하,너를 처음만난 그때₩박준하,너를 처음 만난 그때₩박준하,DPVOcQYInLU,youtube music,0.89,너를 처음 만난 그때,
South Korea,KOR,KR,Melon Chart,1990,비오는 날 수채화,"김현식, 강인원, 권인하","비오는 날 수채화₩김현식, 강인원, 권인하","강인원, 권인하, 김현식 비오는 날 수채화₩CHOI",HRg5rEnkyLU,youtube video,0.82,"강인원, 권인하, 김현식 비오는 날 수채화",
South Korea,KOR,KR,Melon Chart,1977,나비소녀,김세화,나비소녀₩김세화,나비소녀₩김세화,RagjxG5QbyU,youtube music,1.0,나비소녀,
South Korea,KOR,KR,Melon Chart,2004,Young Gunz,신화,young gunz₩신화,Young Gunz (The Last One-Mix Ver.)₩신화 (SHINWHA),p_X5CHqZJjE,youtube music,0.41,Young Gunz (The Last One-Mix Ver.),185.0
South Korea,KOR,KR,Melon Chart,1985,너나 좋아해 나너 좋아해,현이와 덕이,너나 좋아해 나너 좋아해₩현이와 덕이,너나 좋아해 나너 좋아해₩현이와 덕이,bOZrsJEBwAE,youtube music,1.0,너나 좋아해 나너 좋아해,
South Korea,KOR,KR,Melon Chart,1994,종로에서,오월,종로에서₩오월,종로에서₩오월,Y1kkv3DMXlY,youtube music,1.0,종로에서,
South Korea,KOR,KR,Melon Chart,1994,달의 몰락,김현철,달의 몰락₩김현철,달의 몰락₩김현식,3I-NbfWoXyY,youtube music,0.88,달의 몰락,
South Korea,KOR,KR,Melon Chart,1994,사랑할수록,부활,사랑할수록₩부활,사랑할수록₩부활,5hCrjhuqjyI,youtube music,1.0,사랑할수록,
South Korea,KOR,KR,Melon Chart,2008,Too Much (With 서인영) (우리결혼했어요 화제곡),크라운제이 (Crown J),too much (with 서인영) (우리결혼했어요 화제곡)₩크라운제이 (crown j),크라운제이(CROWN J)  Too Much (With  서인영) (가사 첨부)₩HANKOOK NORE,NYDYZzHZA0E,youtube video,0.63,크라운제이(CROWN J)  Too Much (With  서인영) (가사 첨부),261.0
South Korea,KOR,KR,Melon Chart,1981,목로주점,이연실,목로주점₩이연실,목로주점₩이연실,W0o5M4s5QXY,youtube music,1.0,목로주점,
South Korea,KOR,KR,Melon Chart,2004,흑백사진,Kcm,흑백사진₩kcm,흑백사진₩KCM,lHZbJz9dpCI,youtube music,1.0,흑백사진,
South Korea,KOR,KR,Melon Chart,2005,추억 속의 재회,엠씨더맥스,추억 속의 재회₩엠씨더맥스,추억 속의 재회-MC the MAX₩jny63kr,no-AU62dBIA,youtube video,0.36,추억 속의 재회-MC the MAX,287.0
South Korea,KOR,KR,Melon Chart,2006,떠나지마,이승철,떠나지마₩이승철,떠나지마₩이선희,PdMry7bHn3Q,youtube music,0.71,떠나지마,237.0
South Korea,KOR,KR,Melon Chart,2007,남자도... 어쩔 수 없다.,Evan 에반 (유호석),남자도... 어쩔 수 없다.₩evan 에반 (유호석),Evan - 남자도...어쩔 수 없다₩CAt,idc0947GJLo,youtube video,0.59,Evan - 남자도...어쩔 수 없다,207.0
South Korea,KOR,KR,Melon Chart,1996,완전한 사랑,장혜진,완전한 사랑₩장혜진,완전한 사랑₩장혜진,H5Qc3xKSDNk,youtube music,1.0,완전한 사랑,
South Korea,KOR,KR,Melon Chart,2006,느림보,Sg 워너비,느림보₩sg 워너비,three words₩SG Wanna Be,2x3Vlt-c4zo,youtube music,0.19,three words,250.0
South Korea,KOR,KR,Melon Chart,1999,시작,박기영,시작₩박기영,시작₩박기영,rfnK5yAveI4,youtube music,1.0,시작,
South Korea,KOR,KR,Melon Chart,1981,꿈 찾아가리,버들피리,꿈 찾아가리₩버들피리,꿈 찾아가리₩버들피리,tYGfS5wPo74,youtube music,1.0,꿈 찾아가리,
South Korea,KOR,KR,Melon Chart,1989,그대에게 무슨 말을 할까,최성수,그대에게 무슨 말을 할까₩최성수,그대에게 무슨 말을 할까₩최성수,IG8yLaTBxDo,youtube music,1.0,그대에게 무슨 말을 할까,
South Korea,KOR,KR,Melon Chart,1984,연인이여,이광조,연인이여₩이광조,연인이여₩이광조,Y4_U25EiKro,youtube music,1.0,연인이여,
South Korea,KOR,KR,Melon Chart,1986,제가 먼저 사랑할래요,강인원,제가 먼저 사랑할래요₩강인원,제가 먼저 사랑할래요₩강인원,9uAc4glEnps,youtube music,1.0,제가 먼저 사랑할래요,
South Korea,KOR,KR,Melon Chart,1997,Memories,사준,memories₩사준,Memories₩사준,pMbtHsHBWkY,youtube music,1.0,Memories,
South Korea,KOR,KR,Melon Chart,1985,금연,건아들,금연₩건아들,금연₩건아들,1xCdg3j43x0,youtube music,1.0,금연,
South Korea,KOR,KR,Melon Chart,2001,이연(異緣),신성우,이연(異緣)₩신성우,이연(異緣)₩신성우,wrK12LfEULo,youtube music,1.0,이연(異緣),
South Korea,KOR,KR,Melon Chart,2008,모두 다 쉿!,쥬얼리,모두 다 쉿!₩쥬얼리,쥬얼리 - 모두 다 쉿!₩KCV,U3maCfZQQbE,youtube video,0.69,쥬얼리 - 모두 다 쉿!,220.0
South Korea,KOR,KR,Melon Chart,1991,꿈,조용필,꿈₩조용필,꿈₩조용필,04ngQaxyb1E,youtube music,1.0,꿈,
South Korea,KOR,KR,Melon Chart,1992,먼 훗날,박정운,먼 훗날₩박정운,먼 훗날에₩박정운,L1nOItxiLqI,youtube music,0.8,먼 훗날에,
South Korea,KOR,KR,Melon Chart,2001,흐린 가을 하늘에 편지를 써,엄태환,흐린 가을 하늘에 편지를 써₩엄태환,흐린 가을 하늘에 편지를 써₩김광석,rf9WtFxkVWY,youtube music,0.83,흐린 가을 하늘에 편지를 써,
South Korea,KOR,KR,Melon Chart,2003,목포의 눈물,한영애,목포의 눈물₩한영애,Tears of Mokpo₩Shin Woong,HjpiBcOms3Y,youtube music,0.0,Tears of Mokpo,135.0
South Korea,KOR,KR,Melon Chart,1975,바보,윤형주,바보₩윤형주,바보₩윤형주,qnHN-fqUFgk,youtube music,1.0,바보,
South Korea,KOR,KR,Melon Chart,1987,이별을 띄울래요,규리,이별을 띄울래요₩규리,이별을 띄울래요₩규리,d1HWUWIHW3o,youtube music,1.0,이별을 띄울래요,
South Korea,KOR,KR,Melon Chart,1970,좋았다 싫어지면,나훈아,좋았다 싫어지면₩나훈아,좋았다 싫어지면₩나훈아,SNKoPMFyy38,youtube music,1.0,좋았다 싫어지면,
South Korea,KOR,KR,Melon Chart,1992,내가 아는 한가지,이덕진,내가 아는 한가지₩이덕진,내가 아는 한가지₩이덕진,gxZJKAORSwQ,youtube music,1.0,내가 아는 한가지,
South Korea,KOR,KR,Melon Chart,2004,Hug,동방신기,hug₩동방신기,Hug₩TVXQ!,6cniFwhVV_U,youtube music,0.4,Hug,230.0
South Korea,KOR,KR,Melon Chart,1986,아빠와 크레파스,배따라기,아빠와 크레파스₩배따라기,아빠와 크레파스₩배따라기,DSed1hU40Tw,youtube music,1.0,아빠와 크레파스,
South Korea,KOR,KR,Melon Chart,2000,그대도...내게도...,에코,그대도...내게도...₩에코,To you and me₩Eco,80DTqvoiUQY,youtube music,0.0,To you and me,264.0
South Korea,KOR,KR,Melon Chart,1999,되돌아온 이별,김현정,되돌아온 이별₩김현정,되돌아온 이별₩김현정,HF3F15nCmK4,youtube music,1.0,되돌아온 이별,
South Korea,KOR,KR,Melon Chart,1984,그래 걷자,김창완,그래 걷자₩김창완,김창완(산울림) - 그래 걷자 1983₩WarZimi,7SQjrZkmAMs,youtube video,0.39,김창완(산울림) - 그래 걷자 1983,229.0
South Korea,KOR,KR,Melon Chart,1992,낭랑18세,한서경,낭랑18세₩한서경,낭랑 18세₩한서경,BV7Maj-3cf0,youtube music,0.82,낭랑 18세,
South Korea,KOR,KR,Melon Chart,2008,가슴으로 외쳐 (Rap Feat. Rhymer),먼데이 키즈,가슴으로 외쳐 (rap feat. rhymer)₩먼데이 키즈,가슴으로 외쳐₩Monday Kiz,EDKYlkL_rgY,youtube music,0.29,가슴으로 외쳐,219.0
South Korea,KOR,KR,Melon Chart,1989,안개 걷히는 날,신계행,안개 걷히는 날₩신계행,안개 걷히는 날₩신계행,1aD0XfYyxQQ,youtube music,1.0,안개 걷히는 날,
South Korea,KOR,KR,Melon Chart,1965,맨발로 뛰어라,남일해,맨발로 뛰어라₩남일해,맨발로 뛰어라₩남일해,D9-MsMDl2wM,youtube music,1.0,맨발로 뛰어라,
South Korea,KOR,KR,Melon Chart,1995,니가 오는 날,변진섭,니가 오는 날₩변진섭,니가 오는 날₩변진섭,Mg02UOBbVBw,youtube music,1.0,니가 오는 날,
South Korea,KOR,KR,Melon Chart,1990,늦지 않았어요,이지연,늦지 않았어요₩이지연,이지연-늦지 않았어요₩강영민,b3b57pokOsU,youtube video,0.75,이지연-늦지 않았어요,224.0
South Korea,KOR,KR,Melon Chart,1996,사랑하는 어머님께,최성빈,사랑하는 어머님께₩최성빈,최성빈 사랑하는 어머님께₩로제네일,KH1MQkRwWxo,youtube video,0.76,최성빈 사랑하는 어머님께,
South Korea,KOR,KR,Melon Chart,1997,심연(深淵),R.ef,심연(深淵)₩r.ef,Abyss₩R.ef,tv6u28Xfiao,youtube music,0.42,Abyss,273.0
South Korea,KOR,KR,Melon Chart,2007,둘이라서,이루,둘이라서₩이루,이루 -둘이라서 🎯₩이리,EXJI3Le-bjM,youtube video,0.67,이루 -둘이라서 🎯,231.0
South Korea,KOR,KR,Melon Chart,2003,악으로,김진표,악으로₩김진표,"음악캠프 - Kim Jin-pyo - With a Dogged spirit, 김진표 - 악으로, Music Camp 20030607₩MBCkpop",hEhIpkSIyTk,youtube video,0.12,"음악캠프 - Kim Jin-pyo - With a Dogged spirit, 김진표 - 악으로, Music Camp 20030607",181.0
South Korea,KOR,KR,Melon Chart,2009,사고쳤어요,다비치,사고쳤어요₩다비치,사고쳤어요₩다비치,J06fhuRwMOA,youtube music,1.0,사고쳤어요,
South Korea,KOR,KR,Melon Chart,2004,내가 눈을 감는 이유,태빈,내가 눈을 감는 이유₩태빈,태빈 - 내가 눈을 감는 이유₩Sun태양,ZHh-wXFihlI,youtube video,0.71,태빈 - 내가 눈을 감는 이유,246.0
South Korea,KOR,KR,Melon Chart,1995,기억에 남는건 너의 젖은 눈동자,박정운,기억에 남는건 너의 젖은 눈동자₩박정운,기억에 남는건 너의 젖은 눈동자₩박정운,p3jF22WJfkA,youtube music,1.0,기억에 남는건 너의 젖은 눈동자,
South Korea,KOR,KR,Melon Chart,1985,내일로 가는 마차,이재성,내일로 가는 마차₩이재성,내일로 가는 마차₩이재성,iiCHCt_aE2Y,youtube music,1.0,내일로 가는 마차,
South Korea,KOR,KR,Melon Chart,1990,얘기하지 말자,지예,얘기하지 말자₩지예,지예 - 얘기하지 말자₩Biny,ygS1URBjNDk,youtube video,0.64,지예 - 얘기하지 말자,224.0
South Korea,KOR,KR,Melon Chart,2003,The Secret Garden,이상은,the secret garden₩이상은,Leetzsche/Lee Sang Eun (이상은) - 비밀의 화원 (The Secret Garden) [Color Coded Lyrics Han/Rom/Eng]₩KSECTOR LYRICS,fBwSU811ak4,youtube video,0.31,Leetzsche/Lee Sang Eun (이상은) - 비밀의 화원 (The Secret Garden) [Color Coded Lyrics Han/Rom/Eng],250.0
South Korea,KOR,KR,Melon Chart,1970,아씨,이미자,아씨₩이미자,아씨₩이미자,gHxcuW65Gf4,youtube music,1.0,아씨,
South Korea,KOR,KR,Melon Chart,1966,남성금지구역,이시스터즈,남성금지구역₩이시스터즈,남성금지구역₩이씨스터,31rLaoSxNEc,youtube music,0.76,남성금지구역,
South Korea,KOR,KR,Melon Chart,1979,세상 모르고 살았노라,런웨이,세상 모르고 살았노라₩런웨이,세상 모르고 살았노라₩활주로,QFabFq_L374,youtube music,0.79,세상 모르고 살았노라,
South Korea,KOR,KR,Melon Chart,1986,슬픈 인연,나미,슬픈 인연₩나미,슬픈 인연₩나미,0_1M_2LR-b8,youtube music,1.0,슬픈 인연,
South Korea,KOR,KR,Melon Chart,1989,호랑나비,김흥국,호랑나비₩김흥국,호랑나비₩김흥국,gAO3Gh3GDh8,youtube music,1.0,호랑나비,
South Korea,KOR,KR,Melon Chart,2003,개미와 베짱이,유리상자,개미와 베짱이₩유리상자,개미와 베짱이₩유리상자,hRp6VtA1qJo,youtube music,1.0,개미와 베짱이,
South Korea,KOR,KR,Melon Chart,1985,아베마리아,김승덕,아베마리아₩김승덕,아베마리아₩김승덕,JRdHSWzrY0g,youtube music,1.0,아베마리아,
South Korea,KOR,KR,Melon Chart,2008,어제보다 오늘 더,김종국,어제보다 오늘 더₩김종국,어제보다 오늘 더₩김종국,SqQtqUPNH_M,youtube music,1.0,어제보다 오늘 더,
South Korea,KOR,KR,Melon Chart,2007,미워요,씨야,미워요₩씨야,씨야 - 미워요₩Brightriver87,7d9VQb-pVNA,youtube video,0.31,씨야 - 미워요,258.0
South Korea,KOR,KR,Melon Chart,1999,돌아와,클론,돌아와₩클론,"Clon - Come back, 클론 - 돌아와, Music Camp 19990515₩MBCkpop",EzLgH4TMSTU,youtube video,0.14,"Clon - Come back, 클론 - 돌아와, Music Camp 19990515",211.0
South Korea,KOR,KR,Melon Chart,2004,It`S Raining,비,it`s raining₩비,"It's Raining₩황린, 전성배 & Yin Gyou Hwang",JHFdtew9qOs,youtube music,0.41,It's Raining,275.0
South Korea,KOR,KR,Melon Chart,1994,그리움으로 지는 너,코코,그리움으로 지는 너₩코코,그리움으로 지는 너₩코코 (CoCo),Jab3mKS0dmQ,youtube music,0.77,그리움으로 지는 너,
South Korea,KOR,KR,Melon Chart,1999,기적 (Duet With 이소은),김동률,기적 (duet with 이소은)₩김동률,기적 (Duet With 이소은) Miracle₩김동률,1hwE1RktNOo,youtube music,0.84,기적 (Duet With 이소은) Miracle,264.0
South Korea,KOR,KR,Melon Chart,1989,졸업,이지연,졸업₩이지연,졸업₩이지연,nd667_hTcP4,youtube music,1.0,졸업,
South Korea,KOR,KR,Melon Chart,1977,꽃순이를 아시나요,김국환,꽃순이를 아시나요₩김국환,꽃순이를 아시나요₩김국환,QePnNXlH1wE,youtube music,1.0,꽃순이를 아시나요,
South Korea,KOR,KR,Melon Chart,1969,빨간 선인장,김상희,빨간 선인장₩김상희,빨간 선인장₩김상희,VJ7NbFs6TvI,youtube music,1.0,빨간 선인장,
South Korea,KOR,KR,Melon Chart,1987,오늘은 어떤 일이,손현희,오늘은 어떤 일이₩손현희,오늘은 어떤 일이₩손현희,c0KRUXrE1rI,youtube music,1.0,오늘은 어떤 일이,
South Korea,KOR,KR,Melon Chart,1993,그의 비밀,015b,그의 비밀₩015b,그의 비밀₩공일오비(015B),owJMdmhOeME,youtube music,0.67,그의 비밀,232.0
South Korea,KOR,KR,Melon Chart,2009,너라고 (It`S You),슈퍼주니어,너라고 (it`s you)₩슈퍼주니어,It's you₩SUPER JUNIOR-M,Kf7fQpLvglc,youtube music,0.24,It's you,182.0
South Korea,KOR,KR,Melon Chart,1968,황혼의 부르스,이미자,황혼의 부르스₩이미자,황혼의 부르스₩이미자,FndN1CJMQW8,youtube music,1.0,황혼의 부르스,
South Korea,KOR,KR,Melon Chart,1978,아리아리아라리요,김태곤,아리아리아라리요₩김태곤,아리아리아라리요₩김태곤,tSBzxE9BfYQ,youtube music,1.0,아리아리아라리요,
South Korea,KOR,KR,Melon Chart,1985,"바람, 바람, 바람",김범룡,"바람, 바람, 바람₩김범룡","바람, 바람, 바람₩김범룡",1SmH-mSSQi0,youtube music,1.0,"바람, 바람, 바람",
South Korea,KOR,KR,Melon Chart,1973,사랑의 의지,이수미,사랑의 의지₩이수미,사랑의 의지₩이수미,nCnuaT6apYI,youtube music,1.0,사랑의 의지,
South Korea,KOR,KR,Melon Chart,2008,나만 바라봐,태양,나만 바라봐₩태양,나만 바라봐₩태양,CNXyXceaY2M,youtube music,1.0,나만 바라봐,
South Korea,KOR,KR,Melon Chart,1997,좋은사람 있으면 소개시켜줘,베이시스,좋은사람 있으면 소개시켜줘₩베이시스,좋은사람 있으면 소개시켜줘₩삼류가수,auGBmli7Sc0,youtube music,0.78,좋은사람 있으면 소개시켜줘,
South Korea,KOR,KR,Melon Chart,2000,거짓말처럼,김현정,거짓말처럼₩김현정,거짓말처럼₩김현정,ZVwaF8ZTnDo,youtube music,1.0,거짓말처럼,
South Korea,KOR,KR,Melon Chart,2002,Rain,박혜경,rain₩박혜경,박혜경 - Rain₩MC Song,zdOAY9ywc08,youtube video,0.5,박혜경 - Rain,245.0
South Korea,KOR,KR,Melon Chart,1995,내일이 오면,양수경,내일이 오면₩양수경,내일이 오면₩양수경,nsitbyTAa1o,youtube music,1.0,내일이 오면,
South Korea,KOR,KR,Melon Chart,2005,꿈의 대화 (R&B Soul Ver.),Sg 워너비,꿈의 대화 (r&b soul ver.)₩sg 워너비,[뮤즈온라인] SG워너비 - 꿈의 대화 (R&B Soul Ver.)₩MoPlay노래방 공식 유튜브채널,Oq2JqU6EoSQ,youtube video,0.61,[뮤즈온라인] SG워너비 - 꿈의 대화 (R&B Soul Ver.),231.0
South Korea,KOR,KR,Melon Chart,2001,I Believe,신승훈,i believe₩신승훈,I Believe₩신승훈,qRvTNLpXAm0,youtube music,1.0,I Believe,
South Korea,KOR,KR,Melon Chart,1985,기타 하나 동전 한닢,이재성,기타 하나 동전 한닢₩이재성,기타 하나 동전 한닢₩이재성,umg4w1rQOLU,youtube music,1.0,기타 하나 동전 한닢,
South Korea,KOR,KR,Melon Chart,1998,밀랍천사,자우림,밀랍천사₩자우림,밀랍천사₩자우림,pOEiT0QlFOc,youtube music,1.0,밀랍천사,
South Korea,KOR,KR,Melon Chart,1988,세월이 가면,최호섭,세월이 가면₩최호섭,세월이 가면₩최호섭,0k0f5Z0aytY,youtube video,1.0,세월이 가면,
South Korea,KOR,KR,Melon Chart,2003,덩그러니,이수영,덩그러니₩이수영,덩그러니₩이수영,xsGRUsCKttQ,youtube music,1.0,덩그러니,
South Korea,KOR,KR,Melon Chart,1974,불 꺼진 창,조영남,불 꺼진 창₩조영남,불 꺼진 창₩조영남,B-TTa1sUxP0,youtube music,1.0,불 꺼진 창,
South Korea,KOR,KR,Melon Chart,1992,언제나 그 자리에,신효범,언제나 그 자리에₩신효범,언제나 그자리에₩신효범,EIQ4_LUSKPQ,youtube music,0.87,언제나 그자리에,
South Korea,KOR,KR,Melon Chart,2006,편지,김종국,편지₩김종국,편지₩김종국,6Rb99hZSZuo,youtube music,1.0,편지,
South Korea,KOR,KR,Melon Chart,1997,왜 하늘은...,이지훈,왜 하늘은...₩이지훈,왜 하늘은₩LEE JEE HOON,h5fVFRLMeBk,youtube video,0.29,왜 하늘은,275.0
South Korea,KOR,KR,Melon Chart,1986,하나는 외로워,들국화,하나는 외로워₩들국화,하나는 외로워₩들국화,xx1_u4ZIxBM,youtube music,1.0,하나는 외로워,
South Korea,KOR,KR,Melon Chart,1989,Happy Birthday,이상은,happy birthday₩이상은,Happy Birthday₩이상은,cSbr1qpfMq4,youtube music,1.0,Happy Birthday,
South Korea,KOR,KR,Melon Chart,2004,사랑하길 정말 잘했어요,Sg 워너비,사랑하길 정말 잘했어요₩sg 워너비,사랑하길 정말 잘했어요₩SG 워너비,PUsqVlfOulc,youtube music,1.0,사랑하길 정말 잘했어요,
South Korea,KOR,KR,Melon Chart,2007,아리랑,Sg 워너비,아리랑₩sg 워너비,아리랑₩SG 워너비(SG Wannabe),m4LGuu5b57c,youtube music,0.6,아리랑,291.0
South Korea,KOR,KR,Melon Chart,1998,지킬 수 없는 약속,신승훈,지킬 수 없는 약속₩신승훈,지킬 수 없는 약속₩신승훈,LmCID-P7zOo,youtube music,1.0,지킬 수 없는 약속,
South Korea,KOR,KR,Melon Chart,1994,그대만을 위한 사랑,박정운,그대만을 위한 사랑₩박정운,그대만을 위한 사랑₩박정운,MjFNEUGA1ZQ,youtube music,1.0,그대만을 위한 사랑,
South Korea,KOR,KR,Melon Chart,1973,내 강산 좋을시구,김세레나,내 강산 좋을시구₩김세레나,내 강산 좋을시구₩김세레나,5PpdFCRLXOM,youtube music,1.0,내 강산 좋을시구,
South Korea,KOR,KR,Melon Chart,2007,봄이여 오라 (Feat. 유리),Mc 스나이퍼,봄이여 오라 (feat. 유리)₩mc 스나이퍼,MC 스나이퍼 - 봄이여 오라 (Feat. 유리)₩박진혁,2NN-jB0f6_M,youtube video,0.85,MC 스나이퍼 - 봄이여 오라 (Feat. 유리),
South Korea,KOR,KR,Melon Chart,2009,헤어지는 중입니다,이은미,헤어지는 중입니다₩이은미,I am breaking up myself₩Kim Heejae,qlT7BWYyXX8,youtube music,0.0,I am breaking up myself,280.0
South Korea,KOR,KR,Melon Chart,1993,길고 긴 사랑을 위해,김승기,길고 긴 사랑을 위해₩김승기,김승기 - 길고 긴 사랑을 위해₩BG.K,H5yHYYbDEJ4,youtube video,0.74,김승기 - 길고 긴 사랑을 위해,245.0
South Korea,KOR,KR,Melon Chart,1964,님이라 부르리까,이미자,님이라 부르리까₩이미자,님이라 부르리까₩이미자,9p5c4aMxlhs,youtube music,1.0,님이라 부르리까,
South Korea,KOR,KR,Melon Chart,1990,유리창엔 비,햇빛촌,유리창엔 비₩햇빛촌,유리창엔 비 (유리창엔 비)₩한영,da7xHw_gYzc,youtube music,0.46,유리창엔 비 (유리창엔 비),241.0
South Korea,KOR,KR,Melon Chart,1978,아니 벌써,산울림,아니 벌써₩산울림,아니벌써₩산울림,h8CtEExb9Vc,youtube music,0.8,아니벌써,
South Korea,KOR,KR,Melon Chart,1981,봄 여름 가을 겨울,김현식,봄 여름 가을 겨울₩김현식,봄 여름 가을 겨울₩김현식,Eyu-j0EqDVU,youtube music,1.0,봄 여름 가을 겨울,
South Korea,KOR,KR,Melon Chart,1976,비에 젖은 비둘기,이승연,비에 젖은 비둘기₩이승연,비에 젖은 비둘기₩이승연,TEvieVTQ3vg,youtube music,1.0,비에 젖은 비둘기,
South Korea,KOR,KR,Melon Chart,1990,내 품에 안기어,봄여름가을겨울,내 품에 안기어₩봄여름가을겨울,내 품에 안기어 - 봄여름가을겨울₩KUNSTDORF,HbA5qi1rZuc,youtube video,0.71,내 품에 안기어 - 봄여름가을겨울,317.0
South Korea,KOR,KR,Melon Chart,1973,하늘,서유석,하늘₩서유석,하늘₩서유석,50xNEgfhItE,youtube music,1.0,하늘,
South Korea,KOR,KR,Melon Chart,1987,사랑하기에,이정석,사랑하기에₩이정석,사랑하기에₩이정석,erH0J28TpBg,youtube music,1.0,사랑하기에,
South Korea,KOR,KR,Melon Chart,1999,편지할께요,박정현,편지할께요₩박정현,편지할께요₩박정현,srT7ZkJ0fSY,youtube music,1.0,편지할께요,
South Korea,KOR,KR,Melon Chart,1978,어떤날 둘이는,홍수철,어떤날 둘이는₩홍수철,어떤날 둘이는₩홍수철,KSZQdcELh0s,youtube music,1.0,어떤날 둘이는,
South Korea,KOR,KR,Melon Chart,1978,햇빛 쏟아지는 들판,장계현,햇빛 쏟아지는 들판₩장계현,햇빛 쏟아지는 들판₩장계현,g5moajCHRhY,youtube music,1.0,햇빛 쏟아지는 들판,
South Korea,KOR,KR,Melon Chart,2002,Never Ending Story,부활,never ending story₩부활,Never Ending Story₩소향,2dutadTqRAc,youtube music,0.9,Never Ending Story,
South Korea,KOR,KR,Melon Chart,2001,하루,박혜경,하루₩박혜경,하루₩박혜경,K0wOfkXULOc,youtube music,1.0,하루,
South Korea,KOR,KR,Melon Chart,2004,대한건아 만세,엔알지,대한건아 만세₩엔알지,대한건아 만세₩엔알지,wMqYsFJb2s0,youtube music,1.0,대한건아 만세,
South Korea,KOR,KR,Melon Chart,1991,차창에 흐르는 이별,유익종,차창에 흐르는 이별₩유익종,차창에 흐르는 이별₩유익종,SBpVslMW03U,youtube music,1.0,차창에 흐르는 이별,
South Korea,KOR,KR,Melon Chart,1993,방황,이승철,방황₩이승철,방황₩이승철,mjWBCYvTvRU,youtube music,1.0,방황,
South Korea,KOR,KR,Melon Chart,2009,친구의 고백,2am,친구의 고백₩2am,Confession of a Friend₩2AM,CqQAHKkRtww,youtube music,0.18,Confession of a Friend,258.0
South Korea,KOR,KR,Melon Chart,1973,왜 아니올까,김추자,왜 아니올까₩김추자,왜 아니올까₩김추자,dWhq1IqMCTA,youtube music,1.0,왜 아니올까,
South Korea,KOR,KR,Melon Chart,1984,아득히 먼곳,이승재,아득히 먼곳₩이승재,이승재 - 아득히 먼 곳₩음악한줌,LXRvpfb1vLA,youtube video,0.54,이승재 - 아득히 먼 곳,210.0
South Korea,KOR,KR,Melon Chart,1997,애송이의 사랑,양파,애송이의 사랑₩양파,애송이의 사랑₩양파,D8VZhke8W68,youtube music,1.0,애송이의 사랑,
South Korea,KOR,KR,Melon Chart,1999,첫사랑,임현정,첫사랑₩임현정,첫사랑₩임현정,L6GloKxI3NY,youtube music,1.0,첫사랑,
South Korea,KOR,KR,Melon Chart,2007,하늘위로 (Remix),렉시,하늘위로 (remix)₩렉시,Lexy  하늘위로 (Above the Sky)₩Leppie92,OsKzASFTXi0,youtube video,0.25,Lexy  하늘위로 (Above the Sky),221.0
South Korea,KOR,KR,Melon Chart,1981,물망초,조용필,물망초₩조용필,물망초₩조용필,30vxMNE0cUM,youtube music,1.0,물망초,
South Korea,KOR,KR,Melon Chart,1988,그대 모습은 장미,민해경,그대 모습은 장미₩민해경,그대 모습은 장미₩민해경,TBB93sM3Uhs,youtube music,1.0,그대 모습은 장미,
South Korea,KOR,KR,Melon Chart,1995,Happy End (Edit Ver.),김범수,happy end (edit ver.)₩김범수,Happy end-김범수₩한아름,JCHpWMgq8t8,youtube video,0.5,Happy end-김범수,264.0
South Korea,KOR,KR,Melon Chart,2003,여전히 입술을 깨물죠,이수영,여전히 입술을 깨물죠₩이수영,여전히 입술을 깨물죠₩이수영,Qn83N6kFOLI,youtube music,1.0,여전히 입술을 깨물죠,
South Korea,KOR,KR,Melon Chart,2003,오렌지,서태지,오렌지₩서태지,오렌지₩서태지,Zvgy7oyl-R0,youtube video,1.0,오렌지,
South Korea,KOR,KR,Melon Chart,1999,연정/폼생폼사/기사도,젝스키스,연정/폼생폼사/기사도₩젝스키스,Way of Knighthood₩Sechs Kies,cltbb5c0ssM,youtube video,0.0,Way of Knighthood,299.0
South Korea,KOR,KR,Melon Chart,2004,당신과의 키스를 세어보아요,화요비,당신과의 키스를 세어보아요₩화요비,당신과의 키스를 세어보아요₩화요비,oja9oHUj3Vg,youtube music,1.0,당신과의 키스를 세어보아요,
South Korea,KOR,KR,Melon Chart,1997,다시 만나 줘,업타운,다시 만나 줘₩업타운,다시 만나 줘₩업타운,TAR2Z50v4-g,youtube video,1.0,다시 만나 줘,
South Korea,KOR,KR,Melon Chart,2008,Nobody,원더걸스,nobody₩원더걸스,Nobody₩원더걸스,QZBn1e9pr2Q,youtube video,1.0,Nobody,
South Korea,KOR,KR,Melon Chart,1989,그 누구보다 더,이정현,그 누구보다 더₩이정현,이정현 남  그 누구보다 더₩피구재단,qoxjPdS2s3k,youtube video,0.67,이정현 남  그 누구보다 더,209.0
South Korea,KOR,KR,Melon Chart,1991,헤어짐이 이별은 아니듯,임백천,헤어짐이 이별은 아니듯₩임백천,헤어짐이 이별은 아니듯 ㅡ 임백천₩해바라기,gjiLDN6lLw8,youtube video,0.81,헤어짐이 이별은 아니듯 ㅡ 임백천,
South Korea,KOR,KR,Melon Chart,1988,사랑굿,길은정,사랑굿₩길은정,사랑굿₩길은정,pDdqoECQoAA,youtube music,1.0,사랑굿,
South Korea,KOR,KR,Melon Chart,1978,먼훗날,김미성,먼훗날₩김미성,먼훗날₩김미성,mcBB1lL2Eis,youtube music,1.0,먼훗날,
South Korea,KOR,KR,Melon Chart,1995,내게로,장혜진,내게로₩장혜진,내게로₩장혜진,NM8wyVAKkUc,youtube music,1.0,내게로,
South Korea,KOR,KR,Melon Chart,1996,Bow Wow,아이돌,bow wow₩아이돌,아이돌 - Bow Wow₩신일섭,CSf7vpM12m8,youtube video,0.69,아이돌 - Bow Wow,216.0
South Korea,KOR,KR,Melon Chart,2005,이여름 Summer,쿨 (Cool),이여름 summer₩쿨 (cool),One Summer Drive₩Cool,-VLgBxASjqQ,youtube music,0.53,One Summer Drive,237.0
South Korea,KOR,KR,Melon Chart,2000,해석남녀,쿨 (Cool),해석남녀₩쿨 (cool),해석남녀₩쿨 (Cool),GfykRPfCiV0,youtube music,1.0,해석남녀,
South Korea,KOR,KR,Melon Chart,1997,무기여 잘 있거라,박상민,무기여 잘 있거라₩박상민,무기여 잘 있거라₩박상민,hXD9bMe-2Z8,youtube music,1.0,무기여 잘 있거라,
South Korea,KOR,KR,Melon Chart,2003,진달래꽃,마야,진달래꽃₩마야,진달래꽃₩마야,qeSOlgTluXc,youtube video,1.0,진달래꽃,
South Korea,KOR,KR,Melon Chart,2000,초련(初戀),클론,초련(初戀)₩클론,"음악캠프 - Clon - First love, 클론 - 초련, Music Camp 20000415₩MBCkpop",KenTs6bOPXA,youtube video,0.087,"음악캠프 - Clon - First love, 클론 - 초련, Music Camp 20000415",233.0
South Korea,KOR,KR,Melon Chart,1981,고추잠자리,조용필,고추잠자리₩조용필,고추잠자리₩조용필,5D_ufKirfxY,youtube music,1.0,고추잠자리,
South Korea,KOR,KR,Melon Chart,1967,바보처럼 울었다,진송남,바보처럼 울었다₩진송남,바보처럼 울었다₩진송남,TJHo7JALgKY,youtube music,1.0,바보처럼 울었다,
South Korea,KOR,KR,Melon Chart,1986,재회,남궁옥분,재회₩남궁옥분,재회₩남궁옥분,C2_sdircmQQ,youtube music,1.0,재회,
South Korea,KOR,KR,Melon Chart,2004,내가 당신을 사랑하는 이유,왁스,내가 당신을 사랑하는 이유₩왁스,내가 당신을 사랑하는 이유₩카라,LYQw4l3WoYs,youtube video,0.88,내가 당신을 사랑하는 이유,
South Korea,KOR,KR,Melon Chart,2004,Feeling,김종국,feeling₩김종국,FEELING₩김종국,LO8NxChUJT0,youtube music,1.0,FEELING,
South Korea,KOR,KR,Melon Chart,1981,가나다라,송창식,가나다라₩송창식,가나다라₩송창식,-iXyBOwehgs,youtube video,1.0,가나다라,
South Korea,KOR,KR,Melon Chart,2004,발작 (發作),원티드,발작 (發作)₩원티드,"Wanted - Stroke, 원티드 - 발작, Music Camp 20040814₩MBCkpop",0bqDEEuzOPQ,youtube video,0.13,"Wanted - Stroke, 원티드 - 발작, Music Camp 20040814",213.0
South Korea,KOR,KR,Melon Chart,1991,미워서 미워질때,변진섭,미워서 미워질때₩변진섭,미워서 미워질때₩변진섭,f2ZgG7Tl2Cg,youtube music,1.0,미워서 미워질때,
South Korea,KOR,KR,Melon Chart,1997,저 바다가 날 막겠어,임상아,저 바다가 날 막겠어₩임상아,저 바다가 날 막겠어₩임상아,spQ88AWeoxA,youtube music,1.0,저 바다가 날 막겠어,
South Korea,KOR,KR,Melon Chart,2004,꿈에,이수영,꿈에₩이수영,꿈에₩이수영,aEMJ2hR2hEQ,youtube music,1.0,꿈에,
South Korea,KOR,KR,Melon Chart,1971,밤비,송창식,밤비₩송창식,밤 비₩송창식,DXt4na6x-50,youtube music,0.73,밤 비,151.0
South Korea,KOR,KR,Melon Chart,2000,다 줄거야 (Acoustic Ver.),조규만,다 줄거야 (acoustic ver.)₩조규만,다 줄꺼야 -- 조규만₩southkoreanfolksongs,8ID0U7ZKeAY,youtube video,0.25,다 줄꺼야 -- 조규만,244.0
South Korea,KOR,KR,Melon Chart,1992,눈 감아봐도,박준희,눈 감아봐도₩박준희,눈 감아봐도₩박준희,xCF1GHUVAZg,youtube music,1.0,눈 감아봐도,
South Korea,KOR,KR,Melon Chart,1979,그대로 그렇게,Fevers,그대로 그렇게₩fevers,Like that₩Fevers,mYHfPrenQS0,youtube music,0.43,Like that,317.0
South Korea,KOR,KR,Melon Chart,1988,타인의 거리,도시의 그림자,타인의 거리₩도시의 그림자,타인의 거리₩도시의 그림자,-y_lrXoMIJ8,youtube music,1.0,타인의 거리,
South Korea,KOR,KR,Melon Chart,1992,또 다른 만남을 위해,김민종,또 다른 만남을 위해₩김민종,Classic Kpop - 김민종 - 또 다른 만남을 위해 + DL₩ClassicKpop427,Mm06GNZg0Bk,youtube video,0.43,Classic Kpop - 김민종 - 또 다른 만남을 위해 + DL,276.0
South Korea,KOR,KR,Melon Chart,1978,나 어떡해 (77년 대상),샌드 페블즈,나 어떡해 (77년 대상)₩샌드 페블즈,나 어떡해₩샌드페블즈,_LFUk0Z1k6Y,youtube music,0.6,나 어떡해,308.0
South Korea,KOR,KR,Melon Chart,2009,Ttl (Time To Love),"티아라, 초신성","ttl (time to love)₩티아라, 초신성",T.T.L (Time To Love)₩티아라 (T-ara),HKuMchHwUVI,youtube music,0.67,T.T.L (Time To Love),218.0
South Korea,KOR,KR,Melon Chart,2003,돌아와 제발,Jk 김동욱,돌아와 제발₩jk 김동욱,돌아와 제발 - jk김동욱₩황재훈,nZtAi0qywus,youtube video,0.69,돌아와 제발 - jk김동욱,252.0
South Korea,KOR,KR,Melon Chart,1974,새는,송창식,새는₩송창식,새는₩송창식,9OTEqmKuaXQ,youtube music,1.0,새는,
South Korea,KOR,KR,Melon Chart,1973,잊으라면 잊겠어요,이용복,잊으라면 잊겠어요₩이용복,잊으라면 잊겠어요₩이용복,vtH_bxA9Z2M,youtube music,1.0,잊으라면 잊겠어요,
South Korea,KOR,KR,Melon Chart,2006,면도,V.one,면도₩v.one,면도₩V.one,4MzfL2zq0CU,youtube music,1.0,면도,
South Korea,KOR,KR,Melon Chart,2004,죽을만큼 사랑했어요,Sg 워너비,죽을만큼 사랑했어요₩sg 워너비,죽을 만큼 사랑했어요₩SG 워너비,dLaZMCXcdGE,youtube music,0.91,죽을 만큼 사랑했어요,
South Korea,KOR,KR,Melon Chart,1999,1tym,원타임,1tym₩원타임,1TYM₩원타임,Q2pXMqXjGFs,youtube music,1.0,1TYM,
South Korea,KOR,KR,Melon Chart,1998,내가 기다린 사랑,유승준,내가 기다린 사랑₩유승준,내가 기다린 사랑₩유승준,hmT4NGm7lns,youtube music,1.0,내가 기다린 사랑,
South Korea,KOR,KR,Melon Chart,1998,악마의 연기 (Feat. Perry),양현석,악마의 연기 (feat. perry)₩양현석,양현석 - 악마의 연기 (Feat.Perry)₩Grace H,oKX9zZ13zhI,youtube video,0.73,양현석 - 악마의 연기 (Feat.Perry),227.0
South Korea,KOR,KR,Melon Chart,1991,예감으로 느낀 너의 표정(Inst.),윤태규,예감으로 느낀 너의 표정(inst.)₩윤태규,예감으로 느낀 너의 표정₩윤태규,If9iER-GqfI,youtube music,0.77,예감으로 느낀 너의 표정,
South Korea,KOR,KR,Melon Chart,1998,세상의 모든 이별,베이시스,세상의 모든 이별₩베이시스,세상의 모든 이별₩베이시스 (BASIS),Fvl316U1gNc,youtube music,0.76,세상의 모든 이별,
South Korea,KOR,KR,Melon Chart,1974,고향초,홍민,고향초₩홍민,고향초₩홍민,uTgM3tj1Or0,youtube music,1.0,고향초,
South Korea,KOR,KR,Melon Chart,1990,한번만 더,박성신,한번만 더₩박성신,한번만 더₩박성신,UdKF_ThezFc,youtube music,1.0,한번만 더,
South Korea,KOR,KR,Melon Chart,1995,넌 남이 아냐 (House Ver.),E.o.s,넌 남이 아냐 (house ver.)₩e.o.s,EOS - 넌 남이 아냐 (House ver.)₩신일섭,eE_fWMyN3CQ,youtube video,0.74,EOS - 넌 남이 아냐 (House ver.),250.0
South Korea,KOR,KR,Melon Chart,1985,다시 사랑할 수 있다면,김형룡,다시 사랑할 수 있다면₩김형룡,다시 사랑할 수 있다면₩김형용,wBesh90wCRo,youtube music,0.93,다시 사랑할 수 있다면,
South Korea,KOR,KR,Melon Chart,1994,학창시절,이현석,학창시절₩이현석,학창시절₩이현석,1q5AdyEwUec,youtube music,1.0,학창시절,
South Korea,KOR,KR,Melon Chart,1978,얼룩 고무신,둘 다섯,얼룩 고무신₩둘 다섯,얼룩 고무신₩세시봉,xeuy-sNzdIY,youtube music,0.63,얼룩 고무신,153.0
South Korea,KOR,KR,Melon Chart,1993,Say Yes (Part1),라종민,say yes (part1)₩라종민,라종민 - Say Yes₩yh,7wgHPKm_AUE,youtube video,0.55,라종민 - Say Yes,267.0
South Korea,KOR,KR,Melon Chart,2003,비상,Kyt (코요태),비상₩kyt (코요태),비상₩Koyote,nCtRttK0L-w,youtube music,0.32,비상,252.0
South Korea,KOR,KR,Melon Chart,2004,시간을 찾아서 (Feat. 이적),김진표,시간을 찾아서 (feat. 이적)₩김진표,김진표 - 시간을 찾아서 (Feat. 이적)₩김준식,EpO83JXprms,youtube video,0.88,김진표 - 시간을 찾아서 (Feat. 이적),
South Korea,KOR,KR,Melon Chart,1989,봉선화 연정,현철,봉선화 연정₩현철,봉선화 연정₩현철,XhzvZADzrCQ,youtube music,1.0,봉선화 연정,
South Korea,KOR,KR,Melon Chart,1999,실연,김종서,실연₩김종서,실연₩김종서,vG3ddAsB-Uw,youtube music,1.0,실연,
South Korea,KOR,KR,Melon Chart,1986,비둘기에게,시인과 촌장,비둘기에게₩시인과 촌장,비둘기에게₩시인과 촌장,LTjOTePCAxc,youtube music,1.0,비둘기에게,
South Korea,KOR,KR,Melon Chart,1973,서귀포를 아시나요,조미미,서귀포를 아시나요₩조미미,서귀포를 아시나요₩조미미,rYGwPsdSMSg,youtube music,1.0,서귀포를 아시나요,
South Korea,KOR,KR,Melon Chart,2006,피 (避),플라이 투 더 스카이,피 (避)₩플라이 투 더 스카이,피(避)₩Fly To The Sky,vhSRz0MoXhs,youtube music,0.18,피(避),261.0
South Korea,KOR,KR,Melon Chart,2003,Shine,슈가,shine₩슈가,Shine₩슈가볼,pM-mJymuL8c,youtube music,0.93,Shine,
South Korea,KOR,KR,Melon Chart,2001,휘파람,Cb Mass,휘파람₩cb mass,Whistle₩CB MASS,Y4TEgXPPP6U,youtube music,0.58,Whistle,238.0
South Korea,KOR,KR,Melon Chart,1974,저꽃속에 찬란한 빛이,박경희,저꽃속에 찬란한 빛이₩박경희,저꽃속에 찬란한 빛이₩박경희,SzgXkGeMNbo,youtube music,1.0,저꽃속에 찬란한 빛이,
South Korea,KOR,KR,Melon Chart,1992,나의 노래,김광석,나의 노래₩김광석,나의 노래₩김광석,GiAg2IW_XOM,youtube music,1.0,나의 노래,
South Korea,KOR,KR,Melon Chart,2004,너의 곁으로,조성모,너의 곁으로₩조성모,너의 곁으로₩조성모,dEmoykqSrsE,youtube music,1.0,너의 곁으로,
South Korea,KOR,KR,Melon Chart,1990,예정된 시간을 위하여,Various Artists,예정된 시간을 위하여₩various artists,예정된 시간을 위하여₩Various Artists,-ffsC8INW_Y,youtube music,1.0,예정된 시간을 위하여,
South Korea,KOR,KR,Melon Chart,1988,회상 I,부활,회상 i₩부활,회상₩부활,gXJwlfKzNBE,youtube music,0.8,회상,
South Korea,KOR,KR,Melon Chart,1996,끝없는 사랑,녹색지대,끝없는 사랑₩녹색지대,끝없는 사랑₩녹색지대,yOUeZpaO3rE,youtube music,1.0,끝없는 사랑,
South Korea,KOR,KR,Melon Chart,1991,사랑은 기다림으로,이상훈,사랑은 기다림으로₩이상훈,이상훈 -사랑은 기다림으로 🎯₩이리,-ssuP8u2pOA,youtube video,0.8,이상훈 -사랑은 기다림으로 🎯,
South Korea,KOR,KR,Melon Chart,1989,한 송이 저 들국화처럼,박광현,한 송이 저 들국화처럼₩박광현,한 송이 저 들국화처럼₩박광현,FAmQCnv6aZg,youtube music,1.0,한 송이 저 들국화처럼,
South Korea,KOR,KR,Melon Chart,1995,Main Title,최경식,main title₩최경식,Main Title₩최경식,DAj5ShOu18o,youtube music,1.0,Main Title,
South Korea,KOR,KR,Melon Chart,1993,나를 돌아봐,듀스,나를 돌아봐₩듀스,나를 돌아봐₩듀스,z_F_tQ_GUtU,youtube music,1.0,나를 돌아봐,
South Korea,KOR,KR,Melon Chart,1999,Shut Up!! (Feat. 이윤정),유승준,shut up!! (feat. 이윤정)₩유승준,Shut Up!!₩Yoo Seungjun,Vy7MiGLDvQA,youtube music,0.4,Shut Up!!,235.0
South Korea,KOR,KR,Melon Chart,2008,D.i.s.c.o (Feat. Top),엄정화,d.i.s.c.o (feat. top)₩엄정화,D.I.S.C.O₩Um Jung Hwa,C0USKQRvuIc,youtube music,0.41,D.I.S.C.O,205.0
South Korea,KOR,KR,Melon Chart,1992,이젠 느낄 수 있어,푸른하늘,이젠 느낄 수 있어₩푸른하늘,이젠 느낄 수 있어₩푸른하늘,HN5W6KuuKEQ,youtube music,1.0,이젠 느낄 수 있어,
South Korea,KOR,KR,Melon Chart,1995,나만의 친구,솔리드,나만의 친구₩솔리드,My only friend (Hip Hop)₩Solid,gTEnhdzO3nU,youtube music,0.0,My only friend (Hip Hop),192.0
South Korea,KOR,KR,Melon Chart,2001,Good Life,드렁큰 타이거,good life₩드렁큰 타이거,Good Life₩드렁큰 타이거,jrbM0tO14Tw,youtube music,1.0,Good Life,
South Korea,KOR,KR,Melon Chart,2002,이사(移徙),윤상,이사(移徙)₩윤상,윤상(Yun Sang) - 이사(Move)₩Flow Tensor,MfP8TE6TVz0,youtube video,0.19,윤상(Yun Sang) - 이사(Move),224.0
South Korea,KOR,KR,Melon Chart,1969,사랑은 눈물의 씨앗,나훈아,사랑은 눈물의 씨앗₩나훈아,사랑은 눈물의 씨앗₩나훈아,vXVSlxroukc,youtube music,1.0,사랑은 눈물의 씨앗,
South Korea,KOR,KR,Melon Chart,1966,덕수궁 돌담길,진송남,덕수궁 돌담길₩진송남,덕수궁 돌담길₩진송남,r9nqemZyiJM,youtube music,1.0,덕수궁 돌담길,
South Korea,KOR,KR,Melon Chart,1985,바위섬,김원중,바위섬₩김원중,바위섬₩김원중,UBZAD98fwtg,youtube music,1.0,바위섬,
South Korea,KOR,KR,Melon Chart,1970,서산 갯마을,조미미,서산 갯마을₩조미미,서산 갯마을₩조미미,19dxDXQSz6E,youtube music,1.0,서산 갯마을,
South Korea,KOR,KR,Melon Chart,1997,그땐 그랬지,카니발,그땐 그랬지₩카니발,그땐 그랬지₩카니발,bpVMjESw_cU,youtube music,1.0,그땐 그랬지,
South Korea,KOR,KR,Melon Chart,1965,월남의 달밤,윤일로,월남의 달밤₩윤일로,월남의 달밤₩윤일로,B6_p3qnwdY4,youtube music,1.0,월남의 달밤,
South Korea,KOR,KR,Melon Chart,1989,그대 곁으로,이윤수,그대 곁으로₩이윤수,나 그대₩이윤수,cTpelwFKiXs,youtube music,0.62,나 그대,197.0
South Korea,KOR,KR,Melon Chart,2001,그대만의 나이길 (Feat. 김연우),내추럴 플러스,그대만의 나이길 (feat. 김연우)₩내추럴 플러스,그대만의 나이길 (feat. 김연우)₩내추럴,a-mqbtDSnic,youtube music,0.92,그대만의 나이길 (feat. 김연우),
South Korea,KOR,KR,Melon Chart,1988,사랑 밖엔 난 몰라 (Original Ver.),심수봉,사랑 밖엔 난 몰라 (original ver.)₩심수봉,사랑 밖엔 난 몰라(Original Ver.)₩심수봉,dx81UN3moWs,youtube music,0.95,사랑 밖엔 난 몰라(Original Ver.),
South Korea,KOR,KR,Melon Chart,2006,I`M Coming (Feat. Tablo),비,i`m coming (feat. tablo)₩비,I′m Coming (feat. Tablo)₩Rain,UhLOrTrXN5w,youtube music,0.83,I′m Coming (feat. Tablo),
South Korea,KOR,KR,Melon Chart,1982,헤이,이동원,헤이₩이동원,헤이₩이동원,ocVKms0n19U,youtube music,1.0,헤이,
South Korea,KOR,KR,Melon Chart,2005,귀로,나얼,귀로₩나얼,귀로₩나얼 Naul,upA01bvUemQ,youtube music,0.62,귀로,267.0
South Korea,KOR,KR,Melon Chart,1995,시간이 흐른뒤에,피노키오,시간이 흐른뒤에₩피노키오,시간이 흐른뒤에₩피노키오,rQKf9sh6twA,youtube music,1.0,시간이 흐른뒤에,
South Korea,KOR,KR,Melon Chart,2000,멍,김현정,멍₩김현정,멍₩김현정,peN6nMZluVM,youtube music,1.0,멍,
South Korea,KOR,KR,Melon Chart,2006,전부 너였다,노을,전부 너였다₩노을,Noel (노을) - Everything Was You (전부 너였다) (Official Music Video)₩JYP Entertainment,vSKqZ5gnbsE,youtube video,0.14,Noel (노을) - Everything Was You (전부 너였다) (Official Music Video),363.0
South Korea,KOR,KR,Melon Chart,2001,오빠,왁스,오빠₩왁스,오빠 (Brother)₩왁스 ( Wax ),_L-LIzv-RV4,youtube music,0.31,오빠 (Brother),207.0
South Korea,KOR,KR,Melon Chart,1996,내 눈물 모아,서지원,내 눈물 모아₩서지원,Gather my tears₩Seo Ji Won,E_NLPqhbOLQ,youtube music,0.0,Gather my tears,241.0
South Korea,KOR,KR,Melon Chart,1993,지금은 알 수 없어 (My Love),김종서,지금은 알 수 없어 (my love)₩김종서,김종서 - 지금은 알 수 없어 (My Love)₩신일섭,SuKf88PFG0w,youtube video,0.85,김종서 - 지금은 알 수 없어 (My Love),
South Korea,KOR,KR,Melon Chart,1996,Ufo,패닉,ufo₩패닉,UFO₩패닉,XQZjXgsdNq0,youtube music,1.0,UFO,
South Korea,KOR,KR,Melon Chart,2001,새,싸이 (Psy),새₩싸이 (psy),새₩PSY,lxizXB6Vm-U,youtube music,0.46,새,193.0
South Korea,KOR,KR,Melon Chart,1969,긴 세월,나훈아,긴 세월₩나훈아,긴 세월₩나훈아,-Ko_4VEtxWM,youtube music,1.0,긴 세월,
South Korea,KOR,KR,Melon Chart,1975,푸른 하늘 아래로,김정호,푸른 하늘 아래로₩김정호,푸른 하늘 아래로₩김정호,WWQdCvmfHTM,youtube music,1.0,푸른 하늘 아래로,
South Korea,KOR,KR,Melon Chart,1992,기억 어디에서도 만나지는 너,이주엽,기억 어디에서도 만나지는 너₩이주엽,기억 어디에서도 만나지는 너₩이주엽,xlqaCfsO_Fk,youtube music,1.0,기억 어디에서도 만나지는 너,
South Korea,KOR,KR,Melon Chart,1993,사랑이란 건,색종이,사랑이란 건₩색종이,사랑이란 건₩미니멀,pHiSfxtQ-tw,youtube music,0.67,사랑이란 건,258.0
South Korea,KOR,KR,Melon Chart,2008,You,브라운아이드걸스,you₩브라운아이드걸스,You₩브라운아이드걸스,jvSUCll_-II,youtube music,1.0,You,
South Korea,KOR,KR,Melon Chart,1999,Festival (인생은 아름다워),엄정화,festival (인생은 아름다워)₩엄정화,엄정화 - Festival (인생은 아름다워)₩그래,bmLSQdoKFeI,youtube video,0.86,엄정화 - Festival (인생은 아름다워),
South Korea,KOR,KR,Melon Chart,2001,선물,유엔,선물₩유엔,선물₩유엔,464FKtw1SU8,youtube music,1.0,선물,
South Korea,KOR,KR,Melon Chart,2001,화장을 고치고,왁스,화장을 고치고₩왁스,화장을 고치고₩채리나,_LPdQN4WUJo,youtube music,0.74,화장을 고치고,257.0
South Korea,KOR,KR,Melon Chart,1988,안개꽃을 든 여인,조덕배,안개꽃을 든 여인₩조덕배,안개꽃을 든 여인₩조덕배,KUqmlNxt1ys,youtube music,1.0,안개꽃을 든 여인,
South Korea,KOR,KR,Melon Chart,2004,왜이래,거북이,왜이래₩거북이,왜이래₩거북이,ZXQaDxrv2ZA,youtube video,1.0,왜이래,
South Korea,KOR,KR,Melon Chart,1972,그애와 나랑은,이장희,그애와 나랑은₩이장희,그애와 나랑은₩이장희,ztzDCzbclWQ,youtube music,1.0,그애와 나랑은,
South Korea,KOR,KR,Melon Chart,1993,내게,이승환,내게₩이승환,내게₩이승환,0NLgnY9XWSU,youtube video,1.0,내게,
South Korea,KOR,KR,Melon Chart,1990,칠갑산,주병선,칠갑산₩주병선,칠갑산₩주병선,a7pyVNRVlno,youtube music,1.0,칠갑산,
South Korea,KOR,KR,Melon Chart,1979,Ymca,조경수,ymca₩조경수,YMCA₩조경수,V6VaIUM8ygQ,youtube music,1.0,YMCA,
South Korea,KOR,KR,Melon Chart,1981,꿈을 꾼 후에,여진,꿈을 꾼 후에₩여진,꿈을 꾼 후에₩여진,Pxp69ApgikI,youtube music,1.0,꿈을 꾼 후에,
South Korea,KOR,KR,Melon Chart,1997,비오는 거리,이승훈,비오는 거리₩이승훈,비오는 거리₩이승훈,_tEBlq9GN6o,youtube music,1.0,비오는 거리,
South Korea,KOR,KR,Melon Chart,1978,송학사,김태곤,송학사₩김태곤,송학사₩김태곤,DX2IaUKIAPU,youtube music,1.0,송학사,
South Korea,KOR,KR,Melon Chart,1974,눈이 내리네,이숙,눈이 내리네₩이숙,눈이 내리네₩이숙,hDV2yBXdskI,youtube music,1.0,눈이 내리네,
South Korea,KOR,KR,Melon Chart,2007,이럴거면,아이비,이럴거면₩아이비,이럴거면₩아이비,ugXp5WBc_eE,youtube music,1.0,이럴거면,
South Korea,KOR,KR,Melon Chart,2006,다가와서,브라운아이드걸스,다가와서₩브라운아이드걸스,다가와서₩브라운아이드걸스,6ZRfWfbpvUM,youtube music,1.0,다가와서,
South Korea,KOR,KR,Melon Chart,2006,My Style,업타운,my style₩업타운,업타운 (UpTown) - My Style MV₩blahkice,aSLKiTs91Bw,youtube video,0.44,업타운 (UpTown) - My Style MV,239.0
South Korea,KOR,KR,Melon Chart,1988,내게 남은 사랑을 드릴께요,장혜리,내게 남은 사랑을 드릴께요₩장혜리,내게 남은 사랑을 드릴께요₩장혜리,0VH2upMcQBY,youtube music,1.0,내게 남은 사랑을 드릴께요,
South Korea,KOR,KR,Melon Chart,1992,자아도취,푸른하늘,자아도취₩푸른하늘,자아도취₩푸른하늘,GJByEJEeTQE,youtube music,1.0,자아도취,
South Korea,KOR,KR,Melon Chart,1976,이렇게 당신생각에,김훈,이렇게 당신생각에₩김훈,이렇게 당신 생각에₩김민철,FvzIEHryqHc,youtube music,0.75,이렇게 당신 생각에,222.0
South Korea,KOR,KR,Melon Chart,2007,손수건,김동완,손수건₩김동완,손수건₩김동완,EoN10F-WVdM,youtube music,1.0,손수건,
South Korea,KOR,KR,Melon Chart,2003,I Swear,"S (강타, 신혜성, 이지훈)","i swear₩s (강타, 신혜성, 이지훈)",I Swear₩All-4-One,CA-aneBpSEQ,youtube music,0.36,I Swear,260.0
South Korea,KOR,KR,Melon Chart,1992,조각배,이선희,조각배₩이선희,조각배₩이선희,Sy6mO5bjSBA,youtube music,1.0,조각배,
South Korea,KOR,KR,Melon Chart,1986,아픈만큼 성숙해지고,구창모,아픈만큼 성숙해지고₩구창모,아픈만큼 성숙해지고₩채빈,AKQCLC_BV6c,youtube music,0.8,아픈만큼 성숙해지고,
South Korea,KOR,KR,Melon Chart,1969,잊을 수만 있다면,강소희,잊을 수만 있다면₩강소희,잊을 수만 있다면₩강소희,QlTmleNJ4YY,youtube music,1.0,잊을 수만 있다면,
South Korea,KOR,KR,Melon Chart,1972,꽃길,정훈희,꽃길₩정훈희,꽃길₩정훈희,BhXh6X55d9k,youtube music,1.0,꽃길,
South Korea,KOR,KR,Melon Chart,2003,처음 그 날처럼,박용하,처음 그 날처럼₩박용하,처음 그 날처럼₩박용하,UgLiNyxs-oI,youtube music,1.0,처음 그 날처럼,
South Korea,KOR,KR,Melon Chart,1977,세월,최헌,세월₩최헌,세월₩최헌,87JGxNeJRgY,youtube music,1.0,세월,
South Korea,KOR,KR,Melon Chart,1967,가슴아프게,남진,가슴아프게₩남진,가슴아프게₩남진,FijJHWoW9L4,youtube music,1.0,가슴아프게,
South Korea,KOR,KR,Melon Chart,1996,우리의 밤은 당신의 낮보다 아름답다,코나,우리의 밤은 당신의 낮보다 아름답다₩코나,우리의 밤은 당신의 낮보다 아름답다₩코나,tMDop1dkrCA,youtube music,1.0,우리의 밤은 당신의 낮보다 아름답다,
South Korea,KOR,KR,Melon Chart,1987,이별이래,유열,이별이래₩유열,이별이래₩Park Gangseong,JaH03R-uKv4,youtube music,0.33,이별이래,238.0
South Korea,KOR,KR,Melon Chart,1993,아껴둔 사랑을 위해,이주원,아껴둔 사랑을 위해₩이주원,아껴둔 사랑을 위해₩이주원,8T20BGeWpOg,youtube music,1.0,아껴둔 사랑을 위해,
South Korea,KOR,KR,Melon Chart,2004,휠릴리,이수영,휠릴리₩이수영,휠릴리₩이수영,gSHerpMWRCQ,youtube music,1.0,휠릴리,
South Korea,KOR,KR,Melon Chart,1993,사랑이라 부를 수 있을까,인공위성,사랑이라 부를 수 있을까₩인공위성,사랑이라 부를 수 있을까₩인공위성,GdziQdKcEpM,youtube music,1.0,사랑이라 부를 수 있을까,
South Korea,KOR,KR,Melon Chart,2000,Now,핑클,now₩핑클,Now₩Fin.K.L,0zoY7T7jLpY,youtube music,0.4,Now,211.0
South Korea,KOR,KR,Melon Chart,1990,추억속의 재회,조용필,추억속의 재회₩조용필,추억 속의 재회₩조용필,_lKufg6XgL4,youtube music,0.86,추억 속의 재회,
South Korea,KOR,KR,Melon Chart,2007,Tell Me (Sampling From `Two Of Hearts`),원더걸스,tell me (sampling from `two of hearts`)₩원더걸스,Tell me (Sampling From `Two Of Hearts`)₩원더걸스,0wX6er00xrE,youtube music,1.0,Tell me (Sampling From `Two Of Hearts`),
South Korea,KOR,KR,Melon Chart,1989,눈물나는 날에는,푸른하늘,눈물나는 날에는₩푸른하늘,눈물나는 날에는₩푸른하늘,bKyfaJdxLVQ,youtube music,1.0,눈물나는 날에는,
South Korea,KOR,KR,Melon Chart,1999,후회,조성모,후회₩조성모,후회₩조성모,yySZB3CWVxE,youtube music,1.0,후회,
South Korea,KOR,KR,Melon Chart,2005,너에게 전하는 아홉가지 바램,Kcm,너에게 전하는 아홉가지 바램₩kcm,너에게 전하는 아홉가지 바램₩KCM,6-wZI-bX4og,youtube music,1.0,너에게 전하는 아홉가지 바램,
South Korea,KOR,KR,Melon Chart,1990,왜 나만,이선희,왜 나만₩이선희,왜 나만₩이선희,pTxhEnI0Ie8,youtube music,1.0,왜 나만,
South Korea,KOR,KR,Melon Chart,1992,옛사랑,이문세,옛사랑₩이문세,옛사랑₩이문세,ARcKlQNPYKI,youtube music,1.0,옛사랑,
South Korea,KOR,KR,Melon Chart,1968,짚세기 신고 왔네,김세레나,짚세기 신고 왔네₩김세레나,짚세기 신고 왔네₩김세레나,9OhU6JAirww,youtube music,1.0,짚세기 신고 왔네,
South Korea,KOR,KR,Melon Chart,1994,세상밖으로,김종서,세상밖으로₩김종서,세상 밖으로₩김종서,30_8F-4O-iA,youtube music,0.82,세상 밖으로,
South Korea,KOR,KR,Melon Chart,1998,행복한 나를,에코,행복한 나를₩에코,행복한 나를₩에코(Eco),Y_zpC4f5O6A,youtube music,0.76,행복한 나를,
South Korea,KOR,KR,Melon Chart,1988,토요일은 밤이 좋아,김종찬,토요일은 밤이 좋아₩김종찬,토요일은 밤이 좋아₩김종국,c3TD4eJEzpY,youtube music,0.92,토요일은 밤이 좋아,
South Korea,KOR,KR,Melon Chart,1993,`친구`라 말할 수 있는 건,신성우,`친구`라 말할 수 있는 건₩신성우,친구라 말할 수 있는 건 (2006 Ver.)₩신성우,N92mtMsaG9w,youtube music,0.65,친구라 말할 수 있는 건 (2006 Ver.),283.0
South Korea,KOR,KR,Melon Chart,2006,Never Mind,빅마마,never mind₩빅마마,Never Mind₩Big Mama,du17hxtA6Tg,youtube music,0.65,Never Mind,243.0
South Korea,KOR,KR,Melon Chart,2008,미쳤어 (Feat. 에릭),손담비,미쳤어 (feat. 에릭)₩손담비,Crazy₩Son Dam Bi,5maMAv48OcM,youtube music,0.0,Crazy,243.0
South Korea,KOR,KR,Melon Chart,2004,Eternity,엄정화,eternity₩엄정화,"Uhm Jung-hwa - Eternity, 엄정화 - 이터니티, Music Camp 20040327₩MBCkpop",krPFXGVPlWQ,youtube video,0.27,"Uhm Jung-hwa - Eternity, 엄정화 - 이터니티, Music Camp 20040327",214.0
South Korea,KOR,KR,Melon Chart,1981,행복하세요,희자매,행복하세요₩희자매,행복하세요₩희자매,Luz6WOQbq7Q,youtube music,1.0,행복하세요,
South Korea,KOR,KR,Melon Chart,1990,텅 빈 마음,이승환,텅 빈 마음₩이승환,텅빈 마음₩이승환,4OsBm1sG8kk,youtube video,0.82,텅빈 마음,
South Korea,KOR,KR,Melon Chart,1978,망부석,김태곤,망부석₩김태곤,망부석₩김태곤,PYuCtVwONhc,youtube music,1.0,망부석,
South Korea,KOR,KR,Melon Chart,2007,하루살이,Bmk,하루살이₩bmk,BMK 하루살이₩블루몽,VTD8I-F_-1Q,youtube video,0.67,BMK 하루살이,208.0
South Korea,KOR,KR,Melon Chart,1973,욕심없는 마음,4월과 5월,욕심없는 마음₩4월과 5월,욕심없는 마음₩4월과 5월,wk7Tbr8PHJs,youtube music,1.0,욕심없는 마음,
South Korea,KOR,KR,Melon Chart,1997,맨발의 청춘,벅,맨발의 청춘₩벅,맨발의 청춘₩캔,hnzP_mCGlzk,youtube music,0.86,맨발의 청춘,
South Korea,KOR,KR,Melon Chart,1996,다시 난 사는 거야,김종서,다시 난 사는 거야₩김종서,다시 난 사는 거야₩김종서,NSmJZn7_9mA,youtube music,1.0,다시 난 사는 거야,
South Korea,KOR,KR,Melon Chart,1995,가질 수 없는 너,뱅크,가질 수 없는 너₩뱅크,가질 수 없는 너₩뱅크,IhKJpRdfFVc,youtube music,1.0,가질 수 없는 너,
South Korea,KOR,KR,Melon Chart,1988,변해가네,동물원,변해가네₩동물원,변해가네₩동물원,Co5t35oA7_M,youtube music,1.0,변해가네,
South Korea,KOR,KR,Melon Chart,2005,사랑은...하나다,테이,사랑은...하나다₩테이,사랑은...하나다₩테이 (Tei),JSQp3qWXp7o,youtube music,0.79,사랑은...하나다,
South Korea,KOR,KR,Melon Chart,1991,우리의 노래가 이 그늘진 땅에 햇볕 한 줌 될수 있다면,노래마을,우리의 노래가 이 그늘진 땅에 햇볕 한 줌 될수 있다면₩노래마을,우리의 노래가 이 그늘진 땅에 햇볕 한 줌 될 수 있다면₩노래마을,NMQdjdOM5tk,youtube music,0.96,우리의 노래가 이 그늘진 땅에 햇볕 한 줌 될 수 있다면,
South Korea,KOR,KR,Melon Chart,1982,어쩌다 마주친 그대,송골매,어쩌다 마주친 그대₩송골매,어쩌다 마주친 그대₩몽니,ScvxB2hjpDQ,youtube music,0.8,어쩌다 마주친 그대,
South Korea,KOR,KR,Melon Chart,1990,향기로운 추억 (응답하라 1988 삽입곡),박학기,향기로운 추억 (응답하라 1988 삽입곡)₩박학기,향기로운 추억₩Park Hak-ki,BWStzfOvOX8,youtube music,0.32,향기로운 추억,324.0
South Korea,KOR,KR,Melon Chart,1972,모정의 세월,나훈아,모정의 세월₩나훈아,모정의 세월₩나훈아,lfBg1fRxImU,youtube music,1.0,모정의 세월,
South Korea,KOR,KR,Melon Chart,2001,The End,이현우,the end₩이현우,이현우 - The End(2001년 10월 27일)₩KBS Entertain: 깔깔티비,lZ3U759sHD0,youtube video,0.28,이현우 - The End(2001년 10월 27일),277.0
South Korea,KOR,KR,Melon Chart,1994,어려워 정말 (Extended Ver.),닥터 레게,어려워 정말 (extended ver.)₩닥터 레게,[닥터 레게] 어려워 정말(Extended Version)₩Vinyl Kwak,bp35WQbexsQ,youtube video,0.64,[닥터 레게] 어려워 정말(Extended Version),326.0
South Korea,KOR,KR,Melon Chart,1971,머나먼 고향,나훈아,머나먼 고향₩나훈아,머나먼 고향₩나훈아,TVq9YE05k8U,youtube music,1.0,머나먼 고향,
South Korea,KOR,KR,Melon Chart,1998,나의 사랑 천상(天上)에서도,김경호,나의 사랑 천상(天上)에서도₩김경호,나의 사랑 천상에서도₩김경호,XHNDT2TzsOg,youtube music,0.81,나의 사랑 천상에서도,
South Korea,KOR,KR,Melon Chart,2006,사랑아 가지마,임정희,사랑아 가지마₩임정희,사랑아 가지마₩태원,zGpLyKeJ9wA,youtube music,0.74,사랑아 가지마,255.0
South Korea,KOR,KR,Melon Chart,1984,우리는,송창식,우리는₩송창식,우리는₩송창식,FzrxP-DHL5w,youtube video,1.0,우리는,
South Korea,KOR,KR,Melon Chart,1985,영동부르스,김연자,영동부르스₩김연자,김연자♡영동부르스 🎶₩꽃내음,KzVPjG-u1nY,youtube video,0.64,김연자♡영동부르스 🎶,202.0
South Korea,KOR,KR,Melon Chart,1999,비정(非情),김경호,비정(非情)₩김경호,비정(非情)₩김경호,3W1ObFhRQI4,youtube music,1.0,비정(非情),
South Korea,KOR,KR,Melon Chart,1999,선택,백지영,선택₩백지영,선택₩백지영,S9VTxxxiamE,youtube music,1.0,선택,
South Korea,KOR,KR,Melon Chart,1983,사랑,나훈아,사랑₩나훈아,사랑₩나훈아,tD_XKuDRXT0,youtube music,1.0,사랑,
South Korea,KOR,KR,Melon Chart,2009,연애특강 (Feat. 한예슬),마이티 마우스,연애특강 (feat. 한예슬)₩마이티 마우스,Special lecture for LOVE₩Mighty Mouth,c3h1r4fM_DQ,youtube music,0.0,Special lecture for LOVE,220.0
South Korea,KOR,KR,Melon Chart,1992,대답 없는 너,김종서,대답 없는 너₩김종서,대답없는 너  - 김종서 -  (가사有)₩해피U희열,guddoV-aqxE,youtube video,0.43,대답없는 너  - 김종서 -  (가사有),265.0
South Korea,KOR,KR,Melon Chart,1983,가을을 남기고 간 사랑,패티김,가을을 남기고 간 사랑₩패티김,가을을 남기고 간 사랑₩패티김,Xpf72oPF6_Q,youtube music,1.0,가을을 남기고 간 사랑,
South Korea,KOR,KR,Melon Chart,1967,찻집의 부르스,성재희,찻집의 부르스₩성재희,찻집의 부르스₩성재희,s7QqMuqpjqo,youtube music,1.0,찻집의 부르스,
South Korea,KOR,KR,Melon Chart,2003,With Me,휘성 (Realslow),with me₩휘성 (realslow),With Me₩휘성(Realslow),JTyVsBk2TaM,youtube video,0.92,With Me,
South Korea,KOR,KR,Melon Chart,1999,인연,이정봉,인연₩이정봉,인연₩이정봉,UNChlNT1Hu4,youtube music,1.0,인연,
South Korea,KOR,KR,Melon Chart,1965,황포돛대,이미자,황포돛대₩이미자,황포돛대₩이미자,4EHWgd0rbRA,youtube music,1.0,황포돛대,
South Korea,KOR,KR,Melon Chart,1972,길잃은 사슴,김세환,길잃은 사슴₩김세환,길잃은 사슴₩김세환,DKsp_9YTqhY,youtube music,1.0,길잃은 사슴,
South Korea,KOR,KR,Melon Chart,2008,Love Story,비,love story₩비,Love Story (0912......그 이후)₩RAIN,dI3fBOeMFRo,youtube music,0.48,Love Story (0912......그 이후),246.0
South Korea,KOR,KR,Melon Chart,2008,이노래,2am,이노래₩2am,이노래₩2AM,TTpvoSN5LHg,youtube music,1.0,이노래,
South Korea,KOR,KR,Melon Chart,1972,달무리,영 사운드,달무리₩영 사운드,달무리₩영 사운드,pzGsIPE8vRs,youtube music,1.0,달무리,
South Korea,KOR,KR,Melon Chart,1989,겨울 바다,푸른하늘,겨울 바다₩푸른하늘,겨울바다₩푸른하늘,G6qEBnVSSZE,youtube music,0.82,겨울바다,
South Korea,KOR,KR,Melon Chart,1988,사랑하는 우리,조하문,사랑하는 우리₩조하문,사랑하는 우리₩조하문,iTXGnh9JeQ0,youtube music,1.0,사랑하는 우리,
South Korea,KOR,KR,Melon Chart,1984,외사랑,신형원,외사랑₩신형원,외사랑₩신형원,IfH0QM5C_zk,youtube music,1.0,외사랑,
South Korea,KOR,KR,Melon Chart,2005,흩어진 나날들,박효신,흩어진 나날들₩박효신,흩어진 나날들₩박효신,hqlbydwGZvI,youtube music,1.0,흩어진 나날들,
South Korea,KOR,KR,Melon Chart,1991,너를 향한 마음,이승환,너를 향한 마음₩이승환,너를 향한 마음₩이승환,mM1jrvRNKgA,youtube music,1.0,너를 향한 마음,
South Korea,KOR,KR,Melon Chart,1985,애상,장미화,애상₩장미화,애상₩장미화,5LTLx2qX7cU,youtube music,1.0,애상,
South Korea,KOR,KR,Melon Chart,2001,끝 (End),샤크라,끝 (end)₩샤크라,End₩Chakra,Rph_uFKpZe0,youtube music,0.21,End,222.0
South Korea,KOR,KR,Melon Chart,2002,비몽,Kyt (코요태),비몽₩kyt (코요태),비몽₩KYT(코요태),DXhT4PN_6sA,youtube music,0.86,비몽,
South Korea,KOR,KR,Melon Chart,2002,너의 마음을 내게 준다면,조관우,너의 마음을 내게 준다면₩조관우,너의 마음을 내게 준다면 ㅡ 조관우₩해바라기,WbWUCv6Mns8,youtube video,0.82,너의 마음을 내게 준다면 ㅡ 조관우,
South Korea,KOR,KR,Melon Chart,1989,촛불켜는 밤,양하영,촛불켜는 밤₩양하영,촛불켜는 밤₩양하영,tQm6g7FqJfg,youtube music,1.0,촛불켜는 밤,
South Korea,KOR,KR,Melon Chart,2008,아이처럼,김동률,아이처럼₩김동률,아이처럼₩김동률,hIb2xcmYoqs,youtube music,1.0,아이처럼,
South Korea,KOR,KR,Melon Chart,2007,Cry (Feat. 하동균),비바 소울,cry (feat. 하동균)₩비바 소울,비바소울(Vivasoul) _ CRY (feat Ha Dong Kyun) MV₩1theK (원더케이),cVsXUUJ5yWc,youtube video,0.29,비바소울(Vivasoul) _ CRY (feat Ha Dong Kyun) MV,242.0
South Korea,KOR,KR,Melon Chart,1988,비처럼 음악처럼,김현식,비처럼 음악처럼₩김현식,비처럼 음악처럼₩김현식,WeEPYsWMgOw,youtube music,1.0,비처럼 음악처럼,
South Korea,KOR,KR,Melon Chart,1987,풀잎사랑,최성수,풀잎사랑₩최성수,풀잎사랑₩최성수,3UEU46mzvsI,youtube music,1.0,풀잎사랑,
South Korea,KOR,KR,Melon Chart,1997,Forever,안재욱,forever₩안재욱,Forever₩안재욱,tCNFlB_p4C4,youtube music,1.0,Forever,
South Korea,KOR,KR,Melon Chart,1979,회상,"정태춘, 박은옥","회상₩정태춘, 박은옥",정태춘 박은옥 _ 회상(가사)₩헤어아이비,oEpwd3118PU,youtube video,0.39,정태춘 박은옥 _ 회상(가사),245.0
South Korea,KOR,KR,Melon Chart,2000,Back To The Real Life,윤상,back to the real life₩윤상,Back To The Real Life₩윤상,M1gZKw_mn0A,youtube music,1.0,Back To The Real Life,
South Korea,KOR,KR,Melon Chart,1987,사랑의 썰물,임지훈,사랑의 썰물₩임지훈,사랑의 썰물₩임지훈,kziryFmkeUQ,youtube music,1.0,사랑의 썰물,
South Korea,KOR,KR,Melon Chart,1990,넋두리,김현식,넋두리₩김현식,넋두리₩김현식,ZMQccxo725w,youtube music,1.0,넋두리,
South Korea,KOR,KR,Melon Chart,1989,그 아픔까지 사랑한거야,조정현,그 아픔까지 사랑한거야₩조정현,그 아픔까지 사랑한거야₩민훈기,APEI6Qr8Ick,youtube music,0.8,그 아픔까지 사랑한거야,
South Korea,KOR,KR,Melon Chart,1972,이일병과 이쁜이,조영남,이일병과 이쁜이₩조영남,이일병과 이쁜이₩조영남,AEaVr98riqw,youtube music,1.0,이일병과 이쁜이,
South Korea,KOR,KR,Melon Chart,2009,그립고 그립고 그립다,케이윌,그립고 그립고 그립다₩케이윌,그립고 그립고 그립다₩정운영,s7NnTVl_jKc,youtube music,0.79,그립고 그립고 그립다,
South Korea,KOR,KR,Melon Chart,2004,물고기자리,이안,물고기자리₩이안,물고기자리₩Sweet Rain,xQ5vOxFzMXU,youtube music,0.45,물고기자리,230.0
South Korea,KOR,KR,Melon Chart,1991,아쉬운 이별,김지환,아쉬운 이별₩김지환,아쉬운 이별₩임호,gkM1kaK2qp4,youtube music,0.71,아쉬운 이별,275.0
South Korea,KOR,KR,Melon Chart,1983,결혼기념일의 노래,홍민,결혼기념일의 노래₩홍민,결혼 기념일의 노래₩홍민,A0okss2LPEM,youtube music,0.87,결혼 기념일의 노래,
South Korea,KOR,KR,Melon Chart,2004,한 남자,김종국,한 남자₩김종국,한 남자₩김종국,7eqOZqmKIEs,youtube music,1.0,한 남자,
South Korea,KOR,KR,Melon Chart,1994,친구에게 (Feat. 전혜선),김민기,친구에게 (feat. 전혜선)₩김민기,친구에게₩Kim Mingi,zCrLZwHcnGQ,youtube music,0.25,친구에게,229.0
South Korea,KOR,KR,Melon Chart,2000,상실,박상민,상실₩박상민,상실₩박상민 (Park Sang Min),rmGJgamI9f4,youtube music,0.38,상실,245.0
South Korea,KOR,KR,Melon Chart,1992,그대 작은 품속으로,정미영,그대 작은 품속으로₩정미영,그대 작은 품속으로₩최연우,dMWsRJyI1CE,youtube music,0.77,그대 작은 품속으로,
South Korea,KOR,KR,Melon Chart,2004,...사랑했잖아...,린,...사랑했잖아...₩린,...사랑했잖아...₩린,nj_6geqNPLA,youtube music,1.0,...사랑했잖아...,
South Korea,KOR,KR,Melon Chart,1988,그대 없는 거리,신촌 블루스,그대 없는 거리₩신촌 블루스,그대 없는 거리₩신촌 블루스,uFeZTA1hov0,youtube music,1.0,그대 없는 거리,
South Korea,KOR,KR,Melon Chart,2003,Stay,넬 (Nell),stay₩넬 (nell),Stay₩넬 (Nell),JzcIpNYXCEk,youtube music,1.0,Stay,
South Korea,KOR,KR,Melon Chart,1996,전사의 후예 (폭력시대),H.o.t.,전사의 후예 (폭력시대)₩h.o.t.,H.O.T -  전사의 후예 (폭력시대)₩이브랜든,vldY-hMiZOI,youtube video,0.76,H.O.T -  전사의 후예 (폭력시대),
South Korea,KOR,KR,Melon Chart,1979,그대생각,이정희,그대생각₩이정희,그대생각₩이정희,8Q2D2HOiMg4,youtube music,1.0,그대생각,
South Korea,KOR,KR,Melon Chart,1966,하숙생,최희준,하숙생₩최희준,하숙생₩최희준,Ggh2qsFiRF0,youtube music,1.0,하숙생,
South Korea,KOR,KR,Melon Chart,1978,나도 모르게,권은경,나도 모르게₩권은경,나도 모르게₩김하정,AyAzv2-7qkg,youtube music,0.67,나도 모르게,150.0
South Korea,KOR,KR,Melon Chart,1998,혼자한 사랑,김현정,혼자한 사랑₩김현정,혼자한 사랑₩김현정,0Idy34Yl_Wg,youtube music,1.0,혼자한 사랑,
South Korea,KOR,KR,Melon Chart,1983,잃어버린 우산,우순실,잃어버린 우산₩우순실,잃어버린 우산₩우순실,pYhnoYnGkaY,youtube music,1.0,잃어버린 우산,
South Korea,KOR,KR,Melon Chart,1975,정말로 너무 해,서수남과 하청일,정말로 너무 해₩서수남과 하청일,정말로 너무 해₩서수남과 하청일,3nzBYS8IoFI,youtube music,1.0,정말로 너무 해,
South Korea,KOR,KR,Melon Chart,1984,사랑의 벼리,김형룡,사랑의 벼리₩김형룡,사랑의 벼리₩김형용,A6T_xMUnVrU,youtube music,0.89,사랑의 벼리,
South Korea,KOR,KR,Melon Chart,1975,옥의 슬픔,한대수,옥의 슬픔₩한대수,옥의 슬픔₩한대수,wbA5X4AuznI,youtube music,1.0,옥의 슬픔,
South Korea,KOR,KR,Melon Chart,1998,세상은,신효범,세상은₩신효범,세상은₩신효범,_fn_RrTvqy4,youtube music,1.0,세상은,
South Korea,KOR,KR,Melon Chart,1988,사랑하면 안되나,김학래,사랑하면 안되나₩김학래,사랑하면 안되나₩김학래,PyYJJS5MN-8,youtube music,1.0,사랑하면 안되나,
South Korea,KOR,KR,Melon Chart,1993,언제나 (Always),김원준,언제나 (always)₩김원준,언제나 (Always)₩김원준 (Kim Won Jun),x5G4cm-AYXg,youtube music,0.68,언제나 (Always),257.0
South Korea,KOR,KR,Melon Chart,1964,동백아가씨,이미자,동백아가씨₩이미자,동백아가씨₩이미자,YOQ3d30TbhY,youtube music,1.0,동백아가씨,
South Korea,KOR,KR,Melon Chart,1977,내마음 갈곳을 잃어,최백호,내마음 갈곳을 잃어₩최백호,내마음 갈곳을 잃어₩최백호,IcmK8JD6fY4,youtube music,1.0,내마음 갈곳을 잃어,
South Korea,KOR,KR,Melon Chart,1980,바야야,이정희,바야야₩이정희,바야야₩이정옥,8xz7bLWD49M,youtube music,0.83,바야야,
South Korea,KOR,KR,Melon Chart,1995,유년시절의 기행,아낌없이 주는 나무,유년시절의 기행₩아낌없이 주는 나무,유년시절의 기행(테너)₩아낌없이 주는 나무,jT-LUJdR4O4,youtube music,0.85,유년시절의 기행(테너),
South Korea,KOR,KR,Melon Chart,1986,청량리 부르스,명혜원,청량리 부르스₩명혜원,명혜원 / 청량리 부르스₩Lp엘피닷컴,M9J0triZJ78,youtube video,0.62,명혜원 / 청량리 부르스,263.0
South Korea,KOR,KR,Melon Chart,1991,이별의 끝은 어디인가요,양수경,이별의 끝은 어디인가요₩양수경,이별의 끝은 어디인가요₩양수경,AeEG7HLCXUI,youtube music,1.0,이별의 끝은 어디인가요,
South Korea,KOR,KR,Melon Chart,1984,빙글빙글,나미,빙글빙글₩나미,빙글빙글₩YB,D0FKgCJifGI,youtube music,0.67,빙글빙글,468.0
South Korea,KOR,KR,Melon Chart,1985,그대 작은 화분에 비가 내리네,배따라기,그대 작은 화분에 비가 내리네₩배따라기,그대 작은 화분에 비가 내리네₩배따라기,6BrGQCmbJGU,youtube music,1.0,그대 작은 화분에 비가 내리네,
South Korea,KOR,KR,Melon Chart,1996,인형의 꿈,일기예보,인형의 꿈₩일기예보,인형의 꿈₩일기예보,fY0uTSYHvA4,youtube music,1.0,인형의 꿈,
South Korea,KOR,KR,Melon Chart,1976,푸른교실,김인순,푸른교실₩김인순,푸른교실     김인순₩이정애,76SOVKNtCCo,youtube video,0.64,푸른교실     김인순,149.0
South Korea,KOR,KR,Melon Chart,2005,Super Star,쥬얼리,super star₩쥬얼리,Super Star₩쥬얼리 (Jewelry),l9Ih9zqtWJY,youtube music,0.72,Super Star,262.0
South Korea,KOR,KR,Melon Chart,2003,Without Your Love,Jtl,without your love₩jtl,Without Your Love₩철웅,mcvPvpRsQZg,youtube music,0.87,Without Your Love,
South Korea,KOR,KR,Melon Chart,1974,사랑의 진실,어니언스,사랑의 진실₩어니언스,사랑의 진실₩어니언스,FhQ0dD-KC58,youtube music,1.0,사랑의 진실,
South Korea,KOR,KR,Melon Chart,1996,마지막 약속,김정민,마지막 약속₩김정민,마지막 약속₩김정민,P9kX3lpDS38,youtube music,1.0,마지막 약속,
South Korea,KOR,KR,Melon Chart,1990,사랑일뿐야,김민우,사랑일뿐야₩김민우,사랑일뿐야₩김민우,WEEnt4q6tVU,youtube music,1.0,사랑일뿐야,
South Korea,KOR,KR,Melon Chart,2003,잊었니,H,잊었니₩h,잊었니₩하나,cVCAynctZEA,youtube music,0.67,잊었니,246.0
South Korea,KOR,KR,Melon Chart,1974,하얀 조가비,박인희,하얀 조가비₩박인희,박인희 - 하얀조가비₩Ki Young An,TRO6MLuotpQ,youtube video,0.39,박인희 - 하얀조가비,167.0
South Korea,KOR,KR,Melon Chart,1967,안개낀 장충단공원,배호,안개낀 장충단공원₩배호,안개낀 장충단공원₩배호,DBLP5HFLhyc,youtube music,1.0,안개낀 장충단공원,
South Korea,KOR,KR,Melon Chart,1999,열정,유승준,열정₩유승준,열정₩유승준,2Z39FnLmWhU,youtube music,1.0,열정,
South Korea,KOR,KR,Melon Chart,2009,Boo,아이유,boo₩아이유,Boo₩아이유,MK7_hXzbx9k,youtube music,1.0,Boo,
South Korea,KOR,KR,Melon Chart,1996,아주 가끔은,신해철,아주 가끔은₩신해철,아주 가끔은₩신해철,XEbEXJGMOqk,youtube music,1.0,아주 가끔은,
South Korea,KOR,KR,Melon Chart,2009,Heartbeat,2pm,heartbeat₩2pm,Heartbeat₩2PM,YhMFInv1Clc,youtube music,1.0,Heartbeat,
South Korea,KOR,KR,Melon Chart,1994,기억의 습작,전람회,기억의 습작₩전람회,기억의 습작₩전람회,Ua-vVBfopHA,youtube video,1.0,기억의 습작,
South Korea,KOR,KR,Melon Chart,1975,길가에 앉아서,김세환,길가에 앉아서₩김세환,길가에 앉아서₩김세환,6kcQqAmQ3Oo,youtube music,1.0,길가에 앉아서,
South Korea,KOR,KR,Melon Chart,1984,도요새의 비밀,정광태,도요새의 비밀₩정광태,도요새의 비밀₩정광태,d9KwGsZwXrA,youtube music,1.0,도요새의 비밀,
South Korea,KOR,KR,Melon Chart,1991,이별여행,원미연,이별여행₩원미연,이별여행₩원미연,ZvmmHJnBYSI,youtube music,1.0,이별여행,
South Korea,KOR,KR,Melon Chart,1991,김성호의 회상,김성호,김성호의 회상₩김성호,김성호의 회상₩김성호,cIavmUYXZuE,youtube music,1.0,김성호의 회상,
South Korea,KOR,KR,Melon Chart,2000,바보,박효신,바보₩박효신,바보₩박효신,kZ9mfRTUKUI,youtube music,1.0,바보,
South Korea,KOR,KR,Melon Chart,1987,달빛 창가에서,도시아이들,달빛 창가에서₩도시아이들,달빛 창가에서₩도시아이들 일승,5b58vXXtZ8E,youtube music,0.89,달빛 창가에서,
South Korea,KOR,KR,Melon Chart,1994,일과 이분의 일,투투,일과 이분의 일₩투투,일과 이분의 일₩투투,EqdpCJJWL84,youtube music,1.0,일과 이분의 일,
South Korea,KOR,KR,Melon Chart,1966,충청도 아줌마,박일남,충청도 아줌마₩박일남,충청도 아줌마₩박일남,L-eG4S83Tog,youtube music,1.0,충청도 아줌마,
South Korea,KOR,KR,Melon Chart,1986,꽃반지,위금자,꽃반지₩위금자,꽃반지₩위금자,sgppctzzm74,youtube music,1.0,꽃반지,
South Korea,KOR,KR,Melon Chart,1985,하늘 나라 우리님 1,송골매,하늘 나라 우리님 1₩송골매,하늘 나라 우리님 Ⅱ₩송골매,XDAieQDdEPE,youtube music,0.86,하늘 나라 우리님 Ⅱ,
South Korea,KOR,KR,Melon Chart,1973,고별,홍민,고별₩홍민,고별₩홍민,wjbhe4TkL90,youtube music,1.0,고별,
South Korea,KOR,KR,Melon Chart,1978,꼬마인형,현이와 덕이,꼬마인형₩현이와 덕이,Wait₩Hyuni & Deoki,9lslK8o1mLE,youtube music,0.0,Wait,160.0
South Korea,KOR,KR,Melon Chart,2007,새 살,먼데이 키즈,새 살₩먼데이 키즈,새살₩먼데이 키즈,hFDTuNEg7Tg,youtube music,0.82,새살,
South Korea,KOR,KR,Melon Chart,1974,바람에 실려,하남석,바람에 실려₩하남석,바람에 실려₩하남석,zoz8laHOMno,youtube music,1.0,바람에 실려,
South Korea,KOR,KR,Melon Chart,1984,어머니와 고등어,김창완,어머니와 고등어₩김창완,MOTHER AND MACKEREL₩임재현,se320UZUmwc,youtube music,0.0,MOTHER AND MACKEREL,232.0
South Korea,KOR,KR,Melon Chart,1969,미워도 다시 한번,남진,미워도 다시 한번₩남진,미워도 다시 한번₩남진,kLPQj00uLag,youtube music,1.0,미워도 다시 한번,
South Korea,KOR,KR,Melon Chart,2002,아로하,쿨 (Cool),아로하₩쿨 (cool),아로하₩쿨 (Cool),vJRDg1ZCRl8,youtube music,1.0,아로하,
South Korea,KOR,KR,Melon Chart,1966,살짜기 옵서에,패티김,살짜기 옵서에₩패티김,살짜기 옵서예₩패티김,mkrC_kWpaWk,youtube music,0.8,살짜기 옵서예,
South Korea,KOR,KR,Melon Chart,1996,처음 느낌 그대로,이소라,처음 느낌 그대로₩이소라,처음 느낌 그대로₩이소라,IJoGk3BfGI0,youtube music,1.0,처음 느낌 그대로,
South Korea,KOR,KR,Melon Chart,1984,정의 마음,조용필,정의 마음₩조용필,마도요 (MADOYO)₩조용필 (CHO YONG PIL),rcsZwDC5YfQ,youtube video,0.16,마도요 (MADOYO),197.0
South Korea,KOR,KR,Melon Chart,2007,사랑..그게 뭔데,양파,사랑..그게 뭔데₩양파,사랑..그게 뭔데₩양파,HpseC72YdZ4,youtube music,1.0,사랑..그게 뭔데,
South Korea,KOR,KR,Melon Chart,1997,연정 (戀情),젝스키스,연정 (戀情)₩젝스키스,연정₩SechsKies,8uZioFqkcLo,youtube video,0.18,연정,215.0
South Korea,KOR,KR,Melon Chart,1996,필요한 건 시간일뿐,강수지,필요한 건 시간일뿐₩강수지,필요한건 시간일뿐₩강수지,N6XO45iqeHY,youtube music,0.88,필요한건 시간일뿐,
South Korea,KOR,KR,Melon Chart,2002,U,S.e.s.,u₩s.e.s.,U₩S.E.S.,1I7HlY2eL94,youtube music,1.0,U,
South Korea,KOR,KR,Melon Chart,2001,With Coffee...,브라운 아이즈,with coffee...₩브라운 아이즈,With Coffee₩브라운 아이즈,_2zMo-Rhk54,youtube music,0.87,With Coffee,
South Korea,KOR,KR,Melon Chart,1988,그 이유가 내겐 아픔이었네,이지연,그 이유가 내겐 아픔이었네₩이지연,그 이유가 내겐 아픔이었네₩이지연,d0zkCDUp65Q,youtube music,1.0,그 이유가 내겐 아픔이었네,
South Korea,KOR,KR,Melon Chart,2001,희생,김경호,희생₩김경호,희생₩김경호,sMubcu8yIT8,youtube music,1.0,희생,
South Korea,KOR,KR,Melon Chart,1968,9월의 노래,패티김,9월의 노래₩패티김,9월의 노래₩패티김,_1C8Y_4wLRY,youtube music,1.0,9월의 노래,
South Korea,KOR,KR,Melon Chart,1986,지금도 눈감으면,김승덕,지금도 눈감으면₩김승덕,지금도 눈감으면₩김승덕,-PmqU7yMwJw,youtube music,1.0,지금도 눈감으면,
South Korea,KOR,KR,Melon Chart,2002,아낌없이 주는 나무 (Generous...),문희준,아낌없이 주는 나무 (generous...)₩문희준,아낌없이 주는 나무 Generous...₩문희준,ZbkgFdlNpaI,youtube music,0.88,아낌없이 주는 나무 Generous...,
South Korea,KOR,KR,Melon Chart,2008,들리나요...,태연 (Taeyeon),들리나요...₩태연 (taeyeon),들리나요...₩태연(TAEYEON),Xq18IhDeAwQ,youtube video,0.92,들리나요...,
South Korea,KOR,KR,Melon Chart,1990,당신은 어디 있나요,양수경,당신은 어디 있나요₩양수경,당신은 어디 있나요₩양수경,A8y5jFIXwrM,youtube music,1.0,당신은 어디 있나요,
South Korea,KOR,KR,Melon Chart,1978,돌려줄수 없나요,조경수,돌려줄수 없나요₩조경수,돌려줄수 없나요₩조경수,X-ouZViaFjw,youtube music,1.0,돌려줄수 없나요,
South Korea,KOR,KR,Melon Chart,1992,시간 속의 향기,강수지,시간 속의 향기₩강수지,시간속의 향기₩강수지,_0n2aWXayZE,youtube music,0.86,시간속의 향기,
South Korea,KOR,KR,Melon Chart,1970,비둘기 집,투에이스,비둘기 집₩투에이스,Pigeon&apos;s house₩Lee Seok,wbga7-6rvcE,youtube music,0.0,Pigeon&apos;s house,204.0
South Korea,KOR,KR,Melon Chart,1987,슬픔만 주고,김범룡,슬픔만 주고₩김범룡,슬픔만 주고₩김범룡,2MrIapJWT7o,youtube music,1.0,슬픔만 주고,
South Korea,KOR,KR,Melon Chart,1975,눈으로만 말해요,옥희,눈으로만 말해요₩옥희,눈으로만 말해요₩권윤경,jr5Z_JNpyt8,youtube music,0.76,눈으로만 말해요,
South Korea,KOR,KR,Melon Chart,1982,백지로 보낸 편지,김태정,백지로 보낸 편지₩김태정,백지로 보낸 편지₩김태정,13ycinGtSE0,youtube music,1.0,백지로 보낸 편지,
South Korea,KOR,KR,Melon Chart,1975,미인,신중현과 엽전들,미인₩신중현과 엽전들,미인₩신중현과 엽전들,cdaUCzj0aqA,youtube music,1.0,미인,
South Korea,KOR,KR,Melon Chart,1978,어찌합니까,최헌,어찌합니까₩최헌,어찌합니까₩최헌,V-olk0ayrCA,youtube music,1.0,어찌합니까,
South Korea,KOR,KR,Melon Chart,1997,Gasoline,지누션,gasoline₩지누션,Gasoline₩JINUSEAN,DRXZt6ByHwg,youtube music,0.59,Gasoline,244.0
South Korea,KOR,KR,Melon Chart,2005,보통날,God,보통날₩god,An Ordinary Day (Original Ver.)₩god,G59-gZaLYG0,youtube music,0.15,An Ordinary Day (Original Ver.),280.0
South Korea,KOR,KR,Melon Chart,1986,남남,최성수,남남₩최성수,남남₩최성수,aOk6ak4DIcA,youtube music,1.0,남남,
South Korea,KOR,KR,Melon Chart,1997,타인,영턱스클럽,타인₩영턱스클럽,타인₩영턱스클럽 (YTC),LVd6OzQKGDk,youtube music,0.7,타인,251.0
South Korea,KOR,KR,Melon Chart,1986,그대는 미운사람,김범룡,그대는 미운사람₩김범룡,그대는 미운사람₩김범룡,u51vJ5Hl5yE,youtube music,1.0,그대는 미운사람,
South Korea,KOR,KR,Melon Chart,1994,사랑하고 있다는 걸,손지창,사랑하고 있다는 걸₩손지창,사랑하고 있다는걸₩손지창,czMh98IXsF4,youtube music,0.88,사랑하고 있다는걸,
South Korea,KOR,KR,Melon Chart,1984,왜 돌아보오,윤복희,왜 돌아보오₩윤복희,왜 돌아보오₩윤동화,2e32vJjJULU,youtube music,0.78,왜 돌아보오,
South Korea,KOR,KR,Melon Chart,1976,그누가 모르나,이영식,그누가 모르나₩이영식,그누가 모르나₩이영식,3_Gc7-UZ1cc,youtube music,1.0,그누가 모르나,
South Korea,KOR,KR,Melon Chart,1984,날 찾지 말아요,장덕,날 찾지 말아요₩장덕,날 찾지 말아요₩장덕,RuQL-ULVozY,youtube music,1.0,날 찾지 말아요,
South Korea,KOR,KR,Melon Chart,1995,슬픈 인연,015b,슬픈 인연₩015b,슬픈 인연₩015B,aVwk8eIhsBQ,youtube music,1.0,슬픈 인연,
South Korea,KOR,KR,Melon Chart,1987,그대 발길 머무는 곳에,조용필,그대 발길 머무는 곳에₩조용필,그대 발길 머무는 곳에₩조용필,HeCx5ix102M,youtube music,1.0,그대 발길 머무는 곳에,
South Korea,KOR,KR,Melon Chart,1971,님은 먼 곳에,김추자,님은 먼 곳에₩김추자,님은 먼 곳에₩김추자,81s8L6wXTeM,youtube music,1.0,님은 먼 곳에,
South Korea,KOR,KR,Melon Chart,1966,눈물을 감추고,위키리,눈물을 감추고₩위키리,눈물을 감추고₩위키리,EHXgghhSLeA,youtube music,1.0,눈물을 감추고,
South Korea,KOR,KR,Melon Chart,2001,Change,소찬휘,change₩소찬휘,Change₩소찬휘,H03ENWINS2g,youtube music,1.0,Change,
South Korea,KOR,KR,Melon Chart,2001,파란,Kyt (코요태),파란₩kyt (코요태),파란₩KYT,6X4DwACIZtA,youtube music,0.62,파란,226.0
South Korea,KOR,KR,Melon Chart,2000,잘됐어!!!,샵,잘됐어!!!₩샵,"s#arp - Good for you, 샵 - 잘됐어, Music Camp 20000916₩MBCkpop",SlBs_gMlxeE,youtube video,0.094,"s#arp - Good for you, 샵 - 잘됐어, Music Camp 20000916",193.0
South Korea,KOR,KR,Melon Chart,1989,그대는 별이었나요,이수만,그대는 별이었나요₩이수만,그대는 별이었나요₩이정식,pFx4dZWql84,youtube music,0.83,그대는 별이었나요,
South Korea,KOR,KR,Melon Chart,1992,옛이야기,김규민,옛이야기₩김규민,옛 이야기₩김규민,yD9vODKTuKs,youtube music,0.8,옛 이야기,
South Korea,KOR,KR,Melon Chart,1977,나의 사람아,김민식,나의 사람아₩김민식,나의 사람아₩김민식,R3XpAojJRNQ,youtube music,1.0,나의 사람아,
South Korea,KOR,KR,Melon Chart,1990,옥경이,태진아,옥경이₩태진아,옥경이₩태진아,Q-Oxbi6KdG8,youtube music,1.0,옥경이,
South Korea,KOR,KR,Melon Chart,2008,사랑과 전쟁 (Narr. 하하),다비치,사랑과 전쟁 (narr. 하하)₩다비치,사랑과 전쟁₩Davichi,yriaLVToQI0,youtube music,0.36,사랑과 전쟁,256.0
South Korea,KOR,KR,Melon Chart,2007,배반,빅마마,배반₩빅마마,배반₩빅마마,6achxgklpv4,youtube music,1.0,배반,
South Korea,KOR,KR,Melon Chart,1985,민들레 홀씨되어,박미경,민들레 홀씨되어₩박미경,민들레 홀씨되어₩박미경,w0JwMuxysic,youtube music,1.0,민들레 홀씨되어,
South Korea,KOR,KR,Melon Chart,2008,새까맣게,엠투엠 (M To M),새까맣게₩엠투엠 (m to m),새까맣게₩엠투엠(M to M),T-WqmjTauBQ,youtube music,0.9,새까맣게,
South Korea,KOR,KR,Melon Chart,1994,내가 널 닮아갈 때,노이즈,내가 널 닮아갈 때₩노이즈,Noise (노이즈) - 내가 널 닮아갈 때₩nompang2kin,clKaEJM7-v4,youtube video,0.5,Noise (노이즈) - 내가 널 닮아갈 때,286.0
South Korea,KOR,KR,Melon Chart,2007,Ballerino,리쌍,ballerino₩리쌍,Ballerino₩리쌍 (LeeSSang),d1sXqVAh2CY,youtube music,0.67,Ballerino,267.0
South Korea,KOR,KR,Melon Chart,2002,대화가 필요해,더 자두,대화가 필요해₩더 자두,대화가 필요해 (Need Conversation)₩자두 (The Jadu),3TnvaUNGUTQ,youtube music,0.35,대화가 필요해 (Need Conversation),240.0
South Korea,KOR,KR,Melon Chart,1997,그녀는 예뻤다,박진영,그녀는 예뻤다₩박진영,그녀는 예뻤다₩박진영,7-eTcq4-Zsw,youtube music,1.0,그녀는 예뻤다,
South Korea,KOR,KR,Melon Chart,2000,비(悲)의 Rhapsody,최재훈,비(悲)의 rhapsody₩최재훈,비의 Rhapsody₩최재훈,NW3v0kCU_CU,youtube music,0.84,비의 Rhapsody,
South Korea,KOR,KR,Melon Chart,1976,섬소년,이정선,섬소년₩이정선,섬소년₩이정선,2-euq8L_Xzg,youtube music,1.0,섬소년,
South Korea,KOR,KR,Melon Chart,1988,난 바람 넌 눈물,백미현,난 바람 넌 눈물₩백미현,난 바람 넌 눈물₩백미현,IGILHJWm1rQ,youtube music,1.0,난 바람 넌 눈물,
South Korea,KOR,KR,Melon Chart,2002,Remember,악동클럽,remember₩악동클럽,Remember ㅡ 악동클럽₩해바라기,wuzkzSHN9EU,youtube video,0.77,Remember ㅡ 악동클럽,
South Korea,KOR,KR,Melon Chart,2009,만만하니,유키스,만만하니₩유키스,만만하니₩유키스,EBBCpTO0hyc,youtube video,1.0,만만하니,
South Korea,KOR,KR,Melon Chart,1989,우리들이 함께 있는 밤,오석준,우리들이 함께 있는 밤₩오석준,우리들이 함께 있는 밤₩오석준,NT42L0vrA_4,youtube music,1.0,우리들이 함께 있는 밤,
South Korea,KOR,KR,Melon Chart,1992,도시인,넥스트,도시인₩넥스트,도시인₩넥스트,7OU7vwRYWAE,youtube music,1.0,도시인,
South Korea,KOR,KR,Melon Chart,1988,춤추는 한강,정수라,춤추는 한강₩정수라,춤추는 한강₩강보영,4LQE6RWZxbI,youtube music,0.67,춤추는 한강,169.0
South Korea,KOR,KR,Melon Chart,2004,정상을 향한 독주 2 (Feat. 김범수),주석,정상을 향한 독주 2 (feat. 김범수)₩주석,정상을 향한 독주2~주석(Feat.김범수)..안무₩혜성,L16mzeNoOkY,youtube video,0.63,정상을 향한 독주2~주석(Feat.김범수)..안무,208.0
South Korea,KOR,KR,Melon Chart,1986,희야,부활,희야₩부활,희야₩부활,8Kf6mKz_uOE,youtube music,1.0,희야,
South Korea,KOR,KR,Melon Chart,2007,다시 만난 세계 (Into The New World),소녀시대,다시 만난 세계 (into the new world)₩소녀시대,다시 만난 세계 Into The New World₩소녀시대,mbg1Cn6Ua9U,youtube music,0.91,다시 만난 세계 Into The New World,
South Korea,KOR,KR,Melon Chart,1972,녹슬은 기찻길,나훈아,녹슬은 기찻길₩나훈아,녹슬은 기찻길₩나훈아,RSWDOZxJZKI,youtube music,1.0,녹슬은 기찻길,
South Korea,KOR,KR,Melon Chart,1971,먼데서 오신 손님,조미미,먼데서 오신 손님₩조미미,먼데서 오신 손님₩조미미,PqNuO-pckA0,youtube music,1.0,먼데서 오신 손님,
South Korea,KOR,KR,Melon Chart,1991,모여라,송골매,모여라₩송골매,모여라₩송골매,GPgwf6VYo1w,youtube music,1.0,모여라,
South Korea,KOR,KR,Melon Chart,1992,더딘 하루,이상은,더딘 하루₩이상은,Slow Days₩Lee Sang Eun,ttMX-JEXRgs,youtube music,0.0,Slow Days,221.0
South Korea,KOR,KR,Melon Chart,1968,네잎 크로바,이규항,네잎 크로바₩이규항,네잎크로바₩이규항,Pz3kQVHkU1A,youtube music,0.82,네잎크로바,
South Korea,KOR,KR,Melon Chart,1998,루비(淚悲):슬픈 눈물,핑클,루비(淚悲):슬픈 눈물₩핑클,루비(淚悲):슬픈 눈물₩핑클(Fin.K.L),TZZ17qi1V1o,youtube music,0.76,루비(淚悲):슬픈 눈물,
South Korea,KOR,KR,Melon Chart,2004,갈색머리,윤건,갈색머리₩윤건,윤건 - 갈색머리₩JH K,Sh47BASQWo8,youtube video,0.53,윤건 - 갈색머리,234.0
South Korea,KOR,KR,Melon Chart,2004,순간을 믿어요,언니네 이발관,순간을 믿어요₩언니네 이발관,언니네 이발관님 - 순간을 믿어요₩최정근,B-CIhrnPH20,youtube video,0.74,언니네 이발관님 - 순간을 믿어요,255.0
South Korea,KOR,KR,Melon Chart,1984,작은 숙녀,혜은이,작은 숙녀₩혜은이,혜은이 - '작은숙녀' [1983 가요대상]₩Again 가요톱10 : KBS KPOP Classic,o4Zlsb8xRzk,youtube video,0.13,혜은이 - '작은숙녀' [1983 가요대상],241.0
South Korea,KOR,KR,Melon Chart,1984,무정 부르스,강승모,무정 부르스₩강승모,무정 부르스₩강승모,AEjZFHj9zYY,youtube music,1.0,무정 부르스,
South Korea,KOR,KR,Melon Chart,1997,사랑이라는 이유로,조 트리오,사랑이라는 이유로₩조 트리오,사랑이라는 이유로₩조 트리오,mRvfKwUVVl0,youtube music,1.0,사랑이라는 이유로,
South Korea,KOR,KR,Melon Chart,1965,사랑의 송가,한명숙,사랑의 송가₩한명숙,사랑의 송가₩한명숙,Jss3fDZr9a8,youtube music,1.0,사랑의 송가,
South Korea,KOR,KR,Melon Chart,2004,그대는 눈물겹다,엠씨더맥스,그대는 눈물겹다₩엠씨더맥스,그대는 눈물겹다₩M.C The Max,DzKt097lDWk,youtube music,0.5,그대는 눈물겹다,303.0
South Korea,KOR,KR,Melon Chart,1972,영암 아리랑,하춘화,영암 아리랑₩하춘화,영암 아리랑₩하춘화,vTOQlK9lXqw,youtube music,1.0,영암 아리랑,
South Korea,KOR,KR,Melon Chart,1991,만남,노사연,만남₩노사연,만남₩노사연,mtoYqHhXHqs,youtube music,1.0,만남,
South Korea,KOR,KR,Melon Chart,1975,고래사냥,송창식,고래사냥₩송창식,고래사냥₩송창식,QZkinvfyLZY,youtube music,1.0,고래사냥,
South Korea,KOR,KR,Melon Chart,1971,사랑해,라나에로스포,사랑해₩라나에로스포,사랑해₩라나에로스포,aJ-wY4bA2So,youtube music,1.0,사랑해,
South Korea,KOR,KR,Melon Chart,1992,세상에 뿌려진 사랑만큼,이승환,세상에 뿌려진 사랑만큼₩이승환,세상에 뿌려진 사랑만큼₩이승환,943Ai_6crhk,youtube music,1.0,세상에 뿌려진 사랑만큼,
South Korea,KOR,KR,Melon Chart,1987,마도요,조용필,마도요₩조용필,마도요₩조용필,l9B9ssIZg1A,youtube music,1.0,마도요,
South Korea,KOR,KR,Melon Chart,1986,그저 바라볼수만 있어도,유익종,그저 바라볼수만 있어도₩유익종,그저 바라볼수만 있어도₩유익종,ibbAV5W7EOY,youtube music,1.0,그저 바라볼수만 있어도,
South Korea,KOR,KR,Melon Chart,1965,아나 농부야,박재란,아나 농부야₩박재란,아나 농부야₩박재란,y8_1-OF7Kwg,youtube music,1.0,아나 농부야,
South Korea,KOR,KR,Melon Chart,1986,끝이 없는 순간,이수만,끝이 없는 순간₩이수만,끝이 없는 순간₩이수만,H8hDfgdIW5M,youtube music,1.0,끝이 없는 순간,
South Korea,KOR,KR,Melon Chart,1978,춤을 추어요,장은숙,춤을 추어요₩장은숙,춤을 추어요₩장은숙,mh15KG69Sx0,youtube music,1.0,춤을 추어요,
South Korea,KOR,KR,Melon Chart,2001,떠난 너,김현정,떠난 너₩김현정,떠난 너₩김현정,7Sc33F8Wi8Y,youtube music,1.0,떠난 너,
South Korea,KOR,KR,Melon Chart,1987,담배가게 아가씨,송창식,담배가게 아가씨₩송창식,담배가게 아가씨₩송창식,6MngDdAaIEQ,youtube music,1.0,담배가게 아가씨,
South Korea,KOR,KR,Melon Chart,2007,유혹의 소나타,아이비,유혹의 소나타₩아이비,유혹의 소나타₩아이비,bIjLYvGNyO0,youtube music,1.0,유혹의 소나타,
South Korea,KOR,KR,Melon Chart,1995,느낌만으로,박지원,느낌만으로₩박지원,박지원   느낌만으로₩Biny,esVwbP4rojs,youtube video,0.61,박지원   느낌만으로,243.0
South Korea,KOR,KR,Melon Chart,1983,날개,허영란,날개₩허영란,날개₩허영란,e-F1JZIIyB4,youtube music,1.0,날개,
South Korea,KOR,KR,Melon Chart,1969,그 사람,키보이스,그 사람₩키보이스,그 사람₩키보이스,KzIdkdMHXV8,youtube music,1.0,그 사람,
South Korea,KOR,KR,Melon Chart,2004,닮은 사람,테이,닮은 사람₩테이,닮은 사람₩테이 (Tei),WK6NbKeu5lE,youtube music,0.7,닮은 사람,244.0
South Korea,KOR,KR,Melon Chart,2006,난 알아요 (Feat. Teddy),세븐,난 알아요 (feat. teddy)₩세븐,난 알아요 (Feat. Teddy)₩세븐,rJ0FolyEXNc,youtube music,1.0,난 알아요 (Feat. Teddy),
South Korea,KOR,KR,Melon Chart,2000,아시나요,조성모,아시나요₩조성모,아시나요₩조성모,MKH-_GIAT9w,youtube music,1.0,아시나요,
South Korea,KOR,KR,Melon Chart,1985,행진,들국화,행진₩들국화,행진₩들국화,FCa0igUq_Nw,youtube music,1.0,행진,
South Korea,KOR,KR,Melon Chart,1994,나는 문제 없어,황규영,나는 문제 없어₩황규영,나는 문제없어₩황규영,CuMtYI3u20o,youtube music,0.86,나는 문제없어,
South Korea,KOR,KR,Melon Chart,1999,T.o.p. (Twinkling Of Paradise),신화,t.o.p. (twinkling of paradise)₩신화,T.O.P. (Twinkling Of Paradise)₩신화,6tSAYhosvPM,youtube music,1.0,T.O.P. (Twinkling Of Paradise),
South Korea,KOR,KR,Melon Chart,2001,Endless,플라워,endless₩플라워,Endless₩플라워,xEIu-Hl4m-s,youtube music,1.0,Endless,
South Korea,KOR,KR,Melon Chart,1994,다른 모습,Kiky,다른 모습₩kiky,Different Look₩KIKY,4PJqrsS0pfE,youtube music,0.3,Different Look,241.0
South Korea,KOR,KR,Melon Chart,2009,못된 여자 Ii (With 서인영),원투,못된 여자 ii (with 서인영)₩원투,못된 여자 Ⅱ (With 서인영)₩One Two,IVcjew7a4SI,youtube music,0.7,못된 여자 Ⅱ (With 서인영),238.0
South Korea,KOR,KR,Melon Chart,1982,독도는 우리땅,정광태,독도는 우리땅₩정광태,독도는 우리땅₩정광태,7iwLrapKsjI,youtube music,1.0,독도는 우리땅,
South Korea,KOR,KR,Melon Chart,1996,사랑의 마음 가득히,한동준,사랑의 마음 가득히₩한동준,사랑의 마음 가득히₩한동준,f_F9nucfheI,youtube music,1.0,사랑의 마음 가득히,
South Korea,KOR,KR,Melon Chart,2002,사랑은 기억보다 (Memories),강타 (Kangta),사랑은 기억보다 (memories)₩강타 (kangta),사랑은 기억보다 Memories₩KANGTA,h7SMqc0KZUE,youtube music,0.75,사랑은 기억보다 Memories,301.0
South Korea,KOR,KR,Melon Chart,2006,연예인,싸이 (Psy),연예인₩싸이 (psy),연예인₩PSY,bhHJI1-x6Q4,youtube music,0.59,연예인,205.0
South Korea,KOR,KR,Melon Chart,1998,Honey,박진영,honey₩박진영,Honey₩박진영,T9eTQyV1fS0,youtube music,1.0,Honey,
South Korea,KOR,KR,Melon Chart,2005,입술만 깨물고 있죠,Sg 워너비,입술만 깨물고 있죠₩sg 워너비,입술만 깨물고 있죠₩SG 워너비 SG WANNABE,n8JwbA5n1RY,youtube music,0.74,입술만 깨물고 있죠,243.0
South Korea,KOR,KR,Melon Chart,2003,청첩장,김건모,청첩장₩김건모,청첩장₩김건모,O1boY8L-vw0,youtube music,1.0,청첩장,
South Korea,KOR,KR,Melon Chart,2003,빚,이수영,빚₩이수영,빚₩이수영,PRS2kH7LmRM,youtube music,1.0,빚,
South Korea,KOR,KR,Melon Chart,2007,미인 (美人),이기찬,미인 (美人)₩이기찬,미인₩이기찬,q5mPn6__Brk,youtube music,0.67,미인,218.0
South Korea,KOR,KR,Melon Chart,2009,눈물이 뚝뚝,케이윌,눈물이 뚝뚝₩케이윌,Dropping the Tears(눈물이 뚝뚝)₩K.will(케이윌),MKkrSBjNIvw,youtube music,0.3,Dropping the Tears(눈물이 뚝뚝),258.0
South Korea,KOR,KR,Melon Chart,2003,정말 사랑했을까,브라운 아이드 소울,정말 사랑했을까₩브라운 아이드 소울,정말 사랑했을까 - 브라운 아이드 소울₩ᅳ리릭스,qI5DWJD7OF4,youtube video,0.84,정말 사랑했을까 - 브라운 아이드 소울,
South Korea,KOR,KR,Melon Chart,2000,상처,조성모,상처₩조성모,상처(像處)₩Jo Sung Mo,GTY3M69p5LY,youtube music,0.095,상처(像處),229.0
South Korea,KOR,KR,Melon Chart,1982,대동강 편지,나훈아,대동강 편지₩나훈아,대동강 편지₩나훈아,osxP-db54sQ,youtube music,1.0,대동강 편지,
South Korea,KOR,KR,Melon Chart,1989,떠도는 별,신형원,떠도는 별₩신형원,떠도는 별₩신형원,FxUdrlI4I2A,youtube music,1.0,떠도는 별,
South Korea,KOR,KR,Melon Chart,1996,달팽이,패닉,달팽이₩패닉,달팽이₩패닉,wNV3r3zBQDI,youtube music,1.0,달팽이,
South Korea,KOR,KR,Melon Chart,2009,소원을 말해봐 (Genie),소녀시대,소원을 말해봐 (genie)₩소녀시대,소원을 말해봐 (Genie)₩소녀시대,6SwiSpudKWI,youtube video,1.0,소원을 말해봐 (Genie),
South Korea,KOR,KR,Melon Chart,2007,추억은 사랑을 닮아,박효신,추억은 사랑을 닮아₩박효신,추억은 사랑을 닮아₩박효신,KaOzQqE-fwQ,youtube music,1.0,추억은 사랑을 닮아,
South Korea,KOR,KR,Melon Chart,1984,사람들,신형원,사람들₩신형원,사람들₩신형원,L1ipAo7UUSw,youtube music,1.0,사람들,
South Korea,KOR,KR,Melon Chart,1988,축제와 나그네,최성수,축제와 나그네₩최성수,축제와 나그네₩최성수,yAi26Iz955k,youtube music,1.0,축제와 나그네,
South Korea,KOR,KR,Melon Chart,2007,잊었니...,윤미래,잊었니...₩윤미래,t윤미래 - 잊었니₩Brightriver87,ttvGfyrV5Oo,youtube video,0.25,t윤미래 - 잊었니,278.0
South Korea,KOR,KR,Melon Chart,2009,"Indian Boy (Feat. 장근이, B.i)",Mc 몽,"indian boy (feat. 장근이, b.i)₩mc 몽","MC몽 - Indian Boy (Feat. 장근이, B.I)₩고고가",Gc_ZH2RO0zo,youtube video,0.84,"MC몽 - Indian Boy (Feat. 장근이, B.I)",
South Korea,KOR,KR,Melon Chart,2006,Love All,Gavy Nj Project Group [H7美人(미인)],love all₩gavy nj project group [h7美人(미인)],😿 [가비 NJ Gavy NJ] 러브 올 Love All (프로젝트 그룹 H7미인 Project Group H7美人)₩SSEA Media,gtKcVXeKeoE,youtube video,0.61,😿 [가비 NJ Gavy NJ] 러브 올 Love All (프로젝트 그룹 H7미인 Project Group H7美人),221.0
South Korea,KOR,KR,Melon Chart,2005,지지 않는 태양 (Feat. 한 에스더),장우혁,지지 않는 태양 (feat. 한 에스더)₩장우혁,지지 않는 태양₩장우혁,gLtEmj8YEZs,youtube music,0.61,지지 않는 태양,215.0
South Korea,KOR,KR,Melon Chart,1991,외로운 사랑,장필순,외로운 사랑₩장필순,외로운 사랑₩장필순,XnNq46SKfVA,youtube music,1.0,외로운 사랑,
South Korea,KOR,KR,Melon Chart,1989,골목길 (응답하라 1988 삽입곡),신촌 블루스,골목길 (응답하라 1988 삽입곡)₩신촌 블루스,[1992] 신촌블루스 – 골목길 (응답하라 1988 삽입곡)₩옛송TV,PmAHOL5KeA8,youtube video,0.73,[1992] 신촌블루스 – 골목길 (응답하라 1988 삽입곡),252.0
South Korea,KOR,KR,Melon Chart,1982,나보다 더 나를 사랑하는 님이시여,김연숙,나보다 더 나를 사랑하는 님이시여₩김연숙,나보다 더 나를 사랑하는 님이시여₩김연숙,9gf1feOLaXQ,youtube music,1.0,나보다 더 나를 사랑하는 님이시여,
South Korea,KOR,KR,Melon Chart,1989,안돼요 안돼,김상배,안돼요 안돼₩김상배,안돼요 안돼₩김상배,ojz1Ga6pRag,youtube music,1.0,안돼요 안돼,
South Korea,KOR,KR,Melon Chart,1986,슬픔을 주고간 사람,오복,슬픔을 주고간 사람₩오복,슬픔을 주고 간 사람₩오복,5zE-H6GeXeo,youtube music,0.88,슬픔을 주고 간 사람,
South Korea,KOR,KR,Melon Chart,1997,Candy,H.o.t.,candy₩h.o.t.,캔디 (Candy)₩H.O.T.,BaQDN_Ex9L4,youtube music,0.74,캔디 (Candy),217.0
South Korea,KOR,KR,Melon Chart,1985,이젠 사랑할 수 있어요,해바라기,이젠 사랑할 수 있어요₩해바라기,이젠 사랑할 수 있어요₩해바라기,sWr_2aYtS04,youtube music,1.0,이젠 사랑할 수 있어요,
South Korea,KOR,KR,Melon Chart,1991,미소 속에 비친 그대,신승훈,미소 속에 비친 그대₩신승훈,미소속에 비친 그대₩신승훈,Um6mH05x6io,youtube music,0.89,미소속에 비친 그대,
South Korea,KOR,KR,Melon Chart,1985,들꽃,조용필,들꽃₩조용필,들꽃-조용필₩강명기,SiiUL6Yflxg,youtube video,0.43,들꽃-조용필,239.0
South Korea,KOR,KR,Melon Chart,1984,말하고 싶어요,한마음,말하고 싶어요₩한마음,말하고 싶어요₩한마음,9J7Yf4ZeB9o,youtube music,1.0,말하고 싶어요,
South Korea,KOR,KR,Melon Chart,1992,10년전의 일기를 꺼내어,봄여름가을겨울,10년전의 일기를 꺼내어₩봄여름가을겨울,10년전의 일기를 꺼내어 - 봄여름가을겨울₩Jason H.,W3dNTHHfzEo,youtube video,0.78,10년전의 일기를 꺼내어 - 봄여름가을겨울,
South Korea,KOR,KR,Melon Chart,2005,내가 웃는게 아니야 (Feat. Ali),리쌍,내가 웃는게 아니야 (feat. ali)₩리쌍,리쌍 - 내가 웃는게 아니야 (feat. Ali)₩soup,_2r50aG8NZA,youtube video,0.84,리쌍 - 내가 웃는게 아니야 (feat. Ali),
South Korea,KOR,KR,Melon Chart,1969,금산아가씨,김하정,금산아가씨₩김하정,금산아가씨₩김하정,qiVvMAqjZ_A,youtube music,1.0,금산아가씨,
South Korea,KOR,KR,Melon Chart,1981,어디서 무엇이 되어 다시 만나랴,유심초,어디서 무엇이 되어 다시 만나랴₩유심초,어디서 무엇이 되어 다시 만나랴₩이정옥,ix8UyEzXbGY,youtube music,0.85,어디서 무엇이 되어 다시 만나랴,
South Korea,KOR,KR,Melon Chart,2009,마음이 다쳐서 (Feat. Crown J),나비,마음이 다쳐서 (feat. crown j)₩나비,마음이 다쳐서 (feat.CROWN J)₩나비,LZvM9-tG2as,youtube music,0.94,마음이 다쳐서 (feat.CROWN J),
South Korea,KOR,KR,Melon Chart,1976,둘일때는 좋았지,송창식,둘일때는 좋았지₩송창식,둘일 때는 좋았지₩송창식,Vzu1vgj2WE4,youtube music,0.87,둘일 때는 좋았지,
South Korea,KOR,KR,Melon Chart,2002,빨간 운동화,박혜경,빨간 운동화₩박혜경,박혜경 - 빨간 운동화₩진영이,n3v0AAvJLcw,youtube video,0.67,박혜경 - 빨간 운동화,212.0
South Korea,KOR,KR,Melon Chart,1984,소중한 사람,길은정,소중한 사람₩길은정,소중한 사람₩길은정,gqGz179YcBc,youtube music,1.0,소중한 사람,
South Korea,KOR,KR,Melon Chart,1989,사랑하고 싶어,이승철,사랑하고 싶어₩이승철,사랑하고 싶어₩이승철,Dnw3Rb7rhiE,youtube music,1.0,사랑하고 싶어,
South Korea,KOR,KR,Melon Chart,2000,Day By Day,플라이 투 더 스카이,day by day₩플라이 투 더 스카이,Day By Day₩플라이 투 더 스카이,lbTNAlZ5nzY,youtube music,1.0,Day By Day,
South Korea,KOR,KR,Melon Chart,1978,작은 연인들,김세화,작은 연인들₩김세화,작은 연인들₩김세화,bouSoz62ieE,youtube music,1.0,작은 연인들,
South Korea,KOR,KR,Melon Chart,1980,일곱색깔 무지개,작은 거인,일곱색깔 무지개₩작은 거인,일곱색깔 무지개₩작은거인,FzNC78ki3zM,youtube music,0.88,일곱색깔 무지개,
South Korea,KOR,KR,Melon Chart,1978,서울야곡,전영,서울야곡₩전영,전영  -  서울야곡₩가을나그네,srAFUMxJ26c,youtube video,0.45,전영  -  서울야곡,154.0
South Korea,KOR,KR,Melon Chart,1996,태극기,강산에,태극기₩강산에,태극기₩강산에,9VzG0CKmktk,youtube music,1.0,태극기,
South Korea,KOR,KR,Melon Chart,1995,고요속의 외침,R.ef,고요속의 외침₩r.ef,고요속의 외침₩R.ef,HbV3l-_hRlo,youtube video,1.0,고요속의 외침,
South Korea,KOR,KR,Melon Chart,2005,천하무적 (Feat. 박장근 Of Supersta),Mc 몽,천하무적 (feat. 박장근 of supersta)₩mc 몽,MC몽-천하무적(Feat 박장근 of supersta)₩나니아잡화점,G9JYL3GIrdY,youtube video,0.74,MC몽-천하무적(Feat 박장근 of supersta),215.0
South Korea,KOR,KR,Melon Chart,1971,물새 한 마리,하춘화,물새 한 마리₩하춘화,물새 한 마리₩하춘화,WaXziI_vsx4,youtube music,1.0,물새 한 마리,
South Korea,KOR,KR,Melon Chart,1991,"자, 이제 웃어봐",조하문,"자, 이제 웃어봐₩조하문",자 이제 웃어봐₩조하문,9sd0EyRnoqw,youtube music,0.87,자 이제 웃어봐,
South Korea,KOR,KR,Melon Chart,1999,작별,이소은,작별₩이소은,작별   이소은₩김연희,vYz9KPHoTDo,youtube video,0.62,작별   이소은,270.0
South Korea,KOR,KR,Melon Chart,1976,슬픈 노래는 싫어요,김세환,슬픈 노래는 싫어요₩김세환,슬픈 노래는 싫어요₩김세환,w_48NoRvfZA,youtube music,1.0,슬픈 노래는 싫어요,
South Korea,KOR,KR,Melon Chart,1999,배웅,윤종신,배웅₩윤종신,배웅₩윤종신,vYHHUiMO1m0,youtube music,1.0,배웅,
South Korea,KOR,KR,Melon Chart,2007,기다릴게...,타이푼,기다릴게...₩타이푼,기다릴게...₩타이푼,Fyn-1rYHKhE,youtube music,1.0,기다릴게...,
South Korea,KOR,KR,Melon Chart,1983,푸르른 날,송창식,푸르른 날₩송창식,푸르른 날₩송창식 (Song Chang Sik),rvIm6lzIflI,youtube music,0.48,푸르른 날,184.0
South Korea,KOR,KR,Melon Chart,2006,사랑 먼지,버블 시스터즈,사랑 먼지₩버블 시스터즈,사랑은₩버블 시스터즈,tGGaf7TzejI,youtube music,0.73,사랑은,261.0
South Korea,KOR,KR,Melon Chart,1983,사랑은 받는것이 아니라면서,해오라기,사랑은 받는것이 아니라면서₩해오라기,사랑은 받는것이 아니라면서₩해오라기,yIC9UgNnhck,youtube music,1.0,사랑은 받는것이 아니라면서,
South Korea,KOR,KR,Melon Chart,2000,Hey U,샤크라,hey u₩샤크라,Hey U₩샤크라,QGSkd4egDv4,youtube video,1.0,Hey U,
South Korea,KOR,KR,Melon Chart,1998,유리,이기찬,유리₩이기찬,유리₩이기찬,rfnK0sSqXHg,youtube music,1.0,유리,
South Korea,KOR,KR,Melon Chart,1971,가지마오,나훈아,가지마오₩나훈아,가지마오₩나훈아,HOjNZZLqyV8,youtube music,1.0,가지마오,
South Korea,KOR,KR,Melon Chart,1986,가까이 하기엔 너무 먼 당신,이광조,가까이 하기엔 너무 먼 당신₩이광조,가까이 하기엔 너무 먼 당신₩이광조,CcY6k70mwZ8,youtube music,1.0,가까이 하기엔 너무 먼 당신,
South Korea,KOR,KR,Melon Chart,2008,How Gee (하우지),Bigbang,how gee (하우지)₩bigbang,HOW GEE₩BIGBANG,eOJNz4G7LJs,youtube music,0.82,HOW GEE,
South Korea,KOR,KR,Melon Chart,1966,말띠신부,조애희,말띠신부₩조애희,말띠 신부₩조애희,BlGlhJi2GKc,youtube music,0.8,말띠 신부,
South Korea,KOR,KR,Melon Chart,1989,내일이 찾아오면,박정운,내일이 찾아오면₩박정운,When tomorrow comes₩Oh Seokjun/Jang Pilsoon/Park Jungwoon,f4za-Hglsec,youtube music,0.0,When tomorrow comes,287.0
South Korea,KOR,KR,Melon Chart,2000,날 닮은 너,임창정,날 닮은 너₩임창정,날 닮은 너₩임창정,zgipod_H0hw,youtube music,1.0,날 닮은 너,
South Korea,KOR,KR,Melon Chart,2001,Baby Baby,조규찬,baby baby₩조규찬,Baby Baby 2007₩조규찬,Q6EGfMZwgqk,youtube music,0.83,Baby Baby 2007,
South Korea,KOR,KR,Melon Chart,1989,여정,유현주,여정₩유현주,여정₩유현주,zASowLqCkiU,youtube music,1.0,여정,
South Korea,KOR,KR,Melon Chart,2005,세글자 (드라마 `루루공주` 김정은 메인 테마),엠투엠 (M To M),세글자 (드라마 `루루공주` 김정은 메인 테마)₩엠투엠 (m to m),세글자₩M TO M,Qf5Cj3AVLeY,youtube music,0.34,세글자,232.0
South Korea,KOR,KR,Melon Chart,1993,우리가 세상에 길들기 시작한 후부터,동물원,우리가 세상에 길들기 시작한 후부터₩동물원,우리가 세상에 길들기 시작한 후부터₩동물원,aIgwcT9Aji0,youtube music,1.0,우리가 세상에 길들기 시작한 후부터,
South Korea,KOR,KR,Melon Chart,1994,서시,신성우,서시₩신성우,서시₩신성우,6G5yQti9-Mk,youtube music,1.0,서시,
South Korea,KOR,KR,Melon Chart,2002,여정,왁스,여정₩왁스,여정₩왁스,2Kf-6FWJwd4,youtube video,1.0,여정,
South Korea,KOR,KR,Melon Chart,1964,내일또 만납시다,금호동,내일또 만납시다₩금호동,내일 또 만납시다₩금호동,mhUlmsArd4o,youtube music,0.87,내일 또 만납시다,
South Korea,KOR,KR,Melon Chart,2004,친구여 (Feat. 인순이),조Pd (Zopd),친구여 (feat. 인순이)₩조pd (zopd),친구여₩인순이,DQ7FubRst6M,youtube music,0.39,친구여,257.0
South Korea,KOR,KR,Melon Chart,1984,J에게,이선희,j에게₩이선희,J에게₩이선희,8GYKdrIcx24,youtube music,1.0,J에게,
South Korea,KOR,KR,Melon Chart,2008,슬픈 발걸음 (구두Ii),씨야,슬픈 발걸음 (구두ii)₩씨야,슬픈 발걸음  (구두 II)₩씨야 (SeeYa),cFEE7KZZUy0,youtube music,0.7,슬픈 발걸음  (구두 II),270.0
South Korea,KOR,KR,Melon Chart,2002,좋은사람,박효신,좋은사람₩박효신,좋은사람₩박효신,iCzXLO6goEQ,youtube music,1.0,좋은사람,
South Korea,KOR,KR,Melon Chart,2007,안녕,Kcm,안녕₩kcm,안녕₩KCM,OGw-f0coX6E,youtube music,1.0,안녕,
South Korea,KOR,KR,Melon Chart,1984,무엇이 너와 나를 슬프게 하나,성민호,무엇이 너와 나를 슬프게 하나₩성민호,무엇이 너와 나를 슬프게 하나₩성민호,Z9M3fjw2jMQ,youtube music,1.0,무엇이 너와 나를 슬프게 하나,
South Korea,KOR,KR,Melon Chart,1992,늦은 재회,김정수,늦은 재회₩김정수,늦은 재회₩김정수,fHjpJNPy69U,youtube music,1.0,늦은 재회,
South Korea,KOR,KR,Melon Chart,1989,Q,조용필,q₩조용필,Q₩조용필,gAKEkZgJmOY,youtube music,1.0,Q,
South Korea,KOR,KR,Melon Chart,1979,생일,가람과 뫼,생일₩가람과 뫼,생일₩가람과 뫼,haJKiRqfkaw,youtube music,1.0,생일,
South Korea,KOR,KR,Melon Chart,1994,날아라 병아리,넥스트,날아라 병아리₩넥스트,날아라 병아리₩넥스트,CVEtqNGNwzo,youtube music,1.0,날아라 병아리,
South Korea,KOR,KR,Melon Chart,2002,Loving You,신승훈,loving you₩신승훈,Loving You₩신승훈,ONN4Xzoobe8,youtube music,1.0,Loving You,
South Korea,KOR,KR,Melon Chart,1983,기도하는 마음,김태정,기도하는 마음₩김태정,기도하는 마음₩김태정,p3MLHJKL1VI,youtube music,1.0,기도하는 마음,
South Korea,KOR,KR,Melon Chart,1982,잊혀진 계절,이용,잊혀진 계절₩이용,잊혀진 계절₩이용,tZoioucxYuQ,youtube music,1.0,잊혀진 계절,
South Korea,KOR,KR,Melon Chart,2007,한번 더 이별,성시경,한번 더 이별₩성시경,한번 더 이별₩성시경,WpfWKRpWD6g,youtube music,1.0,한번 더 이별,
South Korea,KOR,KR,Melon Chart,1976,둘이 걸었네,정종숙,둘이 걸었네₩정종숙,둘이 걸었네₩정종숙,3wliMmfGzzg,youtube music,1.0,둘이 걸었네,
South Korea,KOR,KR,Melon Chart,2001,Special Night,양파,special night₩양파,Special Night₩양파,QtQgzTcYL3g,youtube music,1.0,Special Night,
South Korea,KOR,KR,Melon Chart,2005,Smile Again,Kcm,smile again₩kcm,Smile Again₩KCM,MR7pPLfwqTw,youtube music,1.0,Smile Again,
South Korea,KOR,KR,Melon Chart,1984,계절이 가기 전에,건아들,계절이 가기 전에₩건아들,계절이 가기전에₩건아들,Fh8HCCT1jSk,youtube music,0.87,계절이 가기전에,
South Korea,KOR,KR,Melon Chart,1997,가족,이승환,가족₩이승환,가족₩이승환 Lee Seung Hwan,pfD1QfTdupM,youtube music,0.4,가족,337.0
South Korea,KOR,KR,Melon Chart,1979,실버들,희자매,실버들₩희자매,실버들₩희자매,N9F3iW8MuGg,youtube music,1.0,실버들,
South Korea,KOR,KR,Melon Chart,1997,암연,고한우,암연₩고한우,암연₩고한우,7wQdNmvaBpQ,youtube music,1.0,암연,
South Korea,KOR,KR,Melon Chart,1997,청혼,이소라,청혼₩이소라,청혼₩이소라,rhNB13_-Ots,youtube music,1.0,청혼,
South Korea,KOR,KR,Melon Chart,1969,꽃타령,김세레나,꽃타령₩김세레나,꽃타령₩김세레나,wPQO-0VD5fI,youtube music,1.0,꽃타령,
South Korea,KOR,KR,Melon Chart,2008,나비야,하동균,나비야₩하동균,나비야₩하동균,FTfL1wqre4Q,youtube music,1.0,나비야,
South Korea,KOR,KR,Melon Chart,2009,사랑..그 놈,바비 킴,사랑..그 놈₩바비 킴,사랑..그 놈₩Bobby Kim,YN-ldRa5FHw,youtube video,0.52,사랑..그 놈,271.0
South Korea,KOR,KR,Melon Chart,2001,아름다운 날들,장혜진,아름다운 날들₩장혜진,아름다운 날들₩장혜진,3HaeaIoOZtI,youtube music,1.0,아름다운 날들,
South Korea,KOR,KR,Melon Chart,1989,변심,김수철,변심₩김수철,변심₩김수철,zJUiWSFUxlA,youtube music,1.0,변심,
South Korea,KOR,KR,Melon Chart,1999,슬픈 선물,김장훈,슬픈 선물₩김장훈,슬픈 선물₩김장훈,-GPYkETb3So,youtube music,1.0,슬픈 선물,
South Korea,KOR,KR,Melon Chart,2000,Only One,신화,only one₩신화,Only One₩신화,fNnrMFHzFM8,youtube music,1.0,Only One,
South Korea,KOR,KR,Melon Chart,1982,울긴 왜 울어,나훈아,울긴 왜 울어₩나훈아,울긴 왜 울어₩나훈아,GFSyQHyERrI,youtube music,1.0,울긴 왜 울어,
South Korea,KOR,KR,Melon Chart,1992,우연히,신승훈,우연히₩신승훈,우연₩신승훈,LTWnMft6JoA,youtube music,0.73,우연,277.0
South Korea,KOR,KR,Melon Chart,2003,아버지,김경호,아버지₩김경호,아버지₩김동아,GD4iJ-eONR0,youtube music,0.67,아버지,241.0
South Korea,KOR,KR,Melon Chart,1993,...라구요,강산에,...라구요₩강산에,...라구요₩강산에,y73jNMXqNMc,youtube music,1.0,...라구요,
South Korea,KOR,KR,Melon Chart,1984,모두가 사랑이예요,해바라기,모두가 사랑이예요₩해바라기,모두가 사랑이예요₩해바라기,reM-4a4lZFo,youtube music,1.0,모두가 사랑이예요,
South Korea,KOR,KR,Melon Chart,1998,착한 사랑,김민종,착한 사랑₩김민종,착한 사랑₩김민종,5RSErc3cq2U,youtube music,1.0,착한 사랑,
South Korea,KOR,KR,Melon Chart,1991,그리운 이름,노래를 찾는 사람들,그리운 이름₩노래를 찾는 사람들,그리운 이름₩노래를 찾는 사람들,lrlFeKKAyF8,youtube music,1.0,그리운 이름,
South Korea,KOR,KR,Melon Chart,1966,지평선은 말이 없다,이미자,지평선은 말이 없다₩이미자,지평선은 말이 없다₩이미자,DlRqTJxAKww,youtube music,1.0,지평선은 말이 없다,
South Korea,KOR,KR,Melon Chart,1980,난 참 바보처럼 살았군요,김태화,난 참 바보처럼 살았군요₩김태화,난 바보처럼 살았군요 -  김태화₩불사조,KBIefmNzdo4,youtube video,0.76,난 바보처럼 살았군요 -  김태화,
South Korea,KOR,KR,Melon Chart,1999,미절 (Misery),쿨 (Cool),미절 (misery)₩쿨 (cool),미절 Misery₩쿨 (Cool),ZA9cXZPZf-U,youtube music,0.83,미절 Misery,
South Korea,KOR,KR,Melon Chart,1982,연인들의 이야기,임수정,연인들의 이야기₩임수정,연인들의 이야기₩임수정,Sn7g1n2W6fM,youtube music,1.0,연인들의 이야기,
South Korea,KOR,KR,Melon Chart,2002,사랑 Two,윤도현,사랑 two₩윤도현,사랑 Two₩윤도현,3Uf5dVnAhFg,youtube music,1.0,사랑 Two,
South Korea,KOR,KR,Melon Chart,2000,이해할께,김현성,이해할께₩김현성,이해할께₩김현성,p8QLwc2K5M4,youtube music,1.0,이해할께,
South Korea,KOR,KR,Melon Chart,1992,나의 꿈을 찾아서,권인하,나의 꿈을 찾아서₩권인하,나의 꿈을 찾아서₩권인하,fwN8o-_1n0Y,youtube music,1.0,나의 꿈을 찾아서,
South Korea,KOR,KR,Melon Chart,1986,사랑은 언제나 그 자리에,해바라기,사랑은 언제나 그 자리에₩해바라기,사랑은 언제나 그 자리에₩해바라기,fXzFp6-NH9U,youtube music,1.0,사랑은 언제나 그 자리에,
South Korea,KOR,KR,Melon Chart,1985,어제,이리,어제₩이리,어제₩이리,Uas_E9q_k4M,youtube music,1.0,어제,
South Korea,KOR,KR,Melon Chart,1975,어제 내린 비,윤형주,어제 내린 비₩윤형주,어제 내린 비₩윤형주,B_njSGnyEww,youtube music,1.0,어제 내린 비,
South Korea,KOR,KR,Melon Chart,1997,그녀를 위해,이정봉,그녀를 위해₩이정봉,그녀를 위해₩이정봉,iyPNw6UZzq4,youtube music,1.0,그녀를 위해,
South Korea,KOR,KR,Melon Chart,1988,이별이란 없는거야 (응답하라 1988 삽입곡),최성원,이별이란 없는거야 (응답하라 1988 삽입곡)₩최성원,There is No Farewell₩Choi Sung Won,TxWNuahKj_Q,youtube music,0.0,There is No Farewell,274.0
South Korea,KOR,KR,Melon Chart,1983,모두가 천사라면 (Cf - 맛있는 비타치즈),전영,모두가 천사라면 (cf - 맛있는 비타치즈)₩전영,전영 - 모두가 천사라면 (Il ballo del qua qua) 1983₩메종[ph9002],SGPJ1DPQ4Pk,youtube video,0.34,전영 - 모두가 천사라면 (Il ballo del qua qua) 1983,178.0
South Korea,KOR,KR,Melon Chart,1995,갈채,최용준,갈채₩최용준,갈채₩최용준,CjIQ3-2z8qk,youtube music,1.0,갈채,
South Korea,KOR,KR,Melon Chart,2000,풍변기곡(風變旗曲),룰라,풍변기곡(風變旗曲)₩룰라,Sound of Flag Blowing in the Wind₩Roo'Ra,1FSUVPOX2Gs,youtube music,0.0,Sound of Flag Blowing in the Wind,240.0
South Korea,KOR,KR,Melon Chart,1995,상심,R.ef,상심₩r.ef,상심₩R.ef,mxjQIM1fUXQ,youtube video,1.0,상심,
South Korea,KOR,KR,Melon Chart,1964,떠날때는 말없이,현미,떠날때는 말없이₩현미,떠날때는 말없이₩현미,1ttSbm7kkw4,youtube music,1.0,떠날때는 말없이,
South Korea,KOR,KR,Melon Chart,2001,추락,백지영,추락₩백지영,추락₩백지영,D5nv8XfNtvg,youtube music,1.0,추락,
South Korea,KOR,KR,Melon Chart,1999,그대는 모릅니다,이승환,그대는 모릅니다₩이승환,그대는 모릅니다₩이승환,8JBHnDgCREU,youtube video,1.0,그대는 모릅니다,
South Korea,KOR,KR,Melon Chart,1969,가을이 오기전에,이영숙,가을이 오기전에₩이영숙,가을이 오기전에₩이영숙,L9sNR4kCfGU,youtube music,1.0,가을이 오기전에,
South Korea,KOR,KR,Melon Chart,1997,운명,쿨 (Cool),운명₩쿨 (cool),운명₩쿨 (Cool),Wbjqdr1ILtw,youtube music,1.0,운명,
South Korea,KOR,KR,Melon Chart,2005,Y (Please Tell Me Why),프리스타일,y (please tell me why)₩프리스타일,Y (Please Tell Me Why)₩프리스타일,dYIT_jeUBKg,youtube video,1.0,Y (Please Tell Me Why),
South Korea,KOR,KR,Melon Chart,1994,어색한 느낌,잼,어색한 느낌₩잼,어색한 느낌₩잼 (ZAM),lTuro1zlQdM,youtube music,0.7,어색한 느낌,229.0
South Korea,KOR,KR,Melon Chart,2005,눈물잔,박상민,눈물잔₩박상민,눈물잔₩박상민,g7NikGjIPm4,youtube video,1.0,눈물잔,
South Korea,KOR,KR,Melon Chart,1971,참사랑,김상희,참사랑₩김상희,참사랑₩김상희,_xGF2FJcWf8,youtube music,1.0,참사랑,
South Korea,KOR,KR,Melon Chart,2004,Sky,러브홀릭,sky₩러브홀릭,Sky₩러브홀릭,_hz3VF3p88Y,youtube music,1.0,Sky,
South Korea,KOR,KR,Melon Chart,1991,잠깐만,주현미,잠깐만₩주현미,잠깐만₩주현미,Vs3st9RBQ9c,youtube music,1.0,잠깐만,
South Korea,KOR,KR,Melon Chart,2009,Gee,소녀시대,gee₩소녀시대,Gee₩소녀시대,qizghQs4K6E,youtube music,1.0,Gee,
South Korea,KOR,KR,Melon Chart,1975,잊으리,이승연,잊으리₩이승연,잊으리₩이승연,UYrYhF5K1dY,youtube music,1.0,잊으리,
South Korea,KOR,KR,Melon Chart,2001,파도,유엔,파도₩유엔,파도₩유엔,QOnlj2HnxhY,youtube music,1.0,파도,
South Korea,KOR,KR,Melon Chart,1988,바라볼 수 없는 그대,양수경,바라볼 수 없는 그대₩양수경,바라볼 수 없는 그대₩양수경,0tp6MOL3b1Y,youtube music,1.0,바라볼 수 없는 그대,
South Korea,KOR,KR,Melon Chart,1999,아름답게 사랑하는 날까지,김경호,아름답게 사랑하는 날까지₩김경호,아름답게 사랑하는 날까지 - 금지된 사랑 2₩Kim Kyung Ho,xK7_b2MbJ-E,youtube music,0.5,아름답게 사랑하는 날까지 - 금지된 사랑 2,288.0
South Korea,KOR,KR,Melon Chart,1976,아내에게 바치는 노래,하수영,아내에게 바치는 노래₩하수영,아내에게 바치는 노래₩하수영,dG8V6AeDkDA,youtube music,1.0,아내에게 바치는 노래,
South Korea,KOR,KR,Melon Chart,1994,그대 사랑안에 머물러,김정민,그대 사랑안에 머물러₩김정민,그대 사랑안에 머물러₩김정민,Dz6jGUal1Q4,youtube music,1.0,그대 사랑안에 머물러,
South Korea,KOR,KR,Melon Chart,1995,너의 곁에 있고 싶어,신효범,너의 곁에 있고 싶어₩신효범,너의 곁에 있고 싶어₩신효범,_NTtm6stTB8,youtube music,1.0,너의 곁에 있고 싶어,
South Korea,KOR,KR,Melon Chart,1979,누구라도 그러하듯이,배인숙,누구라도 그러하듯이₩배인숙,누구라도 그러하듯이₩배인숙,4p0BrvMFClA,youtube music,1.0,누구라도 그러하듯이,
South Korea,KOR,KR,Melon Chart,1997,그녀는...,레드플러스,그녀는...₩레드플러스,She Is₩Red Plus,HEr2MR9amaU,youtube music,0.0,She Is,280.0
South Korea,KOR,KR,Melon Chart,1973,안녕하세요,장미화,안녕하세요₩장미화,안녕하세요₩장미화,TM57MkDFyg0,youtube music,1.0,안녕하세요,
South Korea,KOR,KR,Melon Chart,1984,이별 뒤의 이야기,이용,이별 뒤의 이야기₩이용,이별뒤의 이야기₩이용,oTN4_HcO24A,youtube music,0.86,이별뒤의 이야기,
South Korea,KOR,KR,Melon Chart,1977,타국에서,이미자,타국에서₩이미자,타국에서₩이미자,nP8y6wsirJg,youtube music,1.0,타국에서,
South Korea,KOR,KR,Melon Chart,1970,무정한여인,배성,무정한여인₩배성,무정한 여인₩배성,tJyvO4hLCxc,youtube music,0.8,무정한 여인,
South Korea,KOR,KR,Melon Chart,1994,일어나,김광석,일어나₩김광석,일어나₩김광석,Y2-XdXC3WXk,youtube music,1.0,일어나,
South Korea,KOR,KR,Melon Chart,1988,분홍립스틱,강애리자,분홍립스틱₩강애리자,분홍립스틱₩강애리자,x2N2cDPscJQ,youtube music,1.0,분홍립스틱,
South Korea,KOR,KR,Melon Chart,2000,Rain,이적,rain₩이적,Rain₩이적,qhAKk7Z0XBA,youtube music,1.0,Rain,
South Korea,KOR,KR,Melon Chart,1989,약속은 바람처럼,민해경,약속은 바람처럼₩민해경,약속은 바람처럼₩민해경,OAbtCALGla4,youtube music,1.0,약속은 바람처럼,
South Korea,KOR,KR,Melon Chart,1991,너에게 들려주고 싶은 이야기,015b,너에게 들려주고 싶은 이야기₩015b,너에게 들려주고 싶은 이야기₩공일오비(015B),N47vUk4YZFk,youtube music,0.82,너에게 들려주고 싶은 이야기,
South Korea,KOR,KR,Melon Chart,1983,밀양머슴아리랑,한규철,밀양머슴아리랑₩한규철,밀양머슴아리랑  한규철₩손덕규,rRSTKAg_R4g,youtube video,0.8,밀양머슴아리랑  한규철,
South Korea,KOR,KR,Melon Chart,1987,사랑하기 때문에,유재하,사랑하기 때문에₩유재하,사랑하기 때문에₩유재하,oEaxVe-g8aw,youtube music,1.0,사랑하기 때문에,
South Korea,KOR,KR,Melon Chart,1984,불티,전영록,불티₩전영록,불티₩전영록,W1rZo0sdlGE,youtube music,1.0,불티,
South Korea,KOR,KR,Melon Chart,1987,"그래요, 잘못은 내게 있어요",이선희,"그래요, 잘못은 내게 있어요₩이선희","♥그래요,잘못은 내게 있어요 이선희₩길성배",O3GjOImFp2A,youtube video,0.8,"♥그래요,잘못은 내게 있어요 이선희",
South Korea,KOR,KR,Melon Chart,1979,영일만 친구,최백호,영일만 친구₩최백호,영일만 친구₩최백호,DpMXzuI9MVY,youtube music,1.0,영일만 친구,
South Korea,KOR,KR,Melon Chart,2005,세월의 흔적 다 버리고,신화,세월의 흔적 다 버리고₩신화,세월의 흔적 다 버리고₩SHINHWA & LYn,q1UawQOhs1Y,youtube video,0.62,세월의 흔적 다 버리고,323.0
South Korea,KOR,KR,Melon Chart,1978,환상,윤세원,환상₩윤세원,환상₩윤세원,6YadwUC_vcw,youtube music,1.0,환상,
South Korea,KOR,KR,Melon Chart,2002,사랑해도 헤어질 수 있다면...,신승훈,사랑해도 헤어질 수 있다면...₩신승훈,사랑해도 헤어질수 있다면...₩신승훈,gMXRDVxLgBo,youtube music,0.92,사랑해도 헤어질수 있다면...,
South Korea,KOR,KR,Melon Chart,1997,다시 돌아온 그대 위해,Various Artists,다시 돌아온 그대 위해₩various artists,Various Artists_다시 돌아온 그대 위해_M/V_1997₩Music of Crom,W_7VitGSSSM,youtube video,0.65,Various Artists_다시 돌아온 그대 위해_M/V_1997,266.0
South Korea,KOR,KR,Melon Chart,1968,가지를 마오,강소희,가지를 마오₩강소희,가지를 마오₩강소희,Y4ovmlYZ4E0,youtube music,1.0,가지를 마오,
South Korea,KOR,KR,Melon Chart,2009,냉면,명카드라이브,냉면₩명카드라이브,냉면₩명카드라이브,IWYGE6fY594,youtube music,1.0,냉면,
South Korea,KOR,KR,Melon Chart,1975,모든 것 끝난 뒤,이수만,모든 것 끝난 뒤₩이수만,모든 것 끝난 뒤₩이수만,8635uxFM_qk,youtube music,1.0,모든 것 끝난 뒤,
South Korea,KOR,KR,Melon Chart,1969,사랑은 계절따라,박건,사랑은 계절따라₩박건,사랑은 계절따라₩박건,c1UAzNwEsxw,youtube music,1.0,사랑은 계절따라,
South Korea,KOR,KR,Melon Chart,1995,흥보가 기가막혀,육각수,흥보가 기가막혀₩육각수,흥보가 기가막혀₩육각수밴드,N3A_oqohNWk,youtube music,0.92,흥보가 기가막혀,
South Korea,KOR,KR,Melon Chart,2005,눈물이 나요,조성모,눈물이 나요₩조성모,눈물이 나요₩조성모,DKN542kqXFs,youtube music,1.0,눈물이 나요,
South Korea,KOR,KR,Melon Chart,1990,그때 그날로,장호철,그때 그날로₩장호철,그때 그날로₩장호철,vO0zsk20H-o,youtube music,1.0,그때 그날로,
South Korea,KOR,KR,Melon Chart,1994,Paradise,모노,paradise₩모노,Paradise₩도후,i-UHX5KZv0I,youtube music,0.8,Paradise,
South Korea,KOR,KR,Melon Chart,1995,어떤 그리움,이은미,어떤 그리움₩이은미,어떤 그리움₩이은미,-Tdlo32YZK0,youtube music,1.0,어떤 그리움,
South Korea,KOR,KR,Melon Chart,1985,그대 먼곳에,마음과 마음,그대 먼곳에₩마음과 마음,그대 먼곳에₩마음과마음,zc7yvS-R-EM,youtube music,0.87,그대 먼곳에,
South Korea,KOR,KR,Melon Chart,1999,실루엣,김현정,실루엣₩김현정,실루엣₩김현정,9E2noCTg86w,youtube music,1.0,실루엣,
South Korea,KOR,KR,Melon Chart,1985,고독한연인,김수희,고독한연인₩김수희,고독한 연인₩김수희,EIrE3UdMAPE,youtube music,0.82,고독한 연인,
South Korea,KOR,KR,Melon Chart,1989,후인,최성수,후인₩최성수,후인₩최성수,F9ZnI7ndM0Y,youtube music,1.0,후인,
South Korea,KOR,KR,Melon Chart,1989,마지막 콘서트,이승철,마지막 콘서트₩이승철,마지막 콘서트₩이승철,LNtC-7E_Cl4,youtube music,1.0,마지막 콘서트,
South Korea,KOR,KR,Melon Chart,1980,실비 오는 소리에,이영화,실비 오는 소리에₩이영화,실비 오는 소리에₩이영화,kJO2nLGj0qs,youtube music,1.0,실비 오는 소리에,
South Korea,KOR,KR,Melon Chart,1984,나는 행복한 사람,이문세,나는 행복한 사람₩이문세,나는 행복한 사람₩이문세,O-yD_CIjyi0,youtube music,1.0,나는 행복한 사람,
South Korea,KOR,KR,Melon Chart,2002,출국 (出國),하림,출국 (出國)₩하림,출국₩Harim,1o9sAvnEujY,youtube music,0.25,출국,275.0
South Korea,KOR,KR,Melon Chart,1984,물같은 사랑,최혜영,물같은 사랑₩최혜영,최혜영 - 물같은 사랑₩이호관,WGsQ8qRjW7k,youtube video,0.67,최혜영 - 물같은 사랑,203.0
South Korea,KOR,KR,Melon Chart,2000,One Love,원타임,one love₩원타임,One Love₩원타임,Bzv4XX0lUDc,youtube video,1.0,One Love,
South Korea,KOR,KR,Melon Chart,1993,너에게로 가는 길,장동건,너에게로 가는 길₩장동건,너에게로 가는 길₩장동건,P31No2t4kfI,youtube music,1.0,너에게로 가는 길,
South Korea,KOR,KR,Melon Chart,1994,남겨진 독백,김종서,남겨진 독백₩김종서,남겨진 독백₩김종서,_U4qx2CYiAE,youtube music,1.0,남겨진 독백,
South Korea,KOR,KR,Melon Chart,1998,세상이 그대를 속일지라도,김장훈,세상이 그대를 속일지라도₩김장훈,세상이 그대를 속일지라도₩김장훈,FFSGzRHjo8E,youtube music,1.0,세상이 그대를 속일지라도,
South Korea,KOR,KR,Melon Chart,2006,사랑은,더 네임,사랑은₩더 네임,사랑하나₩더 네임,8qw6euhAzIg,youtube music,0.67,사랑하나,200.0
South Korea,KOR,KR,Melon Chart,1988,사랑 먼저 할래요,김영,사랑 먼저 할래요₩김영,사랑 먼저 할래요₩김영,osmyXhIcJSo,youtube music,1.0,사랑 먼저 할래요,
South Korea,KOR,KR,Melon Chart,1981,별이여 사랑이여,사랑의 하모니,별이여 사랑이여₩사랑의 하모니,별이여 사랑이여₩사랑의 하모니,LBix5Z0Bjkg,youtube music,1.0,별이여 사랑이여,
South Korea,KOR,KR,Melon Chart,1985,벌거숭이,벌거숭이,벌거숭이₩벌거숭이,Daredevil₩ZICO,S-6oQyf7oG8,youtube music,0.0,Daredevil,252.0
South Korea,KOR,KR,Melon Chart,2007,"Any Star (Feat. 이준기)(Cf - 애니콜 애니스타 `이효리, `이준기`편)",이효리,"any star (feat. 이준기)(cf - 애니콜 애니스타 `이효리, `이준기`편)₩이효리",Any Star - 이효리  LEE HYORI₩iminkkim,9t8bHy3Yr-g,youtube video,0.31,Any Star - 이효리  LEE HYORI,545.0
South Korea,KOR,KR,Melon Chart,2003,Break Away,빅마마,break away₩빅마마,Break Away₩빅마마,tKv1E7ITA3c,youtube music,1.0,Break Away,
South Korea,KOR,KR,Melon Chart,1978,아기곰,권태수,아기곰₩권태수,아기곰₩권태수,q_ZvMVkAzmg,youtube music,1.0,아기곰,
South Korea,KOR,KR,Melon Chart,1991,몇미터 앞에 두고,김상배,몇미터 앞에 두고₩김상배,몇미터 앞에 두고₩김상배,3rerzeo-ok0,youtube music,1.0,몇미터 앞에 두고,
South Korea,KOR,KR,Melon Chart,1979,여러분,윤복희,여러분₩윤복희,여러분₩윤복희,NrxP1EI8O4s,youtube music,1.0,여러분,
South Korea,KOR,KR,Melon Chart,1970,람디담디담,패티김,람디담디담₩패티김,람디담디담₩패티김,NaJuwwIu7iI,youtube music,1.0,람디담디담,
South Korea,KOR,KR,Melon Chart,1997,나는 나,주주 클럽,나는 나₩주주 클럽,나는 나₩주다인,sOTGGlBrnpA,youtube music,0.62,나는 나,202.0
South Korea,KOR,KR,Melon Chart,2008,너 때문에,브라운 아이즈,너 때문에₩브라운 아이즈,너 때문에₩브라운 아이즈 (Brown Eyes),UaBnVx8ZH_o,youtube music,0.65,너 때문에,252.0
South Korea,KOR,KR,Melon Chart,1996,지금 이대로,Us,지금 이대로₩us,just like now₩Wol-A,5R1ms71-FpA,youtube music,0.077,just like now,154.0
South Korea,KOR,KR,Melon Chart,1972,두개의 작은 별,윤형주,두개의 작은 별₩윤형주,두개의 작은 별₩윤형주,WCi7ZKIwYJI,youtube music,1.0,두개의 작은 별,
South Korea,KOR,KR,Melon Chart,1981,바람이려오,이용,바람이려오₩이용,바람이려오₩이용,sJsrki5_TE4,youtube music,1.0,바람이려오,
South Korea,KOR,KR,Melon Chart,1988,추억,전영록,추억₩전영록,추억₩전영록,9eVUsN2OFUo,youtube music,1.0,추억,
South Korea,KOR,KR,Melon Chart,1984,불씨,신형원,불씨₩신형원,불씨₩신형원,n26VbD8Bkqk,youtube music,1.0,불씨,
South Korea,KOR,KR,Melon Chart,1990,추억의 책장을 넘기면,이선희,추억의 책장을 넘기면₩이선희,추억의 책장을 넘기면₩이선희,1mCQ_t3Z_ZQ,youtube music,1.0,추억의 책장을 넘기면,
South Korea,KOR,KR,Melon Chart,2005,보통여자,린,보통여자₩린,보통여자₩최유나,G40-Ty9oqAA,youtube music,0.67,보통여자,209.0
South Korea,KOR,KR,Melon Chart,2007,Love Love Love (Feat. Yoong Jin Of Casker),에픽 하이 (Epik High),love love love (feat. yoong jin of casker)₩에픽 하이 (epik high),Love Love Love (Feat. Yoong Jin of Casker)₩에픽하이(EPIK HIGH),qdr0fZbuffY,youtube video,0.95,Love Love Love (Feat. Yoong Jin of Casker),
South Korea,KOR,KR,Melon Chart,1989,출발,어떤날,출발₩어떤날,출발₩어떤날,5KBLLcfIXI8,youtube music,1.0,출발,
South Korea,KOR,KR,Melon Chart,2002,"Bravo, My Life!",봄여름가을겨울,"bravo, my life!₩봄여름가을겨울",봄여름가을겨울 - 브라보 마이 라이프 | SSaW - Bravo My Life | 春夏秋冬 - 为我的生活喝彩 2012 Official MV₩SSaW Entertainment,incePhUI96g,youtube video,0.29,봄여름가을겨울 - 브라보 마이 라이프 | SSaW - Bravo My Life | 春夏秋冬 - 为我的生活喝彩 2012 Official MV,288.0
South Korea,KOR,KR,Melon Chart,1975,등불,4월과 5월,등불₩4월과 5월,등불₩4월과 5월,Ks5MFba1AnY,youtube music,1.0,등불,
South Korea,KOR,KR,Melon Chart,1990,솔직할 수 있도록,최성원,솔직할 수 있도록₩최성원,솔직할 수 있도록₩최성원,ufCGk3EnhKg,youtube music,1.0,솔직할 수 있도록,
South Korea,KOR,KR,Melon Chart,2007,사랑이 그래요,오종혁,사랑이 그래요₩오종혁,사랑이 그래요₩오종혁,fRiwNBcKFUU,youtube music,1.0,사랑이 그래요,
South Korea,KOR,KR,Melon Chart,1968,가을의 연인,태원,가을의 연인₩태원,가을의 연인₩태원,Sqm-FPaVUc0,youtube music,1.0,가을의 연인,
South Korea,KOR,KR,Melon Chart,1984,그대는 나의 인생,한울타리,그대는 나의 인생₩한울타리,한울타리(최진희) - 그대는 나의 인생 1983₩메종[ph9002],CcR3oO9WH5g,youtube video,0.49,한울타리(최진희) - 그대는 나의 인생 1983,213.0
South Korea,KOR,KR,Melon Chart,1989,바람에 실려간 사랑 A,전영록,바람에 실려간 사랑 a₩전영록,바람에 실려간 사랑₩전영록,pGfXXbwdwnk,youtube music,0.93,바람에 실려간 사랑,
South Korea,KOR,KR,Melon Chart,1996,일생을,김현철,일생을₩김현철,일생을₩김현철,c2B34FplkmI,youtube music,1.0,일생을,
South Korea,KOR,KR,Melon Chart,1990,시청앞 지하철 역에서,동물원,시청앞 지하철 역에서₩동물원,시청앞 지하철 역에서₩동물원,_dBQrfAZK0g,youtube music,1.0,시청앞 지하철 역에서,
South Korea,KOR,KR,Melon Chart,2009,Ring Ding Dong,샤이니 (Shinee),ring ding dong₩샤이니 (shinee),Ring Ding Dong₩SHINee,i_eaPKbm00Q,youtube music,0.83,Ring Ding Dong,
South Korea,KOR,KR,Melon Chart,1993,아라비안 나이트 (Remake),김준선,아라비안 나이트 (remake)₩김준선,아라비안 나이트₩김준선,aNyekGt67Ag,youtube music,0.71,아라비안 나이트,207.0
South Korea,KOR,KR,Melon Chart,1985,슬퍼하지 말아요,강인엽,슬퍼하지 말아요₩강인엽,슬퍼하지 말아요₩강인엽,qu4behD5Mho,youtube music,1.0,슬퍼하지 말아요,
South Korea,KOR,KR,Melon Chart,2000,Run To You,Dj Doc,run to you₩dj doc,Run to You₩DJ DOC,pR5sDqm8Wys,youtube music,1.0,Run to You,
South Korea,KOR,KR,Melon Chart,2007,잔소리,더 넛츠 (The Nuts),잔소리₩더 넛츠 (the nuts),잔소리₩The Nuts,dfCD5F09slg,youtube music,0.69,잔소리,254.0
South Korea,KOR,KR,Melon Chart,2001,먼곳에서,박효신,먼곳에서₩박효신,먼곳에서₩박효신,6CO0SZaqUbQ,youtube music,1.0,먼곳에서,
South Korea,KOR,KR,Melon Chart,2006,입모양,이승기,입모양₩이승기,입모양₩이승기,DuLNOlI-LYE,youtube music,1.0,입모양,
South Korea,KOR,KR,Melon Chart,2006,Grace,이수영,grace₩이수영,Grace₩이수영,vPjojirVwG8,youtube video,1.0,Grace,
South Korea,KOR,KR,Melon Chart,2007,그녀를 사랑하지마,이효리,그녀를 사랑하지마₩이효리,이효리 - 그녀를 사랑하지마₩가요올드스쿨,Ti5kVEyiT_E,youtube video,0.67,이효리 - 그녀를 사랑하지마,222.0
South Korea,KOR,KR,Melon Chart,2004,고마웠다고...,팀,고마웠다고...₩팀,고마웠다고…₩Tim,5QAxl40xAQw,youtube music,0.44,고마웠다고…,227.0
South Korea,KOR,KR,Melon Chart,1990,입영열차안에서,김민우,입영열차안에서₩김민우,입영열차안에서₩김민우,oWZoA8WUJSg,youtube music,1.0,입영열차안에서,
South Korea,KOR,KR,Melon Chart,1968,여자의 일생,이미자,여자의 일생₩이미자,여자의 일생₩이미자,VwJ_bzylZ6A,youtube music,1.0,여자의 일생,
South Korea,KOR,KR,Melon Chart,1990,음악은 흐르고,조동진,음악은 흐르고₩조동진,음악은 흐르고₩조동진,SzcS7f-CPv8,youtube music,1.0,음악은 흐르고,
South Korea,KOR,KR,Melon Chart,1967,나는 곰이다,최희준,나는 곰이다₩최희준,나는 곰이다₩최희준,3aObh_4RfIY,youtube music,1.0,나는 곰이다,
South Korea,KOR,KR,Melon Chart,1998,향수 (그때가 그리워),여행스케치,향수 (그때가 그리워)₩여행스케치,여행스케치  향수(그때가 그리워)₩yd m,EWAwzRSbSfg,youtube video,0.72,여행스케치  향수(그때가 그리워),291.0
South Korea,KOR,KR,Melon Chart,1987,그집앞,이재성,그집앞₩이재성,[Official Audio] 이재성 - 그 집앞₩RIAK Official,REjihOI412o,youtube video,0.22,[Official Audio] 이재성 - 그 집앞,260.0
South Korea,KOR,KR,Melon Chart,2002,Memories... (Smiling Tears),윤미래,memories... (smiling tears)₩윤미래,윤미래 - Memories... (Smiling Tears)₩고고가,SiL1Pjd1WkM,youtube video,0.88,윤미래 - Memories... (Smiling Tears),
South Korea,KOR,KR,Melon Chart,1981,아직도 못다한 사랑,솔개 트리오,아직도 못다한 사랑₩솔개 트리오,아직도 못다한 사랑₩솔개 트리오,BPPx6n-bRdU,youtube video,1.0,아직도 못다한 사랑,
South Korea,KOR,KR,Melon Chart,2009,30분전 (Feat. 임정희),이현,30분전 (feat. 임정희)₩이현,이현-30분전 (Feat. 임정희)₩WAIL,6uqWNM-oqXU,youtube video,0.83,이현-30분전 (Feat. 임정희),
South Korea,KOR,KR,Melon Chart,1993,처음 사랑,유열,처음 사랑₩유열,처음사랑₩유열,hM9DagM-G18,youtube music,0.77,처음사랑,
South Korea,KOR,KR,Melon Chart,1991,내사랑 내곁에 (응답하라 1988 삽입곡),김현식,내사랑 내곁에 (응답하라 1988 삽입곡)₩김현식,김현식 - 내사랑 내곁에 (응답하라 1988 삽입곡) cover₩옥탑청춘,RInrEXiBFR8,youtube video,0.77,김현식 - 내사랑 내곁에 (응답하라 1988 삽입곡) cover,
South Korea,KOR,KR,Melon Chart,1978,머무는곳 그 어딜지 몰라도,박경희,머무는곳 그 어딜지 몰라도₩박경희,머무는곳 그 어딜지 몰라도₩박경희,6luQncisEQQ,youtube music,1.0,머무는곳 그 어딜지 몰라도,
South Korea,KOR,KR,Melon Chart,2007,남자야,먼데이 키즈,남자야₩먼데이 키즈,남자야₩먼데이 키즈,xeY3bRHZuHU,youtube music,1.0,남자야,
South Korea,KOR,KR,Melon Chart,1995,그리움만 쌓이네,노영심,그리움만 쌓이네₩노영심,그리움만 쌓이네₩여진,cbL5zntX1ww,youtube music,0.76,그리움만 쌓이네,
South Korea,KOR,KR,Melon Chart,1999,호기심,한스 밴드,호기심₩한스 밴드,호기심₩한스밴드,0pJV6xDZRMM,youtube music,0.8,호기심,
South Korea,KOR,KR,Melon Chart,1979,개구장이,산울림,개구장이₩산울림,개구장이   산울림₩류진,g24PWyEo41g,youtube video,0.74,개구장이   산울림,132.0
South Korea,KOR,KR,Melon Chart,2000,Id; Peace B,보아 (Boa),id; peace b₩보아 (boa),ID;Peace B₩보아 (BoA),xLlPM9mRlpY,youtube music,0.92,ID;Peace B,
South Korea,KOR,KR,Melon Chart,1990,정때문에,송대관,정때문에₩송대관,정때문에₩송대관,px31BZ-ePk8,youtube music,1.0,정때문에,
South Korea,KOR,KR,Melon Chart,1985,밤에 피는 장미,어우러기,밤에 피는 장미₩어우러기,밤에 피는 장미₩어우러기,m9itqXZLoS4,youtube music,1.0,밤에 피는 장미,
South Korea,KOR,KR,Melon Chart,2006,너에게 쓰는 편지 Part 2 (Feat. Lisa),Mc 몽,너에게 쓰는 편지 part 2 (feat. lisa)₩mc 몽,너에게 쓰는 편지 Part.2₩MC몽,bMZtlYj9Qqs,youtube music,0.65,너에게 쓰는 편지 Part.2,238.0
South Korea,KOR,KR,Melon Chart,1982,젊은날의 초상,젊은 연인들,젊은날의 초상₩젊은 연인들,심재영과 젊은연인들 - 젊은날의 초상 1982₩메종[ph9002],k_4eJzXLvqY,youtube video,0.46,심재영과 젊은연인들 - 젊은날의 초상 1982,208.0
South Korea,KOR,KR,Melon Chart,1985,사랑이란 말은 너무너무 흔해,임병수,사랑이란 말은 너무너무 흔해₩임병수,사랑이란 말은 너무너무 흔해₩임병수,Ik3rNvW-NWE,youtube music,1.0,사랑이란 말은 너무너무 흔해,
South Korea,KOR,KR,Melon Chart,1986,촛불잔치,이재성,촛불잔치₩이재성,촛불잔치₩이재성,KVK9ao5G8sA,youtube music,1.0,촛불잔치,
South Korea,KOR,KR,Melon Chart,1966,길잃은 철새,최희준,길잃은 철새₩최희준,길잃은 철새₩최희준,B8QrYLJCAzs,youtube music,1.0,길잃은 철새,
South Korea,KOR,KR,Melon Chart,1976,정주고 내가우네,Trippers,정주고 내가우네₩trippers,정주고 내가우네₩강진,_axq8VtIIfQ,youtube music,0.62,정주고 내가우네,158.0
South Korea,KOR,KR,Melon Chart,1975,휘파람을 부세요,정미조,휘파람을 부세요₩정미조,휘파람을 부세요₩정미조,HMUT32NbwfY,youtube music,1.0,휘파람을 부세요,
South Korea,KOR,KR,Melon Chart,2005,사랑인걸,모세,사랑인걸₩모세,사랑인걸₩모세,Daj54FQNbG8,youtube music,1.0,사랑인걸,
South Korea,KOR,KR,Melon Chart,1970,그사람 바보야,정훈희,그사람 바보야₩정훈희,그사람 바보야₩정훈희,4e6nY6rYSys,youtube music,1.0,그사람 바보야,
South Korea,KOR,KR,Melon Chart,1974,당신의 모든 것을,원프러스원,당신의 모든 것을₩원프러스원,당신의 모든 것을₩원프러스원,mg3Ld_jncQM,youtube music,1.0,당신의 모든 것을,
South Korea,KOR,KR,Melon Chart,1972,임과 함께,남진,임과 함께₩남진,임과 함께₩남진,hwGXntFBrP4,youtube music,1.0,임과 함께,
South Korea,KOR,KR,Melon Chart,1995,부디,윤종신,부디₩윤종신,부디₩윤종신,8ohz_fkS22Y,youtube music,1.0,부디,
South Korea,KOR,KR,Melon Chart,1997,Lonely Night,부활,lonely night₩부활,Lonely Night₩부활,rCD_g-UW5r4,youtube music,1.0,Lonely Night,
South Korea,KOR,KR,Melon Chart,1988,이별을 느낄때,임형순,이별을 느낄때₩임형순,이별을 느낄때 _ 임형순 (1987)₩ss ryu,IhBTnbbW00c,youtube video,0.56,이별을 느낄때 _ 임형순 (1987),235.0
South Korea,KOR,KR,Melon Chart,1990,슬픈 표정 하지 말아요,신해철,슬픈 표정 하지 말아요₩신해철,슬픈 표정 하지 말아요₩신해철,fJYj3rn-OS4,youtube music,1.0,슬픈 표정 하지 말아요,
South Korea,KOR,KR,Melon Chart,1970,소양강처녀,김태희,소양강처녀₩김태희,소양강처녀₩김태희,NxwPFt0Q44Y,youtube music,1.0,소양강처녀,
South Korea,KOR,KR,Melon Chart,1975,해뜰 날,송대관,해뜰 날₩송대관,해뜰 날₩송대관,VfR-ja6g5Bk,youtube music,1.0,해뜰 날,
South Korea,KOR,KR,Melon Chart,1997,나를 슬프게 하는 사람들,김경호,나를 슬프게 하는 사람들₩김경호,나를 슬프게 하는 사람들₩김경호,wQtRMaq1Hyw,youtube music,1.0,나를 슬프게 하는 사람들,
South Korea,KOR,KR,Melon Chart,1996,미녀와 야수 (Ok?Ok?),Dj Doc,미녀와 야수 (ok?ok?)₩dj doc,미녀와 야수 (OK? OK!)₩DJ DOC,XmMWtlxoois,youtube video,0.84,미녀와 야수 (OK? OK!),
South Korea,KOR,KR,Melon Chart,1990,다시 한번,현당,다시 한번₩현당,다시 한번₩현당,kp2nVEKRZiE,youtube music,1.0,다시 한번,
South Korea,KOR,KR,Melon Chart,1965,누가 이사람을 모르시나요 (남과북 주제가),곽순옥,누가 이사람을 모르시나요 (남과북 주제가)₩곽순옥,누가 이사람을 모르시나요₩곽순옥,1YehRpplBCM,youtube music,0.76,누가 이사람을 모르시나요,
South Korea,KOR,KR,Melon Chart,1987,"시작곡, 북소리","전인권, 허성욱","시작곡, 북소리₩전인권, 허성욱","시작곡, 북소리₩전인권",9SB8xGJMQiY,youtube music,0.81,"시작곡, 북소리",
South Korea,KOR,KR,Melon Chart,1978,내 마음에 주단을 깔고,산울림,내 마음에 주단을 깔고₩산울림,내 마음에 주단을 깔고₩산울림,HR1RIQiBteg,youtube music,1.0,내 마음에 주단을 깔고,
South Korea,KOR,KR,Melon Chart,1976,나를 두고 아리랑,Trippers,나를 두고 아리랑₩trippers,나를 두고 아리랑₩김훈,YvmhcSR40c4,youtube music,0.64,나를 두고 아리랑,197.0
South Korea,KOR,KR,Melon Chart,1979,탈춤 (은상),활주로,탈춤 (은상)₩활주로,탈춤₩활주로,wQlxex-rcEk,youtube music,0.67,탈춤,198.0
South Korea,KOR,KR,Melon Chart,1969,떠나야할 그 사람,펄 시스터즈,떠나야할 그 사람₩펄 시스터즈,떠나야할 그사람₩펄 시스터즈,odAt0QE5-pc,youtube music,0.9,떠나야할 그사람,
South Korea,KOR,KR,Melon Chart,1981,애원,전영록,애원₩전영록,애원₩전영록,7bEHCBf70Go,youtube music,1.0,애원,
South Korea,KOR,KR,Melon Chart,1994,용서,이희진,용서₩이희진,용서₩이희진,bd6y1Kcmlcw,youtube music,1.0,용서,
South Korea,KOR,KR,Melon Chart,1997,바람의 노래,조용필,바람의 노래₩조용필,바람의 노래₩조용필,yBzE2vBvU_g,youtube music,1.0,바람의 노래,
South Korea,KOR,KR,Melon Chart,1991,내사랑 투유,조갑경,내사랑 투유₩조갑경,내사랑 투유₩조갑경,0ZsAT8AJSug,youtube music,1.0,내사랑 투유,
South Korea,KOR,KR,Melon Chart,1983,올 가을엔 사랑할거야,방미,올 가을엔 사랑할거야₩방미,올 가을엔 사랑할거야₩방미,HgK7ImH2eOw,youtube music,1.0,올 가을엔 사랑할거야,
South Korea,KOR,KR,Melon Chart,1997,영원,조관우,영원₩조관우,영원₩조관우,vxDNvrp2Q3E,youtube music,1.0,영원,
South Korea,KOR,KR,Melon Chart,1967,갈대의 순정,박일남,갈대의 순정₩박일남,갈대의 순정₩박일남,vo85o8C8YEo,youtube music,1.0,갈대의 순정,
South Korea,KOR,KR,Melon Chart,1986,진달래,하덕규,진달래₩하덕규,진달래₩하덕규,CYis5Pc1mmQ,youtube music,1.0,진달래,
South Korea,KOR,KR,Melon Chart,2007,결국…너잖아,블랙펄,결국…너잖아₩블랙펄,블랙펄 - 결국 너잖아₩정상수,upMCDPMCQsM,youtube video,0.5,블랙펄 - 결국 너잖아,352.0
South Korea,KOR,KR,Melon Chart,1984,우는 아인 바보야,하남석,우는 아인 바보야₩하남석,우는 아인 바보야₩하남석,AVNH8J6meXg,youtube music,1.0,우는 아인 바보야,
South Korea,KOR,KR,Melon Chart,1980,풍문으로 들었소,함중아,풍문으로 들었소₩함중아,풍문으로 들었소₩함중아,QflGam2JXV4,youtube music,1.0,풍문으로 들었소,
South Korea,KOR,KR,Melon Chart,1987,나이팅게일,김상배,나이팅게일₩김상배,나이팅게일₩김상배,SCxFZfRfZ5c,youtube music,1.0,나이팅게일,
South Korea,KOR,KR,Melon Chart,1985,눈물 한 방울로 사랑은 시작되고,이유진,눈물 한 방울로 사랑은 시작되고₩이유진,눈물 한 방울로 사랑은 시작되고₩이유진,YyMq57IUr_A,youtube music,1.0,눈물 한 방울로 사랑은 시작되고,
South Korea,KOR,KR,Melon Chart,1969,사나이부르스,배성,사나이부르스₩배성,사나이 부르스₩배성,FCl44W38eJQ,youtube music,0.82,사나이 부르스,
South Korea,KOR,KR,Melon Chart,1988,지난날,유재하,지난날₩유재하,지난날₩유재하,8dReS1cpfdw,youtube music,1.0,지난날,
South Korea,KOR,KR,Melon Chart,2003,체념,빅마마,체념₩빅마마,체념₩빅마마,ULfAaYIuldI,youtube music,1.0,체념,
South Korea,KOR,KR,Melon Chart,2006,사랑한다는 한마디,신지,사랑한다는 한마디₩신지,One World To Say Love You₩Bily Acoustie,oghBh8d_yMo,youtube music,0.0,One World To Say Love You,245.0
South Korea,KOR,KR,Melon Chart,1984,그대가 미워요,전영록,그대가 미워요₩전영록,그대가 미워요₩전영록,bL2qHu1ZZPs,youtube music,1.0,그대가 미워요,
South Korea,KOR,KR,Melon Chart,1979,기도,홍삼트리오,기도₩홍삼트리오,기도₩홍삼트리오,eQ-JuA4x9hs,youtube music,1.0,기도,
South Korea,KOR,KR,Melon Chart,1984,정녕 그대를,김수철,정녕 그대를₩김수철,정녕 그대를₩김수철,-QkW2b-yErg,youtube music,1.0,정녕 그대를,
South Korea,KOR,KR,Melon Chart,1996,홀로서기,노이즈,홀로서기₩노이즈,노이즈 홀로서기₩김영훈,t0LRVRWIGeU,youtube video,0.67,노이즈 홀로서기,245.0
South Korea,KOR,KR,Melon Chart,1998,열맞춰! (Line Up!),H.o.t.,열맞춰! (line up!)₩h.o.t.,열맞춰! (Line Up!)₩H.O.T.,gOMJxap_8II,youtube music,1.0,열맞춰! (Line Up!),
South Korea,KOR,KR,Melon Chart,2009,Lollipop,"Bigbang, 2ne1","lollipop₩bigbang, 2ne1",LOLLIPOP₩BIGBANG,zIRW_elc-rY,youtube video,0.83,LOLLIPOP,
South Korea,KOR,KR,Melon Chart,1972,여고시절,이수미,여고시절₩이수미,여고시절₩이수미,klFoL3xYlB0,youtube music,1.0,여고시절,
South Korea,KOR,KR,Melon Chart,1975,조약돌,박상규,조약돌₩박상규,조약돌₩박상규,d42drl6vR8Y,youtube music,1.0,조약돌,
South Korea,KOR,KR,Melon Chart,1999,너를 사랑해,S.e.s.,너를 사랑해₩s.e.s.,너를 사랑해₩S.E.S.,LKr3kSirJr4,youtube music,1.0,너를 사랑해,
South Korea,KOR,KR,Melon Chart,2005,벌,버즈,벌₩버즈,벌₩버즈,dPVdhwuPKHA,youtube music,1.0,벌,
South Korea,KOR,KR,Melon Chart,1995,포기하지 마,성진우,포기하지 마₩성진우,포기하지마₩성진우,_OkOjd5KViw,youtube music,0.82,포기하지마,
South Korea,KOR,KR,Melon Chart,1996,천상유애(天上有愛),룰라,천상유애(天上有愛)₩룰라,천상유애(天上有愛)₩룰라,W52TiGIwubE,youtube music,1.0,천상유애(天上有愛),
South Korea,KOR,KR,Melon Chart,2006,아이스크림,Mc 몽,아이스크림₩mc 몽,아이스크림₩MC 몽,m73EFJZRe4A,youtube music,1.0,아이스크림,
South Korea,KOR,KR,Melon Chart,1977,들길 따라서,양희은,들길 따라서₩양희은,들길 따라서₩양희은,gk5fjSiBJFM,youtube music,1.0,들길 따라서,
South Korea,KOR,KR,Melon Chart,1966,엄처시하,최희준,엄처시하₩최희준,엄처시하₩최희준,yQWVnwQtC1w,youtube music,1.0,엄처시하,
South Korea,KOR,KR,Melon Chart,1966,키다리 미스터 김,이금희,키다리 미스터 김₩이금희,키다리 미스터 김₩이금희,GAFUp4GG10o,youtube music,1.0,키다리 미스터 김,
South Korea,KOR,KR,Melon Chart,1994,칵테일 사랑,마로니에,칵테일 사랑₩마로니에,칵테일 사랑₩마로니에,M_M-PYorL5o,youtube music,1.0,칵테일 사랑,
South Korea,KOR,KR,Melon Chart,1974,가난한 마음,양희은,가난한 마음₩양희은,가난한 마음₩양희은,7kmoFtzaxr8,youtube music,1.0,가난한 마음,
South Korea,KOR,KR,Melon Chart,1995,안녕하세요,삐삐 밴드,안녕하세요₩삐삐 밴드,안녕하세요₩삐삐밴드,uXOy4w7K_YU,youtube music,0.84,안녕하세요,
South Korea,KOR,KR,Melon Chart,1986,옛날에 옛날에,양희은,옛날에 옛날에₩양희은,옛날에 옛날에₩양희은,pyN91SA1QHU,youtube music,1.0,옛날에 옛날에,
South Korea,KOR,KR,Melon Chart,2008,천국,Bigbang,천국₩bigbang,천국₩BIGBANG,lR14buHEdMY,youtube music,1.0,천국,
South Korea,KOR,KR,Melon Chart,2004,Growing Up,넥스트,growing up₩넥스트,Growing Up₩신해철,Sr6f1UjcXKY,youtube music,0.77,Growing Up,
South Korea,KOR,KR,Melon Chart,1987,사랑이 지나가면,이문세,사랑이 지나가면₩이문세,사랑이 지나가면₩이문세,Un_Vvz2D-BM,youtube music,1.0,사랑이 지나가면,
South Korea,KOR,KR,Melon Chart,1974,꽃보다 귀한 여인,송창식,꽃보다 귀한 여인₩송창식,꽃보다 귀한 여인₩송창식,9zymfai_sO4,youtube music,1.0,꽃보다 귀한 여인,
South Korea,KOR,KR,Melon Chart,1967,사랑을 하면 예뻐져요,봉봉사중창단,사랑을 하면 예뻐져요₩봉봉사중창단,사랑을 하면 예뻐져요₩봉봉,jOqJqJeykAQ,youtube music,0.87,사랑을 하면 예뻐져요,
South Korea,KOR,KR,Melon Chart,1972,단골손님,조미미,단골손님₩조미미,단골손님₩조미미,zxCiJpNmsTU,youtube music,1.0,단골손님,
South Korea,KOR,KR,Melon Chart,1985,도시의 거리,정수라,도시의 거리₩정수라,도시의 거리₩정수라,etAPNzhB03o,youtube music,1.0,도시의 거리,
South Korea,KOR,KR,Melon Chart,2001,백전무패 (百戰無敗),클릭비 (Click-B),백전무패 (百戰無敗)₩클릭비 (click-b),백전무패₩클릭비 (Click-B),XW2JHMn4Oio,youtube music,0.83,백전무패,
South Korea,KOR,KR,Melon Chart,2004,불꽃,Kyt (코요태),불꽃₩kyt (코요태),불꽃₩KYT (코요태),Z04YBGBdZvM,youtube music,1.0,불꽃,
South Korea,KOR,KR,Melon Chart,1998,내 낡은 서랍 속의 바다,패닉,내 낡은 서랍 속의 바다₩패닉,내 낡은 서랍 속의 바다₩패닉,O7G-ixRjnjU,youtube music,1.0,내 낡은 서랍 속의 바다,
South Korea,KOR,KR,Melon Chart,1988,굿바이,이문세,굿바이₩이문세,굿바이₩이문세,B8IMUdkilkY,youtube music,1.0,굿바이,
South Korea,KOR,KR,Melon Chart,2009,Muzik,4minute,muzik₩4minute,Muzik₩4minute,1qM1SQrunEM,youtube music,1.0,Muzik,
South Korea,KOR,KR,Melon Chart,1993,거기 지금 누구인가,김명상,거기 지금 누구인가₩김명상,거기 지금 누구인가₩김명상,WhzfLHFkfl8,youtube music,1.0,거기 지금 누구인가,
South Korea,KOR,KR,Melon Chart,1991,외롭지만 혼자 걸을 수 있어,봄여름가을겨울,외롭지만 혼자 걸을 수 있어₩봄여름가을겨울,봄여름가을겨울 - 외롭지만 혼자 걸을 수 있어₩0413,aupXIm6K568,youtube video,0.82,봄여름가을겨울 - 외롭지만 혼자 걸을 수 있어,
South Korea,KOR,KR,Melon Chart,1998,Road Fighter,젝스키스,road fighter₩젝스키스,ROAD FIGHTER (2016)₩젝스키스,4igk9NalMdw,youtube music,0.82,ROAD FIGHTER (2016),
South Korea,KOR,KR,Melon Chart,2002,Summer Vacation,Smtown,summer vacation₩smtown,Summer Vacation₩SMTOWN,Ne9ubnDzgpg,youtube music,1.0,Summer Vacation,
South Korea,KOR,KR,Melon Chart,1985,친구라 하네,한마음,친구라 하네₩한마음,친구라 하네₩한마음,N3xlbXA9Cbk,youtube music,1.0,친구라 하네,
South Korea,KOR,KR,Melon Chart,1991,이별은 싫어 (`91년),전영록,이별은 싫어 (`91년)₩전영록,이별은 싫어('91년)₩전영록,rzQp66ISQXA,youtube music,0.77,이별은 싫어('91년),
South Korea,KOR,KR,Melon Chart,1985,아버지의 의자,정수라,아버지의 의자₩정수라,아버지의 의자₩정수라,9bNsxE2GrnY,youtube music,1.0,아버지의 의자,
South Korea,KOR,KR,Melon Chart,1973,아름다운 것들,양희은,아름다운 것들₩양희은,아름다운 것들₩양희은,SG8dOR6AWcM,youtube music,1.0,아름다운 것들,
South Korea,KOR,KR,Melon Chart,1980,사랑이야,양희은,사랑이야₩양희은,사랑이야₩양희은,yeXZo7q9kdE,youtube music,1.0,사랑이야,
South Korea,KOR,KR,Melon Chart,2004,Together,Kyt (코요태),together₩kyt (코요태),Together₩KYT,vynVNWhK8i0,youtube music,0.79,Together,
South Korea,KOR,KR,Melon Chart,1996,작은 기다림,쿨 (Cool),작은 기다림₩쿨 (cool),작은 기다림₩쿨 (Cool),8SYMC5uBIHM,youtube music,1.0,작은 기다림,
South Korea,KOR,KR,Melon Chart,1996,3!4!,룰라,3!4!₩룰라,3!4!₩룰라,NkeFE3Gw9VY,youtube music,1.0,3!4!,
South Korea,KOR,KR,Melon Chart,2005,나에게로 떠나는 여행,버즈,나에게로 떠나는 여행₩버즈,나에게로 떠나는 여행₩버즈,fqdgHKMqUp0,youtube music,1.0,나에게로 떠나는 여행,
South Korea,KOR,KR,Melon Chart,1993,너를 사랑해,한동준,너를 사랑해₩한동준,너를 사랑해₩한동준,1AQz04kwlw0,youtube music,1.0,너를 사랑해,
South Korea,KOR,KR,Melon Chart,1985,파랑새,이문세,파랑새₩이문세,파랑새₩이문세,N8QiFWnL2lo,youtube music,1.0,파랑새,
South Korea,KOR,KR,Melon Chart,1979,아리송해,이은하,아리송해₩이은하,아리송해₩이은하,-8OQJoPtgaY,youtube music,1.0,아리송해,
South Korea,KOR,KR,Melon Chart,1966,목석같은 사나이,이시스터즈,목석같은 사나이₩이시스터즈,목석같은 사나이₩이시스터즈,sloZ-QpJ-II,youtube music,1.0,목석같은 사나이,
South Korea,KOR,KR,Melon Chart,2003,첫사랑,이소라,첫사랑₩이소라,첫사랑 (Drama ver.)₩이소라,jfH_1ihx1j0,youtube music,0.48,첫사랑 (Drama ver.),281.0
South Korea,KOR,KR,Melon Chart,2001,"Hey, Come On !",신화,"hey, come on !₩신화","Hey, Come On !₩신화",tjKJPiottdM,youtube music,1.0,"Hey, Come On !",
South Korea,KOR,KR,Melon Chart,2005,"1,2,3,4. (원,투,쓰리,포.)",Kyt (코요태),"1,2,3,4. (원,투,쓰리,포.)₩kyt (코요태)","1,2,3,4. (원,투,쓰리,포.)₩KYT (코요태)",PvpY0JmICBc,youtube music,1.0,"1,2,3,4. (원,투,쓰리,포.)",
South Korea,KOR,KR,Melon Chart,1969,짧은 머리 짧은 치마,최희준,짧은 머리 짧은 치마₩최희준,짧은머리 짧은치마₩최희준,SuLg5XsPnSw,youtube music,0.77,짧은머리 짧은치마,
South Korea,KOR,KR,Melon Chart,1965,마포사는 황부자,쟈니 브라더스,마포사는 황부자₩쟈니 브라더스,마포사는 황부자₩쟈니부라더스,50Mu6GzF1Fc,youtube music,0.83,마포사는 황부자,
South Korea,KOR,KR,Melon Chart,1991,가을이 가도,이문세,가을이 가도₩이문세,가을이 오면₩이문세,3MI7YTMdRbM,youtube music,0.67,가을이 오면,220.0
South Korea,KOR,KR,Melon Chart,1997,뮤지컬,임상아,뮤지컬₩임상아,뮤지컬₩임상아,daziSVhMm2A,youtube music,1.0,뮤지컬,
South Korea,KOR,KR,Melon Chart,1992,너의 모습,최용준,너의 모습₩최용준,너의 모습₩최용준,FepylKJfsa0,youtube music,1.0,너의 모습,
South Korea,KOR,KR,Melon Chart,1998,해에게서 소년에게,넥스트,해에게서 소년에게₩넥스트,해에게서 소년에게₩넥스트,oAQFFvjUdiY,youtube music,1.0,해에게서 소년에게,
South Korea,KOR,KR,Melon Chart,1987,이별 이야기,이문세,이별 이야기₩이문세,이별 이야기₩이문세,f_kWsmBkc2k,youtube music,1.0,이별 이야기,
South Korea,KOR,KR,Melon Chart,1995,세상은 나에게,김원준,세상은 나에게₩김원준,세상은 나에게₩김원준,aV_AWRt49-o,youtube music,1.0,세상은 나에게,
South Korea,KOR,KR,Melon Chart,1995,그대도 나같음을,화이트,그대도 나같음을₩화이트,그대도 나같음을₩김지호,YyeBm21zsVA,youtube music,0.73,그대도 나같음을,285.0
South Korea,KOR,KR,Melon Chart,1987,이제 자야하나봐,전영록,이제 자야하나봐₩전영록,이제 자야 하나봐₩전영록,X-IYR0OScEY,youtube music,0.87,이제 자야 하나봐,
South Korea,KOR,KR,Melon Chart,1993,사랑하는 사람들,한동준,사랑하는 사람들₩한동준,사랑하는 사람들₩한동준,8cxhDy1eI94,youtube music,1.0,사랑하는 사람들,
South Korea,KOR,KR,Melon Chart,1989,"바람인가, 빗속에서",신촌 블루스,"바람인가, 빗속에서₩신촌 블루스",바람인가 빗속에서₩신촌블루스,0G30ncKf9UU,youtube music,0.8,바람인가 빗속에서,
South Korea,KOR,KR,Melon Chart,1990,안녕,신해철,안녕₩신해철,안녕₩신해철,nA6RHEujG8Y,youtube music,1.0,안녕,
South Korea,KOR,KR,Melon Chart,1969,사랑의 역사,유지성,사랑의 역사₩유지성,사랑의 역사₩유지성,lspEC4xkysc,youtube music,1.0,사랑의 역사,
South Korea,KOR,KR,Melon Chart,1982,여인아,이태원,여인아₩이태원,여인아₩이태원,Ix5PRDjKyv0,youtube music,1.0,여인아,
South Korea,KOR,KR,Melon Chart,1966,사랑합시다,위키리,사랑합시다₩위키리,사랑합시다₩위키리,t6J36ZDK7Pk,youtube music,1.0,사랑합시다,
South Korea,KOR,KR,Melon Chart,1996,스피드,김건모,스피드₩김건모,스피드₩김건모,nSHaaKU0aKQ,youtube music,1.0,스피드,
South Korea,KOR,KR,Melon Chart,1964,아메리칸 마도로스,고봉산,아메리칸 마도로스₩고봉산,아메리칸 마도로스₩고봉산,2KOqaaFbHo8,youtube music,1.0,아메리칸 마도로스,
South Korea,KOR,KR,Melon Chart,1976,한사람,양희은,한사람₩양희은,한 사람₩양희은,kc4XsGXq1GE,youtube music,0.77,한 사람,
South Korea,KOR,KR,Melon Chart,2009,Kiss (Feat. Cl),산다라박,kiss (feat. cl)₩산다라박,【MV】 サンダラ・パク（산다라박） 「Kiss」₩pngkentame,buc9Zjea93I,youtube video,0.22,【MV】 サンダラ・パク（산다라박） 「Kiss」,324.0
South Korea,KOR,KR,Melon Chart,1993,너에게 원한건,노이즈,너에게 원한건₩노이즈,너에게 원한건₩노이즈,y0esISvDlpA,youtube music,1.0,너에게 원한건,
South Korea,KOR,KR,Melon Chart,1999,아이야! (I Yah!),H.o.t.,아이야! (i yah!)₩h.o.t.,아이야! I yah!₩H.O.T.,jRaDeILxH58,youtube music,0.83,아이야! I yah!,
South Korea,KOR,KR,Melon Chart,1999,투혼(鬪魂) (The Spirit Of Fighter),H.o.t.,투혼(鬪魂) (the spirit of fighter)₩h.o.t.,투혼(鬪魂)(The Spirit Of Fighter)₩H.O.T.,XpXFlbjL57Q,youtube music,0.96,투혼(鬪魂)(The Spirit Of Fighter),
South Korea,KOR,KR,Melon Chart,1995,나 어릴 적 꿈,터보,나 어릴 적 꿈₩터보,나 어릴 적 꿈₩터보,xrsXeRmhGsg,youtube music,1.0,나 어릴 적 꿈,
South Korea,KOR,KR,Melon Chart,1976,눈이 큰 아이,버들피리,눈이 큰 아이₩버들피리,눈이 큰 아이₩버들피리,O9mzGoshrqU,youtube music,1.0,눈이 큰 아이,
South Korea,KOR,KR,Melon Chart,1996,말하자면,김성재,말하자면₩김성재,말하자면₩김성재,-uqOWy-cuYo,youtube music,1.0,말하자면,
South Korea,KOR,KR,Melon Chart,2005,1st,버즈,1st₩버즈,1st₩버즈,P9_qpDJAg_Y,youtube music,1.0,1st,
South Korea,KOR,KR,Melon Chart,1965,쥐구멍에도 볕들날 있다,김상국,쥐구멍에도 볕들날 있다₩김상국,쥐구멍에도 볕들날 있다₩김상국,NN1YfsFaY_U,youtube music,1.0,쥐구멍에도 볕들날 있다,
South Korea,KOR,KR,Melon Chart,2009,Fire,2ne1,fire₩2ne1,Fire₩2NE1,48ZRVhNl1wA,youtube music,1.0,Fire,
South Korea,KOR,KR,Melon Chart,1999,부담,백지영,부담₩백지영,부담₩백지영,G8Q_4UIqer4,youtube music,1.0,부담,
South Korea,KOR,KR,Melon Chart,1989,널 그리며,박남정,널 그리며₩박남정,널 그리며₩박남정,Xi0hnaHnLuY,youtube music,1.0,널 그리며,
South Korea,KOR,KR,Melon Chart,1994,결론,황세옥,결론₩황세옥,결론₩황세옥,roSQI1HTIeU,youtube music,1.0,결론,
South Korea,KOR,KR,Melon Chart,1991,이젠,이상우,이젠₩이상우,이젠₩이상우,pSIR7UdM-KA,youtube music,1.0,이젠,
South Korea,KOR,KR,Melon Chart,2002,우연,베이비 복스 1기,우연₩베이비 복스 1기,우연₩베이비 복스 1기,18sCpZDrsFU,youtube music,1.0,우연,
South Korea,KOR,KR,Melon Chart,1972,세노야 세노야,양희은,세노야 세노야₩양희은,세노야 세노야₩양희은,T4ajpzcGTLU,youtube music,1.0,세노야 세노야,
South Korea,KOR,KR,Melon Chart,1984,아파트,윤수일,아파트₩윤수일,아파트₩윤수일,S9Ect9PIXEE,youtube music,1.0,아파트,
South Korea,KOR,KR,Melon Chart,2002,Starry Night,김종서,starry night₩김종서,Starry Night₩김종서,XfEk_vxruMM,youtube music,1.0,Starry Night,
South Korea,KOR,KR,Melon Chart,2000,Passion,Kyt (코요태),passion₩kyt (코요태),Passion₩KYT (코요태),D30zHGn37d8,youtube music,1.0,Passion,
South Korea,KOR,KR,Melon Chart,2001,Double,김건모,double₩김건모,Double₩김건모,ufamHgFxf4E,youtube music,1.0,Double,
South Korea,KOR,KR,Melon Chart,2005,거짓말,버즈,거짓말₩버즈,거짓말₩버즈,CwurF2L9p6A,youtube music,1.0,거짓말,
South Korea,KOR,KR,Melon Chart,2007,My Love,채연,my love₩채연,My Love₩채연,JcyLIdcYKis,youtube music,1.0,My Love,
South Korea,KOR,KR,Melon Chart,1986,크게 라디오를 켜고,시나위,크게 라디오를 켜고₩시나위,크게 라디오를 켜고₩YB,8WyfhUKLoD4,youtube music,0.8,크게 라디오를 켜고,
South Korea,KOR,KR,Melon Chart,1984,사랑은 연필로 쓰세요,전영록,사랑은 연필로 쓰세요₩전영록,사랑은 연필로 쓰세요₩전영록,vCHVriLxc4Y,youtube music,1.0,사랑은 연필로 쓰세요,
South Korea,KOR,KR,Melon Chart,1974,노래하는 곳에,윤항기,노래하는 곳에₩윤항기,노래하는 곳에₩윤항기,HhWRqShBZDA,youtube music,1.0,노래하는 곳에,
South Korea,KOR,KR,Melon Chart,1990,첫사랑,엄인호,첫사랑₩엄인호,첫사랑₩엄인호,O2pok1Ja_U4,youtube music,1.0,첫사랑,
South Korea,KOR,KR,Melon Chart,1973,서울의 모정,패티김,서울의 모정₩패티김,서울의 모정₩패티김,_5RzKOKBGfI,youtube music,1.0,서울의 모정,
South Korea,KOR,KR,Melon Chart,2003,나 어떡해,베이비 복스 1기,나 어떡해₩베이비 복스 1기,나 어떡해₩베이비 복스 1기,fPvM9DtG8Rc,youtube music,1.0,나 어떡해,
South Korea,KOR,KR,Melon Chart,2009,Stylish (The Fila),Bigbang,stylish (the fila)₩bigbang,Bigbang - Stylish (The FILA)₩bigbang8686,i6FJ7ENcvyM,youtube video,0.78,Bigbang - Stylish (The FILA),
South Korea,KOR,KR,Melon Chart,2005,Fly (Feat. Amin. J Of Soulciety),에픽 하이 (Epik High),fly (feat. amin. j of soulciety)₩에픽 하이 (epik high),Fly (feat. Amin. J of Soulciety)₩에픽하이 Epik High,sHqLlyBlmQI,youtube music,0.93,Fly (feat. Amin. J of Soulciety),
South Korea,KOR,KR,Melon Chart,2002,Valenti,보아 (Boa),valenti₩보아 (boa),VALENTI₩보아 (BoA),uoGn6D8C5vU,youtube music,1.0,VALENTI,
South Korea,KOR,KR,Melon Chart,1995,Money,넥스트,money₩넥스트,Money₩넥스트,5a6hMniV3iw,youtube music,1.0,Money,
South Korea,KOR,KR,Melon Chart,1984,풀잎이슬,정수라,풀잎이슬₩정수라,풀잎이슬₩정수라,hrv6lsYZ9CU,youtube music,1.0,풀잎이슬,
South Korea,KOR,KR,Melon Chart,1998,나나나,유승준,나나나₩유승준,나나나₩유승준,3mwQfqYWAJg,youtube music,1.0,나나나,
South Korea,KOR,KR,Melon Chart,1994,너이길 원했던 이유,쿨 (Cool),너이길 원했던 이유₩쿨 (cool),너이길 원했던 이유2₩쿨 (Cool),MpGkMHiC9Cw,youtube music,0.92,너이길 원했던 이유2,
South Korea,KOR,KR,Melon Chart,1966,울릉도 트위스트,이시스터즈,울릉도 트위스트₩이시스터즈,울릉도 트위스트₩이씨스터즈,KAxr3LBrLo4,youtube music,0.85,울릉도 트위스트,
South Korea,KOR,KR,Melon Chart,1996,콩깍지,015b,콩깍지₩015b,콩깍지₩015B,NgZDUh30D_M,youtube video,1.0,콩깍지,
South Korea,KOR,KR,Melon Chart,1989,사랑하고 싶어,소방차,사랑하고 싶어₩소방차,사랑하고 싶어₩소방차,N5C5hY0y7NY,youtube music,1.0,사랑하고 싶어,
South Korea,KOR,KR,Melon Chart,1985,환상의 섬,윤수일,환상의 섬₩윤수일,환상의 섬₩윤수일,MgnIxfKrhHU,youtube music,1.0,환상의 섬,
South Korea,KOR,KR,Melon Chart,1989,우리 앞의 생이 끝나갈 때,무한궤도,우리 앞의 생이 끝나갈 때₩무한궤도,우리 앞의 생이 끝나갈 때₩무한궤도,tQFbMlYoN2o,youtube music,1.0,우리 앞의 생이 끝나갈 때,
South Korea,KOR,KR,Melon Chart,1978,갈대,윤수일,갈대₩윤수일,갈대₩윤수일,RG5x11txGDI,youtube music,1.0,갈대,
South Korea,KOR,KR,Melon Chart,2007,사랑의 숲에서 길을 잃다 (Feat. 임창정),제드,사랑의 숲에서 길을 잃다 (feat. 임창정)₩제드,사랑의 숲에서 길을 잃다 ㅡ 제드(feat. 임창정)₩해바라기,PkhtM7kfuGM,youtube video,0.87,사랑의 숲에서 길을 잃다 ㅡ 제드(feat. 임창정),
South Korea,KOR,KR,Melon Chart,1997,Cat`S Eye,김지현,cat`s eye₩김지현,Cat`s Eye₩김지현,ox7GB3QHgsA,youtube music,1.0,Cat`s Eye,
South Korea,KOR,KR,Melon Chart,2008,Lady,Bigbang,lady₩bigbang,Lady₩BIGBANG,tXeMRr88Pmg,youtube music,1.0,Lady,
South Korea,KOR,KR,Melon Chart,1997,날개,언타이틀,날개₩언타이틀,날개₩언타이틀,r6hpbJh6JPo,youtube music,1.0,날개,
South Korea,KOR,KR,Melon Chart,1992,그대 나를 보면,이문세,그대 나를 보면₩이문세,그대 나를 보면₩이문세,Ms9aunXndho,youtube music,1.0,그대 나를 보면,
South Korea,KOR,KR,Melon Chart,1986,황홀한 고백,윤수일,황홀한 고백₩윤수일,황홀한 고백₩윤수일,jyrjEy-a_9s,youtube music,1.0,황홀한 고백,
South Korea,KOR,KR,Melon Chart,1991,첫사랑,신촌 블루스,첫사랑₩신촌 블루스,첫사랑₩신촌블루스,J936-S_PXX4,youtube music,0.82,첫사랑,
South Korea,KOR,KR,Melon Chart,2006,My Darling (End),버즈,my darling (end)₩버즈,My Darling (End)₩버즈,gJQNOXB2CP8,youtube music,1.0,My Darling (End),
South Korea,KOR,KR,Melon Chart,1979,마음약해서,들고양이들,마음약해서₩들고양이들,마음약해서₩들고양이들,ZEfSTUfv4vg,youtube music,1.0,마음약해서,
South Korea,KOR,KR,Melon Chart,1981,제2의 고향,윤수일,제2의 고향₩윤수일,제2의 고향₩윤수일,cIII84AGnN0,youtube music,1.0,제2의 고향,
South Korea,KOR,KR,Melon Chart,1964,황혼의 엘리지,최양숙,황혼의 엘리지₩최양숙,황혼의 엘레지₩최양숙,Dc7nfndrbuI,youtube music,0.8,황혼의 엘레지,
South Korea,KOR,KR,Melon Chart,1990,사랑으로,해바라기,사랑으로₩해바라기,사랑으로₩해바라기,mifC9_UbLgk,youtube music,1.0,사랑으로,
South Korea,KOR,KR,Melon Chart,1982,못찾겠다 꾀꼬리,조용필,못찾겠다 꾀꼬리₩조용필,못찾겠다 꾀꼬리₩조용필,QjeYiDdiQa4,youtube music,1.0,못찾겠다 꾀꼬리,
South Korea,KOR,KR,Melon Chart,1987,일곱송이 수선화,양희은,일곱송이 수선화₩양희은,일곱 송이 수선화₩양희은,lQwHPMhhLfg,youtube music,0.87,일곱 송이 수선화,
South Korea,KOR,KR,Melon Chart,1990,안녕 내사랑,박남정,안녕 내사랑₩박남정,안녕 내사랑₩박남정,nZGZd4-K6DY,youtube music,1.0,안녕 내사랑,
South Korea,KOR,KR,Melon Chart,1996,너의 얘기를,성진우,너의 얘기를₩성진우,너의 얘기를₩성진우,etTpeM7Ynow,youtube music,1.0,너의 얘기를,
South Korea,KOR,KR,Melon Chart,1988,시를 위한 시(詩),이문세,시를 위한 시(詩)₩이문세,시를 위한 시(詩)₩이문세,TCOhYh-SSF4,youtube music,1.0,시를 위한 시(詩),
South Korea,KOR,KR,Melon Chart,2002,내생에 봄날은...,캔,내생에 봄날은...₩캔,내생에 봄날은...₩캔 (Can),irh7eVsrylQ,youtube music,0.79,내생에 봄날은...,
South Korea,KOR,KR,Melon Chart,1999,It`S You,더더 (Thethe),it`s you₩더더 (thethe),It's You₩더더 (The The),q-RAIbOLYX4,youtube music,0.82,It's You,
South Korea,KOR,KR,Melon Chart,1977,네 꿈을 펼쳐라,양희은,네 꿈을 펼쳐라₩양희은,네 꿈을 펼쳐라₩양희은,uuxgGK8m-SQ,youtube music,1.0,네 꿈을 펼쳐라,
South Korea,KOR,KR,Melon Chart,1997,Good Bye Yesterday,터보,good bye yesterday₩터보,Good bye yesterday₩터보,AKGnkVNFLwg,youtube music,1.0,Good bye yesterday,
South Korea,KOR,KR,Melon Chart,2008,산소 같은 너 (Love Like Oxygen),샤이니 (Shinee),산소 같은 너 (love like oxygen)₩샤이니 (shinee),산소 같은 너 (Love Like Oxygen)₩SHINee,nMVIRxrii0I,youtube music,0.89,산소 같은 너 (Love Like Oxygen),
South Korea,KOR,KR,Melon Chart,2006,Love Me Love Me,이지혜,love me love me₩이지혜,LOVE ME LOVE ME₩WINNER,gio3KO_jP8A,youtube music,0.77,LOVE ME LOVE ME,
South Korea,KOR,KR,Melon Chart,1984,하얀 목련,양희은,하얀 목련₩양희은,하얀 목련₩양희은,IOKxn7XfGUY,youtube music,1.0,하얀 목련,
South Korea,KOR,KR,Melon Chart,1986,철없던 사랑,홍수철,철없던 사랑₩홍수철,철없던 사랑₩홍수철,H8dI3DrKM1k,youtube music,1.0,철없던 사랑,
South Korea,KOR,KR,Melon Chart,1988,모나리자,조용필,모나리자₩조용필,모나리자₩조용필,P7hPsumjiAg,youtube music,1.0,모나리자,
South Korea,KOR,KR,Melon Chart,1979,봄비,이은하,봄비₩이은하,봄비₩이은하,4JU-nfsg01o,youtube music,1.0,봄비,
South Korea,KOR,KR,Melon Chart,1975,빗속을 둘이서,양희은,빗속을 둘이서₩양희은,빗속을 둘이서₩양희은,oLvhVFv4db8,youtube music,1.0,빗속을 둘이서,
South Korea,KOR,KR,Melon Chart,1983,솔개,이태원,솔개₩이태원,솔개₩이태원,2jYiGrpmHdE,youtube music,1.0,솔개,
South Korea,KOR,KR,Melon Chart,2006,Paris (Feat. Jisun Of Loveholic),에픽 하이 (Epik High),paris (feat. jisun of loveholic)₩에픽 하이 (epik high),Paris (feat. Jisun of Loveholic)₩에픽하이 Epik High,XEsfzAgdzlM,youtube music,0.93,Paris (feat. Jisun of Loveholic),
South Korea,KOR,KR,Melon Chart,1984,건곤감리 청홍백,현숙,건곤감리 청홍백₩현숙,건곤감리 청홍백₩현숙,HgLI9KdGPF0,youtube music,1.0,건곤감리 청홍백,
South Korea,KOR,KR,Melon Chart,1985,미지의 세계,조용필,미지의 세계₩조용필,미지의 세계₩조용필,9frWop0g8pk,youtube music,1.0,미지의 세계,
South Korea,KOR,KR,Melon Chart,1989,하얀 바람,소방차,하얀 바람₩소방차,하얀바람₩소방차,C5_yJnyd_wM,youtube music,0.8,하얀바람,
South Korea,KOR,KR,Melon Chart,2003,Cowboy,클릭비 (Click-B),cowboy₩클릭비 (click-b),Cowboy₩클릭비(Click-B),-Fg1hljTZsw,youtube music,0.92,Cowboy,
South Korea,KOR,KR,Melon Chart,1996,선택,터보,선택₩터보,선택₩터보,fPGEjfrjN6I,youtube music,1.0,선택,
South Korea,KOR,KR,Melon Chart,2009,Pretty Boy,2ne1,pretty boy₩2ne1,Pretty Boy₩2NE1,_pNHw60X3Ak,youtube music,1.0,Pretty Boy,
South Korea,KOR,KR,Melon Chart,1974,내곁에 있어주,이수미,내곁에 있어주₩이수미,내곁에 있어주₩이수미,wFCpKwx_oZk,youtube music,1.0,내곁에 있어주,
South Korea,KOR,KR,Melon Chart,1997,행복,H.o.t.,행복₩h.o.t.,행복 (Full of happiness)₩H.O.T.,VBqu26E-K20,youtube music,0.44,행복 (Full of happiness),211.0
South Korea,KOR,KR,Melon Chart,2001,좋은 사람 (Feat. 김형중),토이,좋은 사람 (feat. 김형중)₩토이,좋은 사람 (feat. 김형중)₩Toy,jIbUJejAAyQ,youtube music,0.87,좋은 사람 (feat. 김형중),
South Korea,KOR,KR,Melon Chart,1972,언덕에 올라,투코리안스,언덕에 올라₩투코리안스,언덕에 올라₩투코리언즈,PLyVnfbdN6w,youtube music,0.82,언덕에 올라,
South Korea,KOR,KR,Melon Chart,1985,그대여,조용필,그대여₩조용필,그대여₩조용필,VHADCV6702w,youtube music,1.0,그대여,
South Korea,KOR,KR,Melon Chart,2000,Friday Night,God,friday night₩god,Friday Night₩god,jk-xnKX-skk,youtube music,1.0,Friday Night,
South Korea,KOR,KR,Melon Chart,2008,우산 (Feat. 윤하),에픽 하이 (Epik High),우산 (feat. 윤하)₩에픽 하이 (epik high),우산 (feat. 윤하)₩Epik High,Wbb7fWQjz4c,youtube music,0.81,우산 (feat. 윤하),
South Korea,KOR,KR,Melon Chart,1999,우리는 Y.g Family,Yg Family,우리는 y.g family₩yg family,우리는 YG Family₩YG FAMILY,32JA7A2y-x4,youtube music,0.93,우리는 YG Family,
South Korea,KOR,KR,Melon Chart,1973,행복의 나라,양희은,행복의 나라₩양희은,행복의 나라₩양희은,RTL9Urpyfsw,youtube music,1.0,행복의 나라,
South Korea,KOR,KR,Melon Chart,1990,그게 나였어,이문세,그게 나였어₩이문세,그게 나였어₩이문세,FR1qaL4eUtQ,youtube music,1.0,그게 나였어,
South Korea,KOR,KR,Melon Chart,1986,눈물의 의미,정수라,눈물의 의미₩정수라,눈물의 의미₩정수라,o9afzka75Ko,youtube music,1.0,눈물의 의미,
South Korea,KOR,KR,Melon Chart,1964,마도로스 부기,백야성,마도로스 부기₩백야성,마도로스 부기₩백야성,akuLbn2Q3AM,youtube music,1.0,마도로스 부기,
South Korea,KOR,KR,Melon Chart,2002,Now,은지원,now₩은지원,Now₩은지원,SrqaQmP7UFk,youtube music,1.0,Now,
South Korea,KOR,KR,Melon Chart,2005,사랑스러워,김종국,사랑스러워₩김종국,사랑스러워₩김종국,aBCT3B6FGaY,youtube music,1.0,사랑스러워,
South Korea,KOR,KR,Melon Chart,2004,The Way U Are,동방신기,the way u are₩동방신기,The Way U Are₩동방신기(TVXQ!),BIx31az51xo,youtube music,0.83,The Way U Are,
South Korea,KOR,KR,Melon Chart,2009,Hot Issue,4minute,hot issue₩4minute,Hot Issue₩4minute,B8p-zOux9s8,youtube music,1.0,Hot Issue,
South Korea,KOR,KR,Melon Chart,1980,고목,윤시내,고목₩윤시내,고목₩윤시내,Uw-OEkGx0NM,youtube music,1.0,고목,
South Korea,KOR,KR,Melon Chart,1988,안녕,산울림,안녕₩산울림,안녕₩산울림,429tvJc4MgU,youtube music,1.0,안녕,
South Korea,KOR,KR,Melon Chart,1984,아름다워,윤수일밴드,아름다워₩윤수일밴드,아름다워₩윤수일,tZ6aOTdLvUw,youtube music,0.88,아름다워,
South Korea,KOR,KR,Melon Chart,1980,단발머리,조용필,단발머리₩조용필,단발머리₩조용필,5KZnZsRIf-A,youtube music,1.0,단발머리,
South Korea,KOR,KR,Melon Chart,1978,밤차,이은하,밤차₩이은하,밤차₩이은하,rWc9l2mtM7o,youtube music,1.0,밤차,
South Korea,KOR,KR,Melon Chart,1987,해 저문 길에서,시나위,해 저문 길에서₩시나위,해저문 길에서₩시나위,kW0zkchNdjg,youtube music,0.86,해저문 길에서,
South Korea,KOR,KR,Melon Chart,1992,흐린 기억속의 그대,현진영,흐린 기억속의 그대₩현진영,흐린 기억속의 그대₩거미,3fRn33Qw-9g,youtube music,0.8,흐린 기억속의 그대,
South Korea,KOR,KR,Melon Chart,1974,개구리 노총각,논두렁 밭두렁,개구리 노총각₩논두렁 밭두렁,개구리 노총각₩논두렁 밭두렁,dUG6XUOYQaM,youtube music,1.0,개구리 노총각,
South Korea,KOR,KR,Melon Chart,1996,Twist King,터보,twist king₩터보,Twist king₩터보,ZAIgqJee6Kc,youtube music,1.0,Twist king,
South Korea,KOR,KR,Melon Chart,1994,예행연습,좌회전,예행연습₩좌회전,예행연습₩좌회전,jlQ_9FWs4OA,youtube music,1.0,예행연습,
South Korea,KOR,KR,Melon Chart,1988,통화중,소방차,통화중₩소방차,통화중₩소방차,Y-fu5bs6ba4,youtube music,1.0,통화중,
South Korea,KOR,KR,Melon Chart,1967,빛과 그림자,최희준,빛과 그림자₩최희준,빛과 그림자₩최희준,tvSVZjVr2RY,youtube music,1.0,빛과 그림자,
South Korea,KOR,KR,Melon Chart,2005,약속(Narration 강경헌),God,약속(narration 강경헌)₩god,약속(Narration 강경헌)₩god,ndLLSJAu_sw,youtube music,1.0,약속(Narration 강경헌),
South Korea,KOR,KR,Melon Chart,1967,먼데서 왔우다예,이상열,먼데서 왔우다예₩이상열,먼데서 왔우다예₩이상열,bvqYLfmuBtQ,youtube music,1.0,먼데서 왔우다예,
South Korea,KOR,KR,Melon Chart,2009,Wonderful,Bigbang,wonderful₩bigbang,Wonderful₩BIGBANG,0AeO9WUWbcA,youtube music,1.0,Wonderful,
South Korea,KOR,KR,Melon Chart,2009,Pretty Girl,카라,pretty girl₩카라,Pretty Girl₩카라,4wCrfeHUJfo,youtube music,1.0,Pretty Girl,
South Korea,KOR,KR,Melon Chart,1997,Summer Time,포지션,summer time₩포지션,Summer time₩포지션,VTeKovMzLNk,youtube music,1.0,Summer time,
South Korea,KOR,KR,Melon Chart,1978,사랑만은 않겠어요,윤수일,사랑만은 않겠어요₩윤수일,사랑만은 않겠어요₩윤수일,d6P_RFK4HsM,youtube music,1.0,사랑만은 않겠어요,
South Korea,KOR,KR,Melon Chart,1965,인정사정 볼것없다,진송남,인정사정 볼것없다₩진송남,인정사정 볼것없다₩노성,OpTVfAsNssk,youtube music,0.78,인정사정 볼것없다,
South Korea,KOR,KR,Melon Chart,1988,불의 나라,사랑과 평화,불의 나라₩사랑과 평화,불의 나라₩사랑과 평화,nEjoEpxSSLE,youtube music,1.0,불의 나라,
South Korea,KOR,KR,Melon Chart,2007,Dirty Cash,Bigbang,dirty cash₩bigbang,Dirty Cash₩BIGBANG,9ZsecgM-PDg,youtube music,1.0,Dirty Cash,
South Korea,KOR,KR,Melon Chart,2005,일년이면,휘성 (Realslow),일년이면₩휘성 (realslow),일년이면₩휘성(Realslow),i_ttb9FY7IM,youtube video,0.91,일년이면,
South Korea,KOR,KR,Melon Chart,1995,Show Your Smile (핑계),김건모,show your smile (핑계)₩김건모,Show Your Smile₩김건모,VmpAhOuLNlE,youtube music,0.88,Show Your Smile,
South Korea,KOR,KR,Melon Chart,2002,안녕이란 말 대신,비,안녕이란 말 대신₩비,안녕이란 말 대신₩Rain,neTb1mB_7j4,youtube music,0.78,안녕이란 말 대신,
South Korea,KOR,KR,Melon Chart,2002,떠나가라,Q.o.q,떠나가라₩q.o.q,떠나가라₩Q.O.Q,O3ejmXqNOUo,youtube music,1.0,떠나가라,
South Korea,KOR,KR,Melon Chart,2004,Let Me Dance,렉시,let me dance₩렉시,Let Me Dance2₩렉시,bJWFhvvT0aw,youtube music,0.9,Let Me Dance2,
South Korea,KOR,KR,Melon Chart,1972,나의 노래,문정선,나의 노래₩문정선,나의 노래₩문정선,qHLodD1LCpk,youtube music,1.0,나의 노래,
South Korea,KOR,KR,Melon Chart,2001,사미인곡,서문탁,사미인곡₩서문탁,사미인곡₩서문탁,Uaau3JFC0HU,youtube music,1.0,사미인곡,
South Korea,KOR,KR,Melon Chart,1974,작은 배,양희은,작은 배₩양희은,작은 배₩양희은,ePcetni_2Pc,youtube music,1.0,작은 배,
South Korea,KOR,KR,Melon Chart,1997,Bus 안에서,자자,bus 안에서₩자자,Bus 안에서₩자자,ElQOGND2EKw,youtube music,1.0,Bus 안에서,
South Korea,KOR,KR,Melon Chart,1999,여름안에서,듀스,여름안에서₩듀스,여름안에서₩듀스,r94LgkOj3DI,youtube music,1.0,여름안에서,
South Korea,KOR,KR,Melon Chart,1974,내 님의 사랑은,양희은,내 님의 사랑은₩양희은,내 님의 사랑은₩양희은,pwZjEqoz67Y,youtube music,1.0,내 님의 사랑은,
South Korea,KOR,KR,Melon Chart,1999,부메랑,김건모,부메랑₩김건모,부메랑₩김건모,NmNuXoFJ3I8,youtube music,1.0,부메랑,
South Korea,KOR,KR,Melon Chart,2008,One (Feat. 지선),에픽 하이 (Epik High),one (feat. 지선)₩에픽 하이 (epik high),One (feat. 지선)₩Epik High,OKsqczjP5-8,youtube music,0.81,One (feat. 지선),
South Korea,KOR,KR,Melon Chart,1996,책임져,언타이틀,책임져₩언타이틀,책임져₩언타이틀,eUxjoZFda9A,youtube music,1.0,책임져,
South Korea,KOR,KR,Melon Chart,1972,이루어질 수 없는 사랑,양희은,이루어질 수 없는 사랑₩양희은,이루어질 수 없는 사랑₩양희은,TS6MRhfTy94,youtube music,1.0,이루어질 수 없는 사랑,
South Korea,KOR,KR,Melon Chart,1964,소쩍새 우는 마을,박재란,소쩍새 우는 마을₩박재란,소쩍새 우는 마을₩박재란,kp6iFmm2VTc,youtube music,1.0,소쩍새 우는 마을,
South Korea,KOR,KR,Melon Chart,1986,어둠속에서,백두산,어둠속에서₩백두산,어둠속에서₩백두산,ELBIEbmRyE0,youtube music,1.0,어둠속에서,
